filename,tree1,tree2,time,nbleaves,nbedges,nbinternalnodes1,nbinternalnodes2,algo
trees_1000.newick,0,1,11106,1001,48775,999,999,fast
trees_1000.newick,0,2,11114,1001,49221,999,999,fast
trees_1000.newick,0,3,11067,1001,49496,999,999,fast
trees_1000.newick,0,4,10842,1001,48762,999,999,fast
trees_1000.newick,0,5,11164,1001,49462,999,999,fast
trees_1000.newick,0,6,11020,1001,49356,999,999,fast
trees_1000.newick,0,7,11093,1001,49515,999,999,fast
trees_1000.newick,0,8,11058,1001,49316,999,999,fast
trees_1000.newick,0,9,11192,1001,49520,999,999,fast
trees_1000.newick,0,10,10983,1001,49155,999,999,fast
trees_1000.newick,0,11,11280,1001,49512,999,999,fast
trees_1000.newick,0,12,11080,1001,49197,999,999,fast
trees_1000.newick,0,13,11103,1001,49320,999,999,fast
trees_1000.newick,0,14,11136,1001,49407,999,999,fast
trees_1000.newick,0,15,11131,1001,49177,999,999,fast
trees_1000.newick,0,16,11563,1001,49236,999,999,fast
trees_1000.newick,0,17,11361,1001,49434,999,999,fast
trees_1000.newick,0,18,11713,1001,49423,999,999,fast
trees_1000.newick,0,19,11250,1001,49260,999,999,fast
trees_1000.newick,0,20,11918,1001,48759,999,999,fast
trees_1000.newick,0,21,11245,1001,49144,999,999,fast
trees_1000.newick,0,22,12050,1001,49460,999,999,fast
trees_1000.newick,0,23,11798,1001,49345,999,999,fast
trees_1000.newick,0,24,11479,1001,49311,999,999,fast
trees_1000.newick,0,25,11319,1001,49550,999,999,fast
trees_1000.newick,0,26,11157,1001,49368,999,999,fast
trees_1000.newick,0,27,11277,1001,49136,999,999,fast
trees_1000.newick,0,28,11198,1001,48990,999,999,fast
trees_1000.newick,0,29,11592,1001,49368,999,999,fast
trees_1000.newick,0,30,11172,1001,49782,999,999,fast
trees_1000.newick,0,31,11052,1001,49465,999,999,fast
trees_1000.newick,0,32,11230,1001,49702,999,999,fast
trees_1000.newick,0,33,11167,1001,49115,999,999,fast
trees_1000.newick,0,34,11078,1001,49279,999,999,fast
trees_1000.newick,0,35,10891,1001,49079,999,999,fast
trees_1000.newick,0,36,11089,1001,49677,999,999,fast
trees_1000.newick,0,37,10954,1001,48851,999,999,fast
trees_1000.newick,0,38,11049,1001,49086,999,999,fast
trees_1000.newick,0,39,10968,1001,49227,999,999,fast
trees_1000.newick,0,40,11164,1001,49623,999,999,fast
trees_1000.newick,0,41,11106,1001,49382,999,999,fast
trees_1000.newick,0,42,11095,1001,49244,999,999,fast
trees_1000.newick,0,43,11240,1001,49439,999,999,fast
trees_1000.newick,0,44,10994,1001,48822,999,999,fast
trees_1000.newick,0,45,11039,1001,49355,999,999,fast
trees_1000.newick,0,46,11145,1001,49443,999,999,fast
trees_1000.newick,0,47,11148,1001,48936,999,999,fast
trees_1000.newick,0,48,11124,1001,49365,999,999,fast
trees_1000.newick,0,49,10994,1001,49359,999,999,fast
trees_1000.newick,1,2,11095,1001,49088,999,999,fast
trees_1000.newick,1,3,11005,1001,48808,999,999,fast
trees_1000.newick,1,4,11126,1001,49063,999,999,fast
trees_1000.newick,1,5,11205,1001,48892,999,999,fast
trees_1000.newick,1,6,11152,1001,49204,999,999,fast
trees_1000.newick,1,7,11406,1001,49071,999,999,fast
trees_1000.newick,1,8,11063,1001,49142,999,999,fast
trees_1000.newick,1,9,10857,1001,48733,999,999,fast
trees_1000.newick,1,10,11005,1001,48833,999,999,fast
trees_1000.newick,1,11,11146,1001,49152,999,999,fast
trees_1000.newick,1,12,10937,1001,48750,999,999,fast
trees_1000.newick,1,13,11059,1001,48974,999,999,fast
trees_1000.newick,1,14,10917,1001,48888,999,999,fast
trees_1000.newick,1,15,10976,1001,48883,999,999,fast
trees_1000.newick,1,16,10990,1001,49488,999,999,fast
trees_1000.newick,1,17,10945,1001,48841,999,999,fast
trees_1000.newick,1,18,11116,1001,48946,999,999,fast
trees_1000.newick,1,19,11082,1001,49053,999,999,fast
trees_1000.newick,1,20,11015,1001,49003,999,999,fast
trees_1000.newick,1,21,11041,1001,48735,999,999,fast
trees_1000.newick,1,22,10991,1001,49178,999,999,fast
trees_1000.newick,1,23,11017,1001,49071,999,999,fast
trees_1000.newick,1,24,10987,1001,48755,999,999,fast
trees_1000.newick,1,25,10947,1001,49035,999,999,fast
trees_1000.newick,1,26,11056,1001,48810,999,999,fast
trees_1000.newick,1,27,10843,1001,48892,999,999,fast
trees_1000.newick,1,28,10922,1001,48902,999,999,fast
trees_1000.newick,1,29,11769,1001,48536,999,999,fast
trees_1000.newick,1,30,11096,1001,49145,999,999,fast
trees_1000.newick,1,31,11008,1001,49048,999,999,fast
trees_1000.newick,1,32,11167,1001,49251,999,999,fast
trees_1000.newick,1,33,11154,1001,49037,999,999,fast
trees_1000.newick,1,34,11013,1001,49303,999,999,fast
trees_1000.newick,1,35,10862,1001,48907,999,999,fast
trees_1000.newick,1,36,11063,1001,49641,999,999,fast
trees_1000.newick,1,37,10933,1001,48278,999,999,fast
trees_1000.newick,1,38,11040,1001,49040,999,999,fast
trees_1000.newick,1,39,10908,1001,48822,999,999,fast
trees_1000.newick,1,40,11089,1001,48876,999,999,fast
trees_1000.newick,1,41,10999,1001,48965,999,999,fast
trees_1000.newick,1,42,11051,1001,49087,999,999,fast
trees_1000.newick,1,43,11110,1001,48895,999,999,fast
trees_1000.newick,1,44,11288,1001,48613,999,999,fast
trees_1000.newick,1,45,11528,1001,48661,999,999,fast
trees_1000.newick,1,46,11099,1001,48686,999,999,fast
trees_1000.newick,1,47,10859,1001,48937,999,999,fast
trees_1000.newick,1,48,11189,1001,48889,999,999,fast
trees_1000.newick,1,49,10919,1001,48762,999,999,fast
trees_1000.newick,2,3,11097,1001,49278,999,999,fast
trees_1000.newick,2,4,10951,1001,49208,999,999,fast
trees_1000.newick,2,5,11062,1001,49432,999,999,fast
trees_1000.newick,2,6,10931,1001,49285,999,999,fast
trees_1000.newick,2,7,11101,1001,49151,999,999,fast
trees_1000.newick,2,8,11023,1001,49437,999,999,fast
trees_1000.newick,2,9,11315,1001,49345,999,999,fast
trees_1000.newick,2,10,11059,1001,49545,999,999,fast
trees_1000.newick,2,11,11144,1001,49850,999,999,fast
trees_1000.newick,2,12,11060,1001,49548,999,999,fast
trees_1000.newick,2,13,11080,1001,49469,999,999,fast
trees_1000.newick,2,14,10979,1001,49365,999,999,fast
trees_1000.newick,2,15,11048,1001,49519,999,999,fast
trees_1000.newick,2,16,11123,1001,49493,999,999,fast
trees_1000.newick,2,17,11013,1001,49354,999,999,fast
trees_1000.newick,2,18,11081,1001,49561,999,999,fast
trees_1000.newick,2,19,11099,1001,49317,999,999,fast
trees_1000.newick,2,20,11041,1001,49473,999,999,fast
trees_1000.newick,2,21,11052,1001,49173,999,999,fast
trees_1000.newick,2,22,11035,1001,49289,999,999,fast
trees_1000.newick,2,23,11104,1001,49866,999,999,fast
trees_1000.newick,2,24,11055,1001,49638,999,999,fast
trees_1000.newick,2,25,11576,1001,49567,999,999,fast
trees_1000.newick,2,26,11667,1001,49450,999,999,fast
trees_1000.newick,2,27,11281,1001,49268,999,999,fast
trees_1000.newick,2,28,11197,1001,49266,999,999,fast
trees_1000.newick,2,29,10912,1001,49678,999,999,fast
trees_1000.newick,2,30,10899,1001,49492,999,999,fast
trees_1000.newick,2,31,11622,1001,49616,999,999,fast
trees_1000.newick,2,32,11330,1001,49988,999,999,fast
trees_1000.newick,2,33,11124,1001,49490,999,999,fast
trees_1000.newick,2,34,10990,1001,49336,999,999,fast
trees_1000.newick,2,35,11524,1001,49156,999,999,fast
trees_1000.newick,2,36,11123,1001,49153,999,999,fast
trees_1000.newick,2,37,11188,1001,49200,999,999,fast
trees_1000.newick,2,38,11085,1001,49280,999,999,fast
trees_1000.newick,2,39,10944,1001,49437,999,999,fast
trees_1000.newick,2,40,11091,1001,49162,999,999,fast
trees_1000.newick,2,41,11649,1001,49594,999,999,fast
trees_1000.newick,2,42,12013,1001,49941,999,999,fast
trees_1000.newick,2,43,12391,1001,49698,999,999,fast
trees_1000.newick,2,44,11296,1001,49600,999,999,fast
trees_1000.newick,2,45,11155,1001,49188,999,999,fast
trees_1000.newick,2,46,11171,1001,49590,999,999,fast
trees_1000.newick,2,47,10980,1001,49185,999,999,fast
trees_1000.newick,2,48,11023,1001,49343,999,999,fast
trees_1000.newick,2,49,11072,1001,49382,999,999,fast
trees_1000.newick,3,4,11030,1001,49333,999,999,fast
trees_1000.newick,3,5,10993,1001,49363,999,999,fast
trees_1000.newick,3,6,11037,1001,49677,999,999,fast
trees_1000.newick,3,7,11167,1001,49526,999,999,fast
trees_1000.newick,3,8,11015,1001,49199,999,999,fast
trees_1000.newick,3,9,10937,1001,48859,999,999,fast
trees_1000.newick,3,10,11051,1001,49366,999,999,fast
trees_1000.newick,3,11,11102,1001,49081,999,999,fast
trees_1000.newick,3,12,11039,1001,49500,999,999,fast
trees_1000.newick,3,13,11184,1001,49966,999,999,fast
trees_1000.newick,3,14,11024,1001,49267,999,999,fast
trees_1000.newick,3,15,11028,1001,49364,999,999,fast
trees_1000.newick,3,16,10988,1001,48886,999,999,fast
trees_1000.newick,3,17,11090,1001,49159,999,999,fast
trees_1000.newick,3,18,11056,1001,49534,999,999,fast
trees_1000.newick,3,19,11061,1001,49311,999,999,fast
trees_1000.newick,3,20,11046,1001,49017,999,999,fast
trees_1000.newick,3,21,11139,1001,49537,999,999,fast
trees_1000.newick,3,22,11123,1001,49568,999,999,fast
trees_1000.newick,3,23,11133,1001,49163,999,999,fast
trees_1000.newick,3,24,11021,1001,48851,999,999,fast
trees_1000.newick,3,25,10984,1001,49072,999,999,fast
trees_1000.newick,3,26,11117,1001,49466,999,999,fast
trees_1000.newick,3,27,11030,1001,49604,999,999,fast
trees_1000.newick,3,28,10984,1001,48941,999,999,fast
trees_1000.newick,3,29,11108,1001,49483,999,999,fast
trees_1000.newick,3,30,11054,1001,49322,999,999,fast
trees_1000.newick,3,31,11091,1001,49447,999,999,fast
trees_1000.newick,3,32,11164,1001,49539,999,999,fast
trees_1000.newick,3,33,11015,1001,49267,999,999,fast
trees_1000.newick,3,34,10959,1001,49449,999,999,fast
trees_1000.newick,3,35,10876,1001,49479,999,999,fast
trees_1000.newick,3,36,11103,1001,49610,999,999,fast
trees_1000.newick,3,37,10969,1001,49192,999,999,fast
trees_1000.newick,3,38,11093,1001,49538,999,999,fast
trees_1000.newick,3,39,10880,1001,48785,999,999,fast
trees_1000.newick,3,40,11064,1001,49357,999,999,fast
trees_1000.newick,3,41,10877,1001,49131,999,999,fast
trees_1000.newick,3,42,11171,1001,49829,999,999,fast
trees_1000.newick,3,43,11207,1001,49346,999,999,fast
trees_1000.newick,3,44,11155,1001,49551,999,999,fast
trees_1000.newick,3,45,10935,1001,48937,999,999,fast
trees_1000.newick,3,46,11323,1001,49173,999,999,fast
trees_1000.newick,3,47,11308,1001,49132,999,999,fast
trees_1000.newick,3,48,11152,1001,49475,999,999,fast
trees_1000.newick,3,49,11112,1001,49336,999,999,fast
trees_1000.newick,4,5,11026,1001,49228,999,999,fast
trees_1000.newick,4,6,10923,1001,49206,999,999,fast
trees_1000.newick,4,7,11012,1001,49487,999,999,fast
trees_1000.newick,4,8,10871,1001,49122,999,999,fast
trees_1000.newick,4,9,10902,1001,49081,999,999,fast
trees_1000.newick,4,10,11266,1001,49266,999,999,fast
trees_1000.newick,4,11,11024,1001,49334,999,999,fast
trees_1000.newick,4,12,10960,1001,48932,999,999,fast
trees_1000.newick,4,13,11019,1001,49012,999,999,fast
trees_1000.newick,4,14,10975,1001,49756,999,999,fast
trees_1000.newick,4,15,10953,1001,49252,999,999,fast
trees_1000.newick,4,16,11009,1001,49242,999,999,fast
trees_1000.newick,4,17,10996,1001,49366,999,999,fast
trees_1000.newick,4,18,11014,1001,49143,999,999,fast
trees_1000.newick,4,19,10992,1001,49114,999,999,fast
trees_1000.newick,4,20,11009,1001,48935,999,999,fast
trees_1000.newick,4,21,11064,1001,49314,999,999,fast
trees_1000.newick,4,22,11053,1001,49590,999,999,fast
trees_1000.newick,4,23,11042,1001,49262,999,999,fast
trees_1000.newick,4,24,11049,1001,49016,999,999,fast
trees_1000.newick,4,25,10985,1001,49161,999,999,fast
trees_1000.newick,4,26,11293,1001,49654,999,999,fast
trees_1000.newick,4,27,11609,1001,48790,999,999,fast
trees_1000.newick,4,28,11500,1001,48976,999,999,fast
trees_1000.newick,4,29,11084,1001,49380,999,999,fast
trees_1000.newick,4,30,11084,1001,49240,999,999,fast
trees_1000.newick,4,31,11151,1001,49440,999,999,fast
trees_1000.newick,4,32,11221,1001,49753,999,999,fast
trees_1000.newick,4,33,11074,1001,49238,999,999,fast
trees_1000.newick,4,34,11034,1001,49507,999,999,fast
trees_1000.newick,4,35,10857,1001,48952,999,999,fast
trees_1000.newick,4,36,10947,1001,48997,999,999,fast
trees_1000.newick,4,37,11022,1001,48936,999,999,fast
trees_1000.newick,4,38,10886,1001,49270,999,999,fast
trees_1000.newick,4,39,10861,1001,49448,999,999,fast
trees_1000.newick,4,40,10924,1001,49220,999,999,fast
trees_1000.newick,4,41,11146,1001,49484,999,999,fast
trees_1000.newick,4,42,11030,1001,49416,999,999,fast
trees_1000.newick,4,43,11098,1001,49298,999,999,fast
trees_1000.newick,4,44,10982,1001,49326,999,999,fast
trees_1000.newick,4,45,10941,1001,48882,999,999,fast
trees_1000.newick,4,46,11059,1001,49374,999,999,fast
trees_1000.newick,4,47,10890,1001,48984,999,999,fast
trees_1000.newick,4,48,11126,1001,48770,999,999,fast
trees_1000.newick,4,49,11021,1001,49508,999,999,fast
trees_1000.newick,5,6,10988,1001,49947,999,999,fast
trees_1000.newick,5,7,11139,1001,49529,999,999,fast
trees_1000.newick,5,8,10961,1001,49291,999,999,fast
trees_1000.newick,5,9,10954,1001,49435,999,999,fast
trees_1000.newick,5,10,11002,1001,49511,999,999,fast
trees_1000.newick,5,11,11081,1001,49252,999,999,fast
trees_1000.newick,5,12,10941,1001,49138,999,999,fast
trees_1000.newick,5,13,11043,1001,49206,999,999,fast
trees_1000.newick,5,14,10954,1001,49347,999,999,fast
trees_1000.newick,5,15,11044,1001,49742,999,999,fast
trees_1000.newick,5,16,10975,1001,49386,999,999,fast
trees_1000.newick,5,17,11162,1001,49177,999,999,fast
trees_1000.newick,5,18,11256,1001,49791,999,999,fast
trees_1000.newick,5,19,11023,1001,49360,999,999,fast
trees_1000.newick,5,20,11108,1001,49448,999,999,fast
trees_1000.newick,5,21,11090,1001,49668,999,999,fast
trees_1000.newick,5,22,11067,1001,49618,999,999,fast
trees_1000.newick,5,23,11051,1001,49404,999,999,fast
trees_1000.newick,5,24,11209,1001,49451,999,999,fast
trees_1000.newick,5,25,11095,1001,49809,999,999,fast
trees_1000.newick,5,26,11095,1001,49472,999,999,fast
trees_1000.newick,5,27,12305,1001,49586,999,999,fast
trees_1000.newick,5,28,11038,1001,49322,999,999,fast
trees_1000.newick,5,29,11124,1001,49835,999,999,fast
trees_1000.newick,5,30,11986,1001,49301,999,999,fast
trees_1000.newick,5,31,11580,1001,49500,999,999,fast
trees_1000.newick,5,32,11677,1001,49358,999,999,fast
trees_1000.newick,5,33,12245,1001,49302,999,999,fast
trees_1000.newick,5,34,11360,1001,49635,999,999,fast
trees_1000.newick,5,35,11309,1001,49105,999,999,fast
trees_1000.newick,5,36,11087,1001,49640,999,999,fast
trees_1000.newick,5,37,10931,1001,48747,999,999,fast
trees_1000.newick,5,38,11043,1001,49019,999,999,fast
trees_1000.newick,5,39,10887,1001,49281,999,999,fast
trees_1000.newick,5,40,11039,1001,49157,999,999,fast
trees_1000.newick,5,41,10965,1001,49624,999,999,fast
trees_1000.newick,5,42,11133,1001,49758,999,999,fast
trees_1000.newick,5,43,10997,1001,49321,999,999,fast
trees_1000.newick,5,44,10817,1001,49068,999,999,fast
trees_1000.newick,5,45,10871,1001,49393,999,999,fast
trees_1000.newick,5,46,11594,1001,49630,999,999,fast
trees_1000.newick,5,47,11158,1001,49374,999,999,fast
trees_1000.newick,5,48,11053,1001,49210,999,999,fast
trees_1000.newick,5,49,11085,1001,49381,999,999,fast
trees_1000.newick,6,7,11029,1001,49277,999,999,fast
trees_1000.newick,6,8,10963,1001,49475,999,999,fast
trees_1000.newick,6,9,10971,1001,49209,999,999,fast
trees_1000.newick,6,10,11004,1001,49578,999,999,fast
trees_1000.newick,6,11,11193,1001,49255,999,999,fast
trees_1000.newick,6,12,10975,1001,49348,999,999,fast
trees_1000.newick,6,13,11046,1001,49500,999,999,fast
trees_1000.newick,6,14,11064,1001,49938,999,999,fast
trees_1000.newick,6,15,10964,1001,48903,999,999,fast
trees_1000.newick,6,16,11105,1001,49458,999,999,fast
trees_1000.newick,6,17,11038,1001,49131,999,999,fast
trees_1000.newick,6,18,11627,1001,49457,999,999,fast
trees_1000.newick,6,19,11554,1001,49361,999,999,fast
trees_1000.newick,6,20,11328,1001,49306,999,999,fast
trees_1000.newick,6,21,11437,1001,49871,999,999,fast
trees_1000.newick,6,22,11315,1001,49621,999,999,fast
trees_1000.newick,6,23,11286,1001,49282,999,999,fast
trees_1000.newick,6,24,13768,1001,49143,999,999,fast
trees_1000.newick,6,25,11458,1001,49154,999,999,fast
trees_1000.newick,6,26,11649,1001,49399,999,999,fast
trees_1000.newick,6,27,11332,1001,49523,999,999,fast
trees_1000.newick,6,28,11300,1001,49084,999,999,fast
trees_1000.newick,6,29,11377,1001,49741,999,999,fast
trees_1000.newick,6,30,11834,1001,49575,999,999,fast
trees_1000.newick,6,31,11516,1001,49605,999,999,fast
trees_1000.newick,6,32,11289,1001,49763,999,999,fast
trees_1000.newick,6,33,11046,1001,48835,999,999,fast
trees_1000.newick,6,34,11069,1001,49632,999,999,fast
trees_1000.newick,6,35,10873,1001,48840,999,999,fast
trees_1000.newick,6,36,11127,1001,50120,999,999,fast
trees_1000.newick,6,37,10976,1001,49100,999,999,fast
trees_1000.newick,6,38,11112,1001,49419,999,999,fast
trees_1000.newick,6,39,10963,1001,49126,999,999,fast
trees_1000.newick,6,40,11140,1001,49843,999,999,fast
trees_1000.newick,6,41,10906,1001,49370,999,999,fast
trees_1000.newick,6,42,11142,1001,49987,999,999,fast
trees_1000.newick,6,43,11155,1001,49270,999,999,fast
trees_1000.newick,6,44,11094,1001,49783,999,999,fast
trees_1000.newick,6,45,11004,1001,49144,999,999,fast
trees_1000.newick,6,46,11059,1001,49440,999,999,fast
trees_1000.newick,6,47,10976,1001,49322,999,999,fast
trees_1000.newick,6,48,11278,1001,49263,999,999,fast
trees_1000.newick,6,49,11038,1001,49819,999,999,fast
trees_1000.newick,7,8,10849,1001,49508,999,999,fast
trees_1000.newick,7,9,10863,1001,49544,999,999,fast
trees_1000.newick,7,10,11109,1001,49639,999,999,fast
trees_1000.newick,7,11,11229,1001,49294,999,999,fast
trees_1000.newick,7,12,11003,1001,49044,999,999,fast
trees_1000.newick,7,13,11057,1001,49310,999,999,fast
trees_1000.newick,7,14,11000,1001,49586,999,999,fast
trees_1000.newick,7,15,11113,1001,49983,999,999,fast
trees_1000.newick,7,16,11014,1001,49295,999,999,fast
trees_1000.newick,7,17,10969,1001,49211,999,999,fast
trees_1000.newick,7,18,11101,1001,49528,999,999,fast
trees_1000.newick,7,19,11065,1001,49268,999,999,fast
trees_1000.newick,7,20,11092,1001,49400,999,999,fast
trees_1000.newick,7,21,11134,1001,49226,999,999,fast
trees_1000.newick,7,22,11018,1001,49299,999,999,fast
trees_1000.newick,7,23,11099,1001,49398,999,999,fast
trees_1000.newick,7,24,11089,1001,49501,999,999,fast
trees_1000.newick,7,25,10969,1001,49418,999,999,fast
trees_1000.newick,7,26,11099,1001,49661,999,999,fast
trees_1000.newick,7,27,11094,1001,49576,999,999,fast
trees_1000.newick,7,28,10983,1001,49399,999,999,fast
trees_1000.newick,7,29,11271,1001,49693,999,999,fast
trees_1000.newick,7,30,11096,1001,49337,999,999,fast
trees_1000.newick,7,31,11129,1001,49789,999,999,fast
trees_1000.newick,7,32,11308,1001,49792,999,999,fast
trees_1000.newick,7,33,11262,1001,49220,999,999,fast
trees_1000.newick,7,34,11083,1001,49394,999,999,fast
trees_1000.newick,7,35,10916,1001,49078,999,999,fast
trees_1000.newick,7,36,11120,1001,49829,999,999,fast
trees_1000.newick,7,37,10983,1001,49267,999,999,fast
trees_1000.newick,7,38,11122,1001,49324,999,999,fast
trees_1000.newick,7,39,11012,1001,49868,999,999,fast
trees_1000.newick,7,40,11436,1001,49340,999,999,fast
trees_1000.newick,7,41,10995,1001,49754,999,999,fast
trees_1000.newick,7,42,11125,1001,49738,999,999,fast
trees_1000.newick,7,43,11222,1001,49671,999,999,fast
trees_1000.newick,7,44,11033,1001,49438,999,999,fast
trees_1000.newick,7,45,11051,1001,49423,999,999,fast
trees_1000.newick,7,46,11391,1001,49530,999,999,fast
trees_1000.newick,7,47,11034,1001,49636,999,999,fast
trees_1000.newick,7,48,11107,1001,49825,999,999,fast
trees_1000.newick,7,49,11049,1001,49283,999,999,fast
trees_1000.newick,8,9,11016,1001,49572,999,999,fast
trees_1000.newick,8,10,11020,1001,49655,999,999,fast
trees_1000.newick,8,11,11089,1001,49520,999,999,fast
trees_1000.newick,8,12,10997,1001,48991,999,999,fast
trees_1000.newick,8,13,11104,1001,49660,999,999,fast
trees_1000.newick,8,14,10960,1001,49819,999,999,fast
trees_1000.newick,8,15,10957,1001,49352,999,999,fast
trees_1000.newick,8,16,11038,1001,49450,999,999,fast
trees_1000.newick,8,17,10764,1001,49269,999,999,fast
trees_1000.newick,8,18,10779,1001,49101,999,999,fast
trees_1000.newick,8,19,10859,1001,49594,999,999,fast
trees_1000.newick,8,20,11086,1001,49029,999,999,fast
trees_1000.newick,8,21,11099,1001,49393,999,999,fast
trees_1000.newick,8,22,10941,1001,49177,999,999,fast
trees_1000.newick,8,23,11031,1001,49497,999,999,fast
trees_1000.newick,8,24,11076,1001,49489,999,999,fast
trees_1000.newick,8,25,11059,1001,49587,999,999,fast
trees_1000.newick,8,26,11020,1001,49159,999,999,fast
trees_1000.newick,8,27,10996,1001,49390,999,999,fast
trees_1000.newick,8,28,10968,1001,49271,999,999,fast
trees_1000.newick,8,29,11069,1001,49777,999,999,fast
trees_1000.newick,8,30,11035,1001,49076,999,999,fast
trees_1000.newick,8,31,11070,1001,49770,999,999,fast
trees_1000.newick,8,32,11172,1001,49609,999,999,fast
trees_1000.newick,8,33,11367,1001,48786,999,999,fast
trees_1000.newick,8,34,10950,1001,49038,999,999,fast
trees_1000.newick,8,35,10895,1001,49056,999,999,fast
trees_1000.newick,8,36,11062,1001,49646,999,999,fast
trees_1000.newick,8,37,10892,1001,48551,999,999,fast
trees_1000.newick,8,38,11049,1001,49196,999,999,fast
trees_1000.newick,8,39,10961,1001,49697,999,999,fast
trees_1000.newick,8,40,11027,1001,49312,999,999,fast
trees_1000.newick,8,41,10870,1001,49104,999,999,fast
trees_1000.newick,8,42,11058,1001,49722,999,999,fast
trees_1000.newick,8,43,11090,1001,49062,999,999,fast
trees_1000.newick,8,44,11001,1001,49436,999,999,fast
trees_1000.newick,8,45,10934,1001,48828,999,999,fast
trees_1000.newick,8,46,11056,1001,49510,999,999,fast
trees_1000.newick,8,47,10964,1001,49416,999,999,fast
trees_1000.newick,8,48,11068,1001,49411,999,999,fast
trees_1000.newick,8,49,11010,1001,49409,999,999,fast
trees_1000.newick,9,10,11001,1001,48934,999,999,fast
trees_1000.newick,9,11,11042,1001,49006,999,999,fast
trees_1000.newick,9,12,11002,1001,49389,999,999,fast
trees_1000.newick,9,13,11006,1001,49041,999,999,fast
trees_1000.newick,9,14,10935,1001,49274,999,999,fast
trees_1000.newick,9,15,10959,1001,48986,999,999,fast
trees_1000.newick,9,16,10993,1001,49043,999,999,fast
trees_1000.newick,9,17,11012,1001,49570,999,999,fast
trees_1000.newick,9,18,11022,1001,49386,999,999,fast
trees_1000.newick,9,19,11080,1001,49393,999,999,fast
trees_1000.newick,9,20,11102,1001,49423,999,999,fast
trees_1000.newick,9,21,11003,1001,49056,999,999,fast
trees_1000.newick,9,22,10974,1001,49159,999,999,fast
trees_1000.newick,9,23,11089,1001,49733,999,999,fast
trees_1000.newick,9,24,11003,1001,49017,999,999,fast
trees_1000.newick,9,25,10993,1001,49555,999,999,fast
trees_1000.newick,9,26,11042,1001,49159,999,999,fast
trees_1000.newick,9,27,10945,1001,49053,999,999,fast
trees_1000.newick,9,28,10771,1001,48936,999,999,fast
trees_1000.newick,9,29,10825,1001,49227,999,999,fast
trees_1000.newick,9,30,10874,1001,49188,999,999,fast
trees_1000.newick,9,31,11007,1001,49509,999,999,fast
trees_1000.newick,9,32,11215,1001,48810,999,999,fast
trees_1000.newick,9,33,11049,1001,49031,999,999,fast
trees_1000.newick,9,34,11034,1001,49462,999,999,fast
trees_1000.newick,9,35,10833,1001,48738,999,999,fast
trees_1000.newick,9,36,11047,1001,49606,999,999,fast
trees_1000.newick,9,37,10937,1001,48652,999,999,fast
trees_1000.newick,9,38,11088,1001,49308,999,999,fast
trees_1000.newick,9,39,10925,1001,49361,999,999,fast
trees_1000.newick,9,40,11036,1001,49187,999,999,fast
trees_1000.newick,9,41,10910,1001,49313,999,999,fast
trees_1000.newick,9,42,11078,1001,49747,999,999,fast
trees_1000.newick,9,43,11150,1001,49270,999,999,fast
trees_1000.newick,9,44,10948,1001,48859,999,999,fast
trees_1000.newick,9,45,10936,1001,48936,999,999,fast
trees_1000.newick,9,46,11052,1001,49300,999,999,fast
trees_1000.newick,9,47,10959,1001,49127,999,999,fast
trees_1000.newick,9,48,10968,1001,48908,999,999,fast
trees_1000.newick,9,49,11016,1001,49385,999,999,fast
trees_1000.newick,10,11,11076,1001,49216,999,999,fast
trees_1000.newick,10,12,11073,1001,49362,999,999,fast
trees_1000.newick,10,13,11116,1001,49803,999,999,fast
trees_1000.newick,10,14,10958,1001,49626,999,999,fast
trees_1000.newick,10,15,11009,1001,49403,999,999,fast
trees_1000.newick,10,16,10929,1001,48856,999,999,fast
trees_1000.newick,10,17,10960,1001,49435,999,999,fast
trees_1000.newick,10,18,11132,1001,49859,999,999,fast
trees_1000.newick,10,19,11033,1001,49610,999,999,fast
trees_1000.newick,10,20,11168,1001,49656,999,999,fast
trees_1000.newick,10,21,11048,1001,49192,999,999,fast
trees_1000.newick,10,22,11007,1001,49419,999,999,fast
trees_1000.newick,10,23,11168,1001,49614,999,999,fast
trees_1000.newick,10,24,11047,1001,49161,999,999,fast
trees_1000.newick,10,25,11068,1001,49382,999,999,fast
trees_1000.newick,10,26,11131,1001,49492,999,999,fast
trees_1000.newick,10,27,11044,1001,49638,999,999,fast
trees_1000.newick,10,28,10978,1001,49142,999,999,fast
trees_1000.newick,10,29,11087,1001,49543,999,999,fast
trees_1000.newick,10,30,11123,1001,49501,999,999,fast
trees_1000.newick,10,31,11051,1001,49476,999,999,fast
trees_1000.newick,10,32,11127,1001,49176,999,999,fast
trees_1000.newick,10,33,11122,1001,49223,999,999,fast
trees_1000.newick,10,34,11064,1001,49494,999,999,fast
trees_1000.newick,10,35,10921,1001,49211,999,999,fast
trees_1000.newick,10,36,11115,1001,50238,999,999,fast
trees_1000.newick,10,37,11002,1001,49333,999,999,fast
trees_1000.newick,10,38,11137,1001,49556,999,999,fast
trees_1000.newick,10,39,10763,1001,49348,999,999,fast
trees_1000.newick,10,40,10889,1001,49487,999,999,fast
trees_1000.newick,10,41,10784,1001,49241,999,999,fast
trees_1000.newick,10,42,11024,1001,49419,999,999,fast
trees_1000.newick,10,43,11171,1001,49055,999,999,fast
trees_1000.newick,10,44,11031,1001,49477,999,999,fast
trees_1000.newick,10,45,11684,1001,49243,999,999,fast
trees_1000.newick,10,46,11053,1001,49266,999,999,fast
trees_1000.newick,10,47,10920,1001,49076,999,999,fast
trees_1000.newick,10,48,11158,1001,49216,999,999,fast
trees_1000.newick,10,49,11068,1001,49853,999,999,fast
trees_1000.newick,11,12,11015,1001,48898,999,999,fast
trees_1000.newick,11,13,11070,1001,49430,999,999,fast
trees_1000.newick,11,14,10980,1001,49579,999,999,fast
trees_1000.newick,11,15,11184,1001,49646,999,999,fast
trees_1000.newick,11,16,11092,1001,49285,999,999,fast
trees_1000.newick,11,17,11024,1001,49434,999,999,fast
trees_1000.newick,11,18,11069,1001,49401,999,999,fast
trees_1000.newick,11,19,11032,1001,48986,999,999,fast
trees_1000.newick,11,20,11084,1001,49623,999,999,fast
trees_1000.newick,11,21,11041,1001,49240,999,999,fast
trees_1000.newick,11,22,11030,1001,49086,999,999,fast
trees_1000.newick,11,23,11058,1001,49415,999,999,fast
trees_1000.newick,11,24,11045,1001,49278,999,999,fast
trees_1000.newick,11,25,10977,1001,49108,999,999,fast
trees_1000.newick,11,26,11081,1001,49230,999,999,fast
trees_1000.newick,11,27,10988,1001,49149,999,999,fast
trees_1000.newick,11,28,10972,1001,49087,999,999,fast
trees_1000.newick,11,29,11064,1001,49515,999,999,fast
trees_1000.newick,11,30,11067,1001,49464,999,999,fast
trees_1000.newick,11,31,11058,1001,49369,999,999,fast
trees_1000.newick,11,32,11128,1001,49231,999,999,fast
trees_1000.newick,11,33,11183,1001,49446,999,999,fast
trees_1000.newick,11,34,11085,1001,49527,999,999,fast
trees_1000.newick,11,35,10948,1001,49227,999,999,fast
trees_1000.newick,11,36,11066,1001,49668,999,999,fast
trees_1000.newick,11,37,10946,1001,48960,999,999,fast
trees_1000.newick,11,38,11056,1001,49240,999,999,fast
trees_1000.newick,11,39,10862,1001,49095,999,999,fast
trees_1000.newick,11,40,11068,1001,49758,999,999,fast
trees_1000.newick,11,41,10864,1001,49136,999,999,fast
trees_1000.newick,11,42,11195,1001,49794,999,999,fast
trees_1000.newick,11,43,11104,1001,48960,999,999,fast
trees_1000.newick,11,44,11068,1001,49091,999,999,fast
trees_1000.newick,11,45,10975,1001,48922,999,999,fast
trees_1000.newick,11,46,11029,1001,48745,999,999,fast
trees_1000.newick,11,47,10897,1001,49000,999,999,fast
trees_1000.newick,11,48,11003,1001,49094,999,999,fast
trees_1000.newick,11,49,11014,1001,49472,999,999,fast
trees_1000.newick,12,13,11106,1001,49006,999,999,fast
trees_1000.newick,12,14,11016,1001,49218,999,999,fast
trees_1000.newick,12,15,10840,1001,49382,999,999,fast
trees_1000.newick,12,16,10899,1001,49689,999,999,fast
trees_1000.newick,12,17,10912,1001,49279,999,999,fast
trees_1000.newick,12,18,11078,1001,49383,999,999,fast
trees_1000.newick,12,19,11103,1001,49297,999,999,fast
trees_1000.newick,12,20,11113,1001,49501,999,999,fast
trees_1000.newick,12,21,11072,1001,49626,999,999,fast
trees_1000.newick,12,22,11068,1001,49448,999,999,fast
trees_1000.newick,12,23,11114,1001,49020,999,999,fast
trees_1000.newick,12,24,11044,1001,48984,999,999,fast
trees_1000.newick,12,25,10996,1001,48973,999,999,fast
trees_1000.newick,12,26,11144,1001,49588,999,999,fast
trees_1000.newick,12,27,11059,1001,49533,999,999,fast
trees_1000.newick,12,28,11008,1001,48811,999,999,fast
trees_1000.newick,12,29,11092,1001,49353,999,999,fast
trees_1000.newick,12,30,11098,1001,49287,999,999,fast
trees_1000.newick,12,31,11150,1001,49896,999,999,fast
trees_1000.newick,12,32,11249,1001,49832,999,999,fast
trees_1000.newick,12,33,11121,1001,49022,999,999,fast
trees_1000.newick,12,34,11027,1001,49204,999,999,fast
trees_1000.newick,12,35,10973,1001,49133,999,999,fast
trees_1000.newick,12,36,11075,1001,49812,999,999,fast
trees_1000.newick,12,37,11028,1001,49511,999,999,fast
trees_1000.newick,12,38,11125,1001,49238,999,999,fast
trees_1000.newick,12,39,10931,1001,48753,999,999,fast
trees_1000.newick,12,40,11048,1001,49150,999,999,fast
trees_1000.newick,12,41,10888,1001,48949,999,999,fast
trees_1000.newick,12,42,11182,1001,49699,999,999,fast
trees_1000.newick,12,43,11173,1001,49158,999,999,fast
trees_1000.newick,12,44,11084,1001,49310,999,999,fast
trees_1000.newick,12,45,11030,1001,49407,999,999,fast
trees_1000.newick,12,46,11120,1001,49402,999,999,fast
trees_1000.newick,12,47,11014,1001,48994,999,999,fast
trees_1000.newick,12,48,11077,1001,49362,999,999,fast
trees_1000.newick,12,49,11064,1001,49512,999,999,fast
trees_1000.newick,13,14,11024,1001,49276,999,999,fast
trees_1000.newick,13,15,11047,1001,49589,999,999,fast
trees_1000.newick,13,16,10994,1001,49021,999,999,fast
trees_1000.newick,13,17,11033,1001,49695,999,999,fast
trees_1000.newick,13,18,11108,1001,49729,999,999,fast
trees_1000.newick,13,19,11089,1001,49402,999,999,fast
trees_1000.newick,13,20,11094,1001,49355,999,999,fast
trees_1000.newick,13,21,11114,1001,49275,999,999,fast
trees_1000.newick,13,22,11051,1001,49250,999,999,fast
trees_1000.newick,13,23,11091,1001,49435,999,999,fast
trees_1000.newick,13,24,11082,1001,49357,999,999,fast
trees_1000.newick,13,25,11094,1001,49524,999,999,fast
trees_1000.newick,13,26,11144,1001,49478,999,999,fast
trees_1000.newick,13,27,11024,1001,48963,999,999,fast
trees_1000.newick,13,28,11068,1001,49469,999,999,fast
trees_1000.newick,13,29,10947,1001,49479,999,999,fast
trees_1000.newick,13,30,10940,1001,49559,999,999,fast
trees_1000.newick,13,31,10937,1001,49665,999,999,fast
trees_1000.newick,13,32,11254,1001,49412,999,999,fast
trees_1000.newick,13,33,11173,1001,49263,999,999,fast
trees_1000.newick,13,34,11037,1001,49070,999,999,fast
trees_1000.newick,13,35,11048,1001,49005,999,999,fast
trees_1000.newick,13,36,11301,1001,49724,999,999,fast
trees_1000.newick,13,37,11093,1001,49334,999,999,fast
trees_1000.newick,13,38,11265,1001,49418,999,999,fast
trees_1000.newick,13,39,10969,1001,49123,999,999,fast
trees_1000.newick,13,40,11147,1001,49502,999,999,fast
trees_1000.newick,13,41,10938,1001,49014,999,999,fast
trees_1000.newick,13,42,11076,1001,49142,999,999,fast
trees_1000.newick,13,43,11197,1001,49247,999,999,fast
trees_1000.newick,13,44,11069,1001,49430,999,999,fast
trees_1000.newick,13,45,11163,1001,49002,999,999,fast
trees_1000.newick,13,46,11093,1001,49067,999,999,fast
trees_1000.newick,13,47,11089,1001,49504,999,999,fast
trees_1000.newick,13,48,11205,1001,49617,999,999,fast
trees_1000.newick,13,49,11092,1001,49118,999,999,fast
trees_1000.newick,14,15,11053,1001,49506,999,999,fast
trees_1000.newick,14,16,11059,1001,49323,999,999,fast
trees_1000.newick,14,17,11107,1001,49771,999,999,fast
trees_1000.newick,14,18,11193,1001,49603,999,999,fast
trees_1000.newick,14,19,11100,1001,49351,999,999,fast
trees_1000.newick,14,20,11191,1001,49213,999,999,fast
trees_1000.newick,14,21,11160,1001,49587,999,999,fast
trees_1000.newick,14,22,11142,1001,49708,999,999,fast
trees_1000.newick,14,23,11271,1001,50071,999,999,fast
trees_1000.newick,14,24,11165,1001,49634,999,999,fast
trees_1000.newick,14,25,11059,1001,49635,999,999,fast
trees_1000.newick,14,26,11153,1001,49652,999,999,fast
trees_1000.newick,14,27,11101,1001,49679,999,999,fast
trees_1000.newick,14,28,11089,1001,49377,999,999,fast
trees_1000.newick,14,29,11176,1001,49672,999,999,fast
trees_1000.newick,14,30,11118,1001,49413,999,999,fast
trees_1000.newick,14,31,11215,1001,49955,999,999,fast
trees_1000.newick,14,32,11291,1001,49687,999,999,fast
trees_1000.newick,14,33,11130,1001,49290,999,999,fast
trees_1000.newick,14,34,11050,1001,49204,999,999,fast
trees_1000.newick,14,35,11026,1001,49506,999,999,fast
trees_1000.newick,14,36,11151,1001,49698,999,999,fast
trees_1000.newick,14,37,11016,1001,49446,999,999,fast
trees_1000.newick,14,38,11100,1001,49020,999,999,fast
trees_1000.newick,14,39,11020,1001,49698,999,999,fast
trees_1000.newick,14,40,11107,1001,49351,999,999,fast
trees_1000.newick,14,41,10981,1001,49731,999,999,fast
trees_1000.newick,14,42,11064,1001,49305,999,999,fast
trees_1000.newick,14,43,11181,1001,49453,999,999,fast
trees_1000.newick,14,44,10914,1001,49365,999,999,fast
trees_1000.newick,14,45,10825,1001,49433,999,999,fast
trees_1000.newick,14,46,10929,1001,49533,999,999,fast
trees_1000.newick,14,47,10969,1001,49292,999,999,fast
trees_1000.newick,14,48,10965,1001,49343,999,999,fast
trees_1000.newick,14,49,11121,1001,49715,999,999,fast
trees_1000.newick,15,16,11103,1001,49368,999,999,fast
trees_1000.newick,15,17,10993,1001,49402,999,999,fast
trees_1000.newick,15,18,11089,1001,49659,999,999,fast
trees_1000.newick,15,19,11065,1001,49639,999,999,fast
trees_1000.newick,15,20,11042,1001,49260,999,999,fast
trees_1000.newick,15,21,11043,1001,49243,999,999,fast
trees_1000.newick,15,22,10991,1001,49372,999,999,fast
trees_1000.newick,15,23,11066,1001,49426,999,999,fast
trees_1000.newick,15,24,11022,1001,49267,999,999,fast
trees_1000.newick,15,25,10989,1001,49369,999,999,fast
trees_1000.newick,15,26,11056,1001,49341,999,999,fast
trees_1000.newick,15,27,10995,1001,49416,999,999,fast
trees_1000.newick,15,28,11021,1001,49570,999,999,fast
trees_1000.newick,15,29,11079,1001,49500,999,999,fast
trees_1000.newick,15,30,11092,1001,49634,999,999,fast
trees_1000.newick,15,31,11110,1001,49724,999,999,fast
trees_1000.newick,15,32,11176,1001,49709,999,999,fast
trees_1000.newick,15,33,11068,1001,49099,999,999,fast
trees_1000.newick,15,34,10971,1001,48942,999,999,fast
trees_1000.newick,15,35,10860,1001,48936,999,999,fast
trees_1000.newick,15,36,11143,1001,50318,999,999,fast
trees_1000.newick,15,37,10963,1001,49125,999,999,fast
trees_1000.newick,15,38,11034,1001,49165,999,999,fast
trees_1000.newick,15,39,10957,1001,49514,999,999,fast
trees_1000.newick,15,40,11011,1001,49382,999,999,fast
trees_1000.newick,15,41,10865,1001,49115,999,999,fast
trees_1000.newick,15,42,11083,1001,49396,999,999,fast
trees_1000.newick,15,43,11091,1001,49266,999,999,fast
trees_1000.newick,15,44,10986,1001,49475,999,999,fast
trees_1000.newick,15,45,11030,1001,49514,999,999,fast
trees_1000.newick,15,46,11081,1001,49491,999,999,fast
trees_1000.newick,15,47,10957,1001,49353,999,999,fast
trees_1000.newick,15,48,11050,1001,49370,999,999,fast
trees_1000.newick,15,49,10995,1001,49534,999,999,fast
trees_1000.newick,16,17,10973,1001,49162,999,999,fast
trees_1000.newick,16,18,11045,1001,49153,999,999,fast
trees_1000.newick,16,19,11100,1001,49235,999,999,fast
trees_1000.newick,16,20,11047,1001,48982,999,999,fast
trees_1000.newick,16,21,11128,1001,49291,999,999,fast
trees_1000.newick,16,22,11027,1001,49332,999,999,fast
trees_1000.newick,16,23,11063,1001,49412,999,999,fast
trees_1000.newick,16,24,11068,1001,49282,999,999,fast
trees_1000.newick,16,25,11020,1001,49514,999,999,fast
trees_1000.newick,16,26,11045,1001,49447,999,999,fast
trees_1000.newick,16,27,11001,1001,49149,999,999,fast
trees_1000.newick,16,28,10770,1001,49092,999,999,fast
trees_1000.newick,16,29,10826,1001,49141,999,999,fast
trees_1000.newick,16,30,10893,1001,49305,999,999,fast
trees_1000.newick,16,31,11056,1001,49586,999,999,fast
trees_1000.newick,16,32,11233,1001,49536,999,999,fast
trees_1000.newick,16,33,11320,1001,49188,999,999,fast
trees_1000.newick,16,34,11002,1001,49247,999,999,fast
trees_1000.newick,16,35,10817,1001,48590,999,999,fast
trees_1000.newick,16,36,11043,1001,49357,999,999,fast
trees_1000.newick,16,37,11044,1001,49211,999,999,fast
trees_1000.newick,16,38,11138,1001,49231,999,999,fast
trees_1000.newick,16,39,10913,1001,49460,999,999,fast
trees_1000.newick,16,40,11074,1001,49400,999,999,fast
trees_1000.newick,16,41,10909,1001,49154,999,999,fast
trees_1000.newick,16,42,11078,1001,49663,999,999,fast
trees_1000.newick,16,43,11066,1001,48919,999,999,fast
trees_1000.newick,16,44,11072,1001,49440,999,999,fast
trees_1000.newick,16,45,11026,1001,49192,999,999,fast
trees_1000.newick,16,46,11068,1001,49278,999,999,fast
trees_1000.newick,16,47,10917,1001,48737,999,999,fast
trees_1000.newick,16,48,10981,1001,48999,999,999,fast
trees_1000.newick,16,49,10984,1001,49150,999,999,fast
trees_1000.newick,17,18,11093,1001,49038,999,999,fast
trees_1000.newick,17,19,11021,1001,48889,999,999,fast
trees_1000.newick,17,20,11067,1001,48837,999,999,fast
trees_1000.newick,17,21,11067,1001,49110,999,999,fast
trees_1000.newick,17,22,11062,1001,49364,999,999,fast
trees_1000.newick,17,23,11079,1001,49488,999,999,fast
trees_1000.newick,17,24,11109,1001,49373,999,999,fast
trees_1000.newick,17,25,11102,1001,49402,999,999,fast
trees_1000.newick,17,26,11057,1001,49186,999,999,fast
trees_1000.newick,17,27,11054,1001,49673,999,999,fast
trees_1000.newick,17,28,11030,1001,49292,999,999,fast
trees_1000.newick,17,29,11089,1001,49166,999,999,fast
trees_1000.newick,17,30,11086,1001,49197,999,999,fast
trees_1000.newick,17,31,11123,1001,49823,999,999,fast
trees_1000.newick,17,32,11202,1001,49662,999,999,fast
trees_1000.newick,17,33,11092,1001,48869,999,999,fast
trees_1000.newick,17,34,10980,1001,49084,999,999,fast
trees_1000.newick,17,35,11145,1001,49155,999,999,fast
trees_1000.newick,17,36,11087,1001,49692,999,999,fast
trees_1000.newick,17,37,10940,1001,48846,999,999,fast
trees_1000.newick,17,38,11117,1001,49593,999,999,fast
trees_1000.newick,17,39,11014,1001,49598,999,999,fast
trees_1000.newick,17,40,11091,1001,49644,999,999,fast
trees_1000.newick,17,41,10918,1001,49295,999,999,fast
trees_1000.newick,17,42,11037,1001,49155,999,999,fast
trees_1000.newick,17,43,11161,1001,49090,999,999,fast
trees_1000.newick,17,44,11063,1001,49379,999,999,fast
trees_1000.newick,17,45,11009,1001,49215,999,999,fast
trees_1000.newick,17,46,10969,1001,49433,999,999,fast
trees_1000.newick,17,47,10809,1001,49057,999,999,fast
trees_1000.newick,17,48,10894,1001,49305,999,999,fast
trees_1000.newick,17,49,10939,1001,49106,999,999,fast
trees_1000.newick,18,19,11053,1001,49691,999,999,fast
trees_1000.newick,18,20,11135,1001,49691,999,999,fast
trees_1000.newick,18,21,11109,1001,49646,999,999,fast
trees_1000.newick,18,22,11003,1001,49215,999,999,fast
trees_1000.newick,18,23,11104,1001,49288,999,999,fast
trees_1000.newick,18,24,11049,1001,49267,999,999,fast
trees_1000.newick,18,25,11052,1001,49414,999,999,fast
trees_1000.newick,18,26,11108,1001,49585,999,999,fast
trees_1000.newick,18,27,11050,1001,49507,999,999,fast
trees_1000.newick,18,28,11048,1001,49211,999,999,fast
trees_1000.newick,18,29,11074,1001,49579,999,999,fast
trees_1000.newick,18,30,11105,1001,49591,999,999,fast
trees_1000.newick,18,31,11095,1001,49966,999,999,fast
trees_1000.newick,18,32,11211,1001,49664,999,999,fast
trees_1000.newick,18,33,11121,1001,49409,999,999,fast
trees_1000.newick,18,34,10993,1001,49203,999,999,fast
trees_1000.newick,18,35,10917,1001,49211,999,999,fast
trees_1000.newick,18,36,10988,1001,49517,999,999,fast
trees_1000.newick,18,37,10936,1001,49066,999,999,fast
trees_1000.newick,18,38,11122,1001,49305,999,999,fast
trees_1000.newick,18,39,10905,1001,49550,999,999,fast
trees_1000.newick,18,40,11079,1001,49379,999,999,fast
trees_1000.newick,18,41,10892,1001,49393,999,999,fast
trees_1000.newick,18,42,11148,1001,49924,999,999,fast
trees_1000.newick,18,43,11226,1001,49659,999,999,fast
trees_1000.newick,18,44,11043,1001,49414,999,999,fast
trees_1000.newick,18,45,10966,1001,49222,999,999,fast
trees_1000.newick,18,46,11084,1001,49420,999,999,fast
trees_1000.newick,18,47,10964,1001,49240,999,999,fast
trees_1000.newick,18,48,11062,1001,49411,999,999,fast
trees_1000.newick,18,49,11043,1001,49552,999,999,fast
trees_1000.newick,19,20,11360,1001,49619,999,999,fast
trees_1000.newick,19,21,11077,1001,49452,999,999,fast
trees_1000.newick,19,22,11084,1001,49792,999,999,fast
trees_1000.newick,19,23,11008,1001,48991,999,999,fast
trees_1000.newick,19,24,11037,1001,49077,999,999,fast
trees_1000.newick,19,25,11035,1001,49521,999,999,fast
trees_1000.newick,19,26,11122,1001,49543,999,999,fast
trees_1000.newick,19,27,10918,1001,48947,999,999,fast
trees_1000.newick,19,28,10968,1001,49023,999,999,fast
trees_1000.newick,19,29,11073,1001,49457,999,999,fast
trees_1000.newick,19,30,11095,1001,49319,999,999,fast
trees_1000.newick,19,31,11056,1001,49399,999,999,fast
trees_1000.newick,19,32,11152,1001,49302,999,999,fast
trees_1000.newick,19,33,11145,1001,49411,999,999,fast
trees_1000.newick,19,34,11037,1001,49362,999,999,fast
trees_1000.newick,19,35,10892,1001,49226,999,999,fast
trees_1000.newick,19,36,10807,1001,49403,999,999,fast
trees_1000.newick,19,37,10793,1001,49207,999,999,fast
trees_1000.newick,19,38,10886,1001,49378,999,999,fast
trees_1000.newick,19,39,10980,1001,49440,999,999,fast
trees_1000.newick,19,40,10995,1001,49718,999,999,fast
trees_1000.newick,19,41,10825,1001,49276,999,999,fast
trees_1000.newick,19,42,11053,1001,49703,999,999,fast
trees_1000.newick,19,43,11138,1001,49386,999,999,fast
trees_1000.newick,19,44,11039,1001,49374,999,999,fast
trees_1000.newick,19,45,11011,1001,49123,999,999,fast
trees_1000.newick,19,46,11031,1001,49255,999,999,fast
trees_1000.newick,19,47,11021,1001,49722,999,999,fast
trees_1000.newick,19,48,11132,1001,49344,999,999,fast
trees_1000.newick,19,49,10998,1001,49134,999,999,fast
trees_1000.newick,20,21,11077,1001,49390,999,999,fast
trees_1000.newick,20,22,11059,1001,49633,999,999,fast
trees_1000.newick,20,23,11013,1001,49144,999,999,fast
trees_1000.newick,20,24,10986,1001,49292,999,999,fast
trees_1000.newick,20,25,10969,1001,49419,999,999,fast
trees_1000.newick,20,26,11056,1001,49403,999,999,fast
trees_1000.newick,20,27,10958,1001,49026,999,999,fast
trees_1000.newick,20,28,10976,1001,49356,999,999,fast
trees_1000.newick,20,29,11013,1001,49443,999,999,fast
trees_1000.newick,20,30,11233,1001,49672,999,999,fast
trees_1000.newick,20,31,11253,1001,49495,999,999,fast
trees_1000.newick,20,32,11116,1001,49498,999,999,fast
trees_1000.newick,20,33,11075,1001,49295,999,999,fast
trees_1000.newick,20,34,10985,1001,49254,999,999,fast
trees_1000.newick,20,35,10905,1001,49352,999,999,fast
trees_1000.newick,20,36,11006,1001,49691,999,999,fast
trees_1000.newick,20,37,10913,1001,48854,999,999,fast
trees_1000.newick,20,38,11042,1001,49150,999,999,fast
trees_1000.newick,20,39,10915,1001,49326,999,999,fast
trees_1000.newick,20,40,11033,1001,49629,999,999,fast
trees_1000.newick,20,41,10866,1001,49241,999,999,fast
trees_1000.newick,20,42,11041,1001,49447,999,999,fast
trees_1000.newick,20,43,11125,1001,48960,999,999,fast
trees_1000.newick,20,44,10953,1001,49052,999,999,fast
trees_1000.newick,20,45,10952,1001,49250,999,999,fast
trees_1000.newick,20,46,11063,1001,49398,999,999,fast
trees_1000.newick,20,47,10932,1001,49117,999,999,fast
trees_1000.newick,20,48,10954,1001,49010,999,999,fast
trees_1000.newick,20,49,11025,1001,49395,999,999,fast
trees_1000.newick,21,22,11079,1001,49368,999,999,fast
trees_1000.newick,21,23,11021,1001,49314,999,999,fast
trees_1000.newick,21,24,11078,1001,49613,999,999,fast
trees_1000.newick,21,25,10948,1001,49226,999,999,fast
trees_1000.newick,21,26,11109,1001,49588,999,999,fast
trees_1000.newick,21,27,11043,1001,49651,999,999,fast
trees_1000.newick,21,28,10966,1001,49251,999,999,fast
trees_1000.newick,21,29,11059,1001,49685,999,999,fast
trees_1000.newick,21,30,10838,1001,49288,999,999,fast
trees_1000.newick,21,31,10880,1001,49227,999,999,fast
trees_1000.newick,21,32,11122,1001,49871,999,999,fast
trees_1000.newick,21,33,11096,1001,49574,999,999,fast
trees_1000.newick,21,34,10897,1001,49277,999,999,fast
trees_1000.newick,21,35,10850,1001,49168,999,999,fast
trees_1000.newick,21,36,11023,1001,49855,999,999,fast
trees_1000.newick,21,37,10955,1001,49306,999,999,fast
trees_1000.newick,21,38,11067,1001,48983,999,999,fast
trees_1000.newick,21,39,10920,1001,49635,999,999,fast
trees_1000.newick,21,40,11026,1001,49234,999,999,fast
trees_1000.newick,21,41,10913,1001,49468,999,999,fast
trees_1000.newick,21,42,11098,1001,50036,999,999,fast
trees_1000.newick,21,43,11113,1001,49331,999,999,fast
trees_1000.newick,21,44,11043,1001,49604,999,999,fast
trees_1000.newick,21,45,11045,1001,49557,999,999,fast
trees_1000.newick,21,46,11033,1001,49374,999,999,fast
trees_1000.newick,21,47,11007,1001,49684,999,999,fast
trees_1000.newick,21,48,11076,1001,49239,999,999,fast
trees_1000.newick,21,49,11056,1001,49574,999,999,fast
trees_1000.newick,22,23,11161,1001,49709,999,999,fast
trees_1000.newick,22,24,11161,1001,49527,999,999,fast
trees_1000.newick,22,25,11018,1001,49297,999,999,fast
trees_1000.newick,22,26,11165,1001,49307,999,999,fast
trees_1000.newick,22,27,11021,1001,49369,999,999,fast
trees_1000.newick,22,28,11026,1001,49160,999,999,fast
trees_1000.newick,22,29,11171,1001,49801,999,999,fast
trees_1000.newick,22,30,11158,1001,49558,999,999,fast
trees_1000.newick,22,31,11068,1001,49399,999,999,fast
trees_1000.newick,22,32,11218,1001,49488,999,999,fast
trees_1000.newick,22,33,11165,1001,49385,999,999,fast
trees_1000.newick,22,34,11070,1001,49384,999,999,fast
trees_1000.newick,22,35,11010,1001,49631,999,999,fast
trees_1000.newick,22,36,11073,1001,49822,999,999,fast
trees_1000.newick,22,37,11004,1001,49221,999,999,fast
trees_1000.newick,22,38,11130,1001,49642,999,999,fast
trees_1000.newick,22,39,11015,1001,49502,999,999,fast
trees_1000.newick,22,40,11175,1001,49707,999,999,fast
trees_1000.newick,22,41,10985,1001,49255,999,999,fast
trees_1000.newick,22,42,11052,1001,49260,999,999,fast
trees_1000.newick,22,43,11234,1001,49497,999,999,fast
trees_1000.newick,22,44,11064,1001,49143,999,999,fast
trees_1000.newick,22,45,11073,1001,49566,999,999,fast
trees_1000.newick,22,46,11085,1001,49496,999,999,fast
trees_1000.newick,22,47,11057,1001,49371,999,999,fast
trees_1000.newick,22,48,11085,1001,49562,999,999,fast
trees_1000.newick,22,49,11063,1001,49355,999,999,fast
trees_1000.newick,23,24,11079,1001,49007,999,999,fast
trees_1000.newick,23,25,11016,1001,49726,999,999,fast
trees_1000.newick,23,26,11095,1001,49263,999,999,fast
trees_1000.newick,23,27,10814,1001,49274,999,999,fast
trees_1000.newick,23,28,10744,1001,48716,999,999,fast
trees_1000.newick,23,29,10959,1001,49758,999,999,fast
trees_1000.newick,23,30,11091,1001,49316,999,999,fast
trees_1000.newick,23,31,11072,1001,49386,999,999,fast
trees_1000.newick,23,32,11177,1001,49464,999,999,fast
trees_1000.newick,23,33,11090,1001,49225,999,999,fast
trees_1000.newick,23,34,11005,1001,49149,999,999,fast
trees_1000.newick,23,35,10858,1001,48916,999,999,fast
trees_1000.newick,23,36,11024,1001,49673,999,999,fast
trees_1000.newick,23,37,11061,1001,49073,999,999,fast
trees_1000.newick,23,38,11073,1001,48977,999,999,fast
trees_1000.newick,23,39,10889,1001,48991,999,999,fast
trees_1000.newick,23,40,11027,1001,49660,999,999,fast
trees_1000.newick,23,41,10942,1001,49013,999,999,fast
trees_1000.newick,23,42,11108,1001,49600,999,999,fast
trees_1000.newick,23,43,11189,1001,49352,999,999,fast
trees_1000.newick,23,44,11122,1001,49558,999,999,fast
trees_1000.newick,23,45,11044,1001,49527,999,999,fast
trees_1000.newick,23,46,11099,1001,49339,999,999,fast
trees_1000.newick,23,47,11029,1001,49638,999,999,fast
trees_1000.newick,23,48,11022,1001,49237,999,999,fast
trees_1000.newick,23,49,10996,1001,49202,999,999,fast
trees_1000.newick,24,25,10990,1001,49108,999,999,fast
trees_1000.newick,24,26,11011,1001,49203,999,999,fast
trees_1000.newick,24,27,10973,1001,49302,999,999,fast
trees_1000.newick,24,28,10950,1001,48719,999,999,fast
trees_1000.newick,24,29,11014,1001,49079,999,999,fast
trees_1000.newick,24,30,10988,1001,49025,999,999,fast
trees_1000.newick,24,31,11147,1001,49497,999,999,fast
trees_1000.newick,24,32,11174,1001,49330,999,999,fast
trees_1000.newick,24,33,11091,1001,49130,999,999,fast
trees_1000.newick,24,34,11046,1001,49543,999,999,fast
trees_1000.newick,24,35,10915,1001,49219,999,999,fast
trees_1000.newick,24,36,11029,1001,49772,999,999,fast
trees_1000.newick,24,37,10995,1001,49168,999,999,fast
trees_1000.newick,24,38,10982,1001,49055,999,999,fast
trees_1000.newick,24,39,10924,1001,49287,999,999,fast
trees_1000.newick,24,40,11075,1001,49509,999,999,fast
trees_1000.newick,24,41,10887,1001,49101,999,999,fast
trees_1000.newick,24,42,11022,1001,49469,999,999,fast
trees_1000.newick,24,43,11154,1001,49232,999,999,fast
trees_1000.newick,24,44,11055,1001,49495,999,999,fast
trees_1000.newick,24,45,11423,1001,48998,999,999,fast
trees_1000.newick,24,46,11100,1001,49427,999,999,fast
trees_1000.newick,24,47,10938,1001,49036,999,999,fast
trees_1000.newick,24,48,11151,1001,49437,999,999,fast
trees_1000.newick,24,49,11047,1001,49307,999,999,fast
trees_1000.newick,25,26,11089,1001,49050,999,999,fast
trees_1000.newick,25,27,10970,1001,49222,999,999,fast
trees_1000.newick,25,28,10907,1001,49074,999,999,fast
trees_1000.newick,25,29,10893,1001,49913,999,999,fast
trees_1000.newick,25,30,10902,1001,49562,999,999,fast
trees_1000.newick,25,31,11101,1001,50098,999,999,fast
trees_1000.newick,25,32,10985,1001,49411,999,999,fast
trees_1000.newick,25,33,11146,1001,49645,999,999,fast
trees_1000.newick,25,34,11005,1001,49327,999,999,fast
trees_1000.newick,25,35,10866,1001,49090,999,999,fast
trees_1000.newick,25,36,11049,1001,49634,999,999,fast
trees_1000.newick,25,37,10952,1001,49068,999,999,fast
trees_1000.newick,25,38,11067,1001,49211,999,999,fast
trees_1000.newick,25,39,10990,1001,49590,999,999,fast
trees_1000.newick,25,40,11030,1001,49514,999,999,fast
trees_1000.newick,25,41,10870,1001,49208,999,999,fast
trees_1000.newick,25,42,11057,1001,49490,999,999,fast
trees_1000.newick,25,43,11261,1001,48894,999,999,fast
trees_1000.newick,25,44,10995,1001,49162,999,999,fast
trees_1000.newick,25,45,11012,1001,49289,999,999,fast
trees_1000.newick,25,46,11083,1001,49203,999,999,fast
trees_1000.newick,25,47,10927,1001,48929,999,999,fast
trees_1000.newick,25,48,11021,1001,49326,999,999,fast
trees_1000.newick,25,49,11063,1001,49743,999,999,fast
trees_1000.newick,26,27,11024,1001,49106,999,999,fast
trees_1000.newick,26,28,11036,1001,49207,999,999,fast
trees_1000.newick,26,29,11109,1001,49846,999,999,fast
trees_1000.newick,26,30,11062,1001,49171,999,999,fast
trees_1000.newick,26,31,11089,1001,49575,999,999,fast
trees_1000.newick,26,32,11270,1001,49844,999,999,fast
trees_1000.newick,26,33,11070,1001,48932,999,999,fast
trees_1000.newick,26,34,11031,1001,49010,999,999,fast
trees_1000.newick,26,35,10870,1001,48832,999,999,fast
trees_1000.newick,26,36,11067,1001,49662,999,999,fast
trees_1000.newick,26,37,10984,1001,49061,999,999,fast
trees_1000.newick,26,38,11094,1001,49335,999,999,fast
trees_1000.newick,26,39,10938,1001,49277,999,999,fast
trees_1000.newick,26,40,11115,1001,49572,999,999,fast
trees_1000.newick,26,41,10839,1001,48635,999,999,fast
trees_1000.newick,26,42,11102,1001,49383,999,999,fast
trees_1000.newick,26,43,11270,1001,49921,999,999,fast
trees_1000.newick,26,44,11072,1001,49575,999,999,fast
trees_1000.newick,26,45,11013,1001,49283,999,999,fast
trees_1000.newick,26,46,11055,1001,48828,999,999,fast
trees_1000.newick,26,47,10990,1001,49259,999,999,fast
trees_1000.newick,26,48,11075,1001,49475,999,999,fast
trees_1000.newick,26,49,11016,1001,49115,999,999,fast
trees_1000.newick,27,28,11033,1001,49111,999,999,fast
trees_1000.newick,27,29,11119,1001,49457,999,999,fast
trees_1000.newick,27,30,11006,1001,48621,999,999,fast
trees_1000.newick,27,31,11025,1001,49309,999,999,fast
trees_1000.newick,27,32,11153,1001,49558,999,999,fast
trees_1000.newick,27,33,11106,1001,49194,999,999,fast
trees_1000.newick,27,34,10772,1001,49003,999,999,fast
trees_1000.newick,27,35,10735,1001,49330,999,999,fast
trees_1000.newick,27,36,10889,1001,49625,999,999,fast
trees_1000.newick,27,37,10937,1001,48733,999,999,fast
trees_1000.newick,27,38,10996,1001,49510,999,999,fast
trees_1000.newick,27,39,10791,1001,49202,999,999,fast
trees_1000.newick,27,40,10988,1001,49315,999,999,fast
trees_1000.newick,27,41,10901,1001,48862,999,999,fast
trees_1000.newick,27,42,11021,1001,49262,999,999,fast
trees_1000.newick,27,43,11133,1001,49199,999,999,fast
trees_1000.newick,27,44,11000,1001,49011,999,999,fast
trees_1000.newick,27,45,11184,1001,48894,999,999,fast
trees_1000.newick,27,46,11075,1001,49065,999,999,fast
trees_1000.newick,27,47,10962,1001,49205,999,999,fast
trees_1000.newick,27,48,11032,1001,49362,999,999,fast
trees_1000.newick,27,49,11024,1001,49656,999,999,fast
trees_1000.newick,28,29,11085,1001,49294,999,999,fast
trees_1000.newick,28,30,11053,1001,49183,999,999,fast
trees_1000.newick,28,31,11215,1001,49361,999,999,fast
trees_1000.newick,28,32,11135,1001,49338,999,999,fast
trees_1000.newick,28,33,11154,1001,49615,999,999,fast
trees_1000.newick,28,34,11061,1001,49189,999,999,fast
trees_1000.newick,28,35,10921,1001,49062,999,999,fast
trees_1000.newick,28,36,11393,1001,49144,999,999,fast
trees_1000.newick,28,37,11090,1001,49150,999,999,fast
trees_1000.newick,28,38,11149,1001,49054,999,999,fast
trees_1000.newick,28,39,10997,1001,49236,999,999,fast
trees_1000.newick,28,40,10978,1001,49386,999,999,fast
trees_1000.newick,28,41,10901,1001,48987,999,999,fast
trees_1000.newick,28,42,11060,1001,49358,999,999,fast
trees_1000.newick,28,43,11076,1001,48950,999,999,fast
trees_1000.newick,28,44,10942,1001,48753,999,999,fast
trees_1000.newick,28,45,10998,1001,49216,999,999,fast
trees_1000.newick,28,46,11006,1001,48890,999,999,fast
trees_1000.newick,28,47,10925,1001,48831,999,999,fast
trees_1000.newick,28,48,10920,1001,48856,999,999,fast
trees_1000.newick,28,49,11097,1001,49436,999,999,fast
trees_1000.newick,29,30,11168,1001,49774,999,999,fast
trees_1000.newick,29,31,11088,1001,49880,999,999,fast
trees_1000.newick,29,32,11152,1001,49559,999,999,fast
trees_1000.newick,29,33,11291,1001,49660,999,999,fast
trees_1000.newick,29,34,11099,1001,49505,999,999,fast
trees_1000.newick,29,35,11209,1001,49381,999,999,fast
trees_1000.newick,29,36,11084,1001,49516,999,999,fast
trees_1000.newick,29,37,11003,1001,49318,999,999,fast
trees_1000.newick,29,38,11105,1001,49310,999,999,fast
trees_1000.newick,29,39,10917,1001,49456,999,999,fast
trees_1000.newick,29,40,11091,1001,49718,999,999,fast
trees_1000.newick,29,41,10980,1001,49823,999,999,fast
trees_1000.newick,29,42,11151,1001,49943,999,999,fast
trees_1000.newick,29,43,11100,1001,49280,999,999,fast
trees_1000.newick,29,44,10816,1001,49246,999,999,fast
trees_1000.newick,29,45,10835,1001,49541,999,999,fast
trees_1000.newick,29,46,10953,1001,49451,999,999,fast
trees_1000.newick,29,47,10863,1001,49050,999,999,fast
trees_1000.newick,29,48,11010,1001,49411,999,999,fast
trees_1000.newick,29,49,11092,1001,49931,999,999,fast
trees_1000.newick,30,31,11117,1001,49489,999,999,fast
trees_1000.newick,30,32,11125,1001,49301,999,999,fast
trees_1000.newick,30,33,11150,1001,49303,999,999,fast
trees_1000.newick,30,34,11101,1001,49205,999,999,fast
trees_1000.newick,30,35,10944,1001,49200,999,999,fast
trees_1000.newick,30,36,11042,1001,49278,999,999,fast
trees_1000.newick,30,37,10959,1001,48776,999,999,fast
trees_1000.newick,30,38,11159,1001,49651,999,999,fast
trees_1000.newick,30,39,10958,1001,49365,999,999,fast
trees_1000.newick,30,40,11211,1001,49695,999,999,fast
trees_1000.newick,30,41,11031,1001,49398,999,999,fast
trees_1000.newick,30,42,11098,1001,49711,999,999,fast
trees_1000.newick,30,43,11274,1001,49344,999,999,fast
trees_1000.newick,30,44,11105,1001,49603,999,999,fast
trees_1000.newick,30,45,10984,1001,49095,999,999,fast
trees_1000.newick,30,46,11112,1001,49021,999,999,fast
trees_1000.newick,30,47,11141,1001,49389,999,999,fast
trees_1000.newick,30,48,11030,1001,49405,999,999,fast
trees_1000.newick,30,49,11081,1001,49618,999,999,fast
trees_1000.newick,31,32,11327,1001,50138,999,999,fast
trees_1000.newick,31,33,11149,1001,49558,999,999,fast
trees_1000.newick,31,34,11044,1001,49316,999,999,fast
trees_1000.newick,31,35,10954,1001,49019,999,999,fast
trees_1000.newick,31,36,11097,1001,49686,999,999,fast
trees_1000.newick,31,37,11026,1001,49367,999,999,fast
trees_1000.newick,31,38,11151,1001,49837,999,999,fast
trees_1000.newick,31,39,10984,1001,49822,999,999,fast
trees_1000.newick,31,40,11136,1001,50039,999,999,fast
trees_1000.newick,31,41,10947,1001,49437,999,999,fast
trees_1000.newick,31,42,11077,1001,49809,999,999,fast
trees_1000.newick,31,43,11219,1001,49506,999,999,fast
trees_1000.newick,31,44,11090,1001,49831,999,999,fast
trees_1000.newick,31,45,10969,1001,49129,999,999,fast
trees_1000.newick,31,46,11065,1001,49295,999,999,fast
trees_1000.newick,31,47,10991,1001,49225,999,999,fast
trees_1000.newick,31,48,11047,1001,49346,999,999,fast
trees_1000.newick,31,49,11097,1001,49886,999,999,fast
trees_1000.newick,32,33,11258,1001,49807,999,999,fast
trees_1000.newick,32,34,11071,1001,49401,999,999,fast
trees_1000.newick,32,35,11008,1001,49485,999,999,fast
trees_1000.newick,32,36,11102,1001,49797,999,999,fast
trees_1000.newick,32,37,10983,1001,49183,999,999,fast
trees_1000.newick,32,38,11117,1001,49298,999,999,fast
trees_1000.newick,32,39,11009,1001,50014,999,999,fast
trees_1000.newick,32,40,10899,1001,49609,999,999,fast
trees_1000.newick,32,41,10801,1001,49557,999,999,fast
trees_1000.newick,32,42,10897,1001,49205,999,999,fast
trees_1000.newick,32,43,11167,1001,49814,999,999,fast
trees_1000.newick,32,44,11065,1001,49502,999,999,fast
trees_1000.newick,32,45,11051,1001,49585,999,999,fast
trees_1000.newick,32,46,11184,1001,49442,999,999,fast
trees_1000.newick,32,47,11042,1001,49527,999,999,fast
trees_1000.newick,32,48,11181,1001,49790,999,999,fast
trees_1000.newick,32,49,11102,1001,49714,999,999,fast
trees_1000.newick,33,34,11092,1001,49132,999,999,fast
trees_1000.newick,33,35,11045,1001,48724,999,999,fast
trees_1000.newick,33,36,11025,1001,49687,999,999,fast
trees_1000.newick,33,37,10997,1001,49317,999,999,fast
trees_1000.newick,33,38,11095,1001,49427,999,999,fast
trees_1000.newick,33,39,10994,1001,49867,999,999,fast
trees_1000.newick,33,40,11033,1001,49346,999,999,fast
trees_1000.newick,33,41,10890,1001,48746,999,999,fast
trees_1000.newick,33,42,11191,1001,49506,999,999,fast
trees_1000.newick,33,43,11546,1001,48942,999,999,fast
trees_1000.newick,33,44,10977,1001,49149,999,999,fast
trees_1000.newick,33,45,10966,1001,48956,999,999,fast
trees_1000.newick,33,46,11117,1001,49329,999,999,fast
trees_1000.newick,33,47,10983,1001,49185,999,999,fast
trees_1000.newick,33,48,11258,1001,49115,999,999,fast
trees_1000.newick,33,49,11117,1001,49118,999,999,fast
trees_1000.newick,34,35,10961,1001,49462,999,999,fast
trees_1000.newick,34,36,11004,1001,49328,999,999,fast
trees_1000.newick,34,37,10981,1001,49052,999,999,fast
trees_1000.newick,34,38,11191,1001,49505,999,999,fast
trees_1000.newick,34,39,11073,1001,49254,999,999,fast
trees_1000.newick,34,40,11258,1001,49892,999,999,fast
trees_1000.newick,34,41,10936,1001,49518,999,999,fast
trees_1000.newick,34,42,11123,1001,49628,999,999,fast
trees_1000.newick,34,43,11102,1001,49102,999,999,fast
trees_1000.newick,34,44,15543,1001,49734,999,999,fast
trees_1000.newick,34,45,13561,1001,49374,999,999,fast
trees_1000.newick,34,46,12367,1001,49374,999,999,fast
trees_1000.newick,34,47,12086,1001,49338,999,999,fast
trees_1000.newick,34,48,11004,1001,49158,999,999,fast
trees_1000.newick,34,49,11165,1001,49920,999,999,fast
trees_1000.newick,35,36,11306,1001,49405,999,999,fast
trees_1000.newick,35,37,10926,1001,48905,999,999,fast
trees_1000.newick,35,38,11038,1001,49206,999,999,fast
trees_1000.newick,35,39,10936,1001,49514,999,999,fast
trees_1000.newick,35,40,11168,1001,49210,999,999,fast
trees_1000.newick,35,41,10923,1001,49468,999,999,fast
trees_1000.newick,35,42,10985,1001,49267,999,999,fast
trees_1000.newick,35,43,11038,1001,49131,999,999,fast
trees_1000.newick,35,44,10842,1001,49208,999,999,fast
trees_1000.newick,35,45,10753,1001,49264,999,999,fast
trees_1000.newick,35,46,10883,1001,49451,999,999,fast
trees_1000.newick,35,47,10826,1001,48948,999,999,fast
trees_1000.newick,35,48,10837,1001,49046,999,999,fast
trees_1000.newick,35,49,10886,1001,49475,999,999,fast
trees_1000.newick,36,37,11279,1001,49470,999,999,fast
trees_1000.newick,36,38,11095,1001,49578,999,999,fast
trees_1000.newick,36,39,11020,1001,49558,999,999,fast
trees_1000.newick,36,40,11088,1001,49768,999,999,fast
trees_1000.newick,36,41,11242,1001,49467,999,999,fast
trees_1000.newick,36,42,11071,1001,49596,999,999,fast
trees_1000.newick,36,43,11178,1001,49209,999,999,fast
trees_1000.newick,36,44,11024,1001,49150,999,999,fast
trees_1000.newick,36,45,11030,1001,49578,999,999,fast
trees_1000.newick,36,46,11116,1001,49605,999,999,fast
trees_1000.newick,36,47,10953,1001,49018,999,999,fast
trees_1000.newick,36,48,11056,1001,49474,999,999,fast
trees_1000.newick,36,49,11051,1001,49607,999,999,fast
trees_1000.newick,37,38,11112,1001,48965,999,999,fast
trees_1000.newick,37,39,10939,1001,49314,999,999,fast
trees_1000.newick,37,40,11007,1001,49109,999,999,fast
trees_1000.newick,37,41,10915,1001,49184,999,999,fast
trees_1000.newick,37,42,11061,1001,49232,999,999,fast
trees_1000.newick,37,43,11070,1001,48779,999,999,fast
trees_1000.newick,37,44,11036,1001,49462,999,999,fast
trees_1000.newick,37,45,11103,1001,49008,999,999,fast
trees_1000.newick,37,46,11031,1001,49120,999,999,fast
trees_1000.newick,37,47,11006,1001,49317,999,999,fast
trees_1000.newick,37,48,11009,1001,48808,999,999,fast
trees_1000.newick,37,49,11076,1001,49534,999,999,fast
trees_1000.newick,38,39,11021,1001,49264,999,999,fast
trees_1000.newick,38,40,11061,1001,49436,999,999,fast
trees_1000.newick,38,41,10957,1001,49500,999,999,fast
trees_1000.newick,38,42,11092,1001,49403,999,999,fast
trees_1000.newick,38,43,11355,1001,49508,999,999,fast
trees_1000.newick,38,44,10976,1001,49145,999,999,fast
trees_1000.newick,38,45,11002,1001,49202,999,999,fast
trees_1000.newick,38,46,11090,1001,49211,999,999,fast
trees_1000.newick,38,47,10981,1001,49322,999,999,fast
trees_1000.newick,38,48,11028,1001,49386,999,999,fast
trees_1000.newick,38,49,11075,1001,49426,999,999,fast
trees_1000.newick,39,40,11123,1001,49572,999,999,fast
trees_1000.newick,39,41,10956,1001,49572,999,999,fast
trees_1000.newick,39,42,11122,1001,49918,999,999,fast
trees_1000.newick,39,43,11136,1001,49199,999,999,fast
trees_1000.newick,39,44,11032,1001,49429,999,999,fast
trees_1000.newick,39,45,10976,1001,49284,999,999,fast
trees_1000.newick,39,46,10993,1001,49086,999,999,fast
trees_1000.newick,39,47,11719,1001,49333,999,999,fast
trees_1000.newick,39,48,10945,1001,49381,999,999,fast
trees_1000.newick,39,49,10761,1001,49129,999,999,fast
trees_1000.newick,40,41,10760,1001,49480,999,999,fast
trees_1000.newick,40,42,11183,1001,49655,999,999,fast
trees_1000.newick,40,43,10989,1001,49480,999,999,fast
trees_1000.newick,40,44,11853,1001,49470,999,999,fast
trees_1000.newick,40,45,11575,1001,49409,999,999,fast
trees_1000.newick,40,46,11376,1001,49560,999,999,fast
trees_1000.newick,40,47,11420,1001,49677,999,999,fast
trees_1000.newick,40,48,11260,1001,49309,999,999,fast
trees_1000.newick,40,49,11468,1001,50034,999,999,fast
trees_1000.newick,41,42,11144,1001,49337,999,999,fast
trees_1000.newick,41,43,11726,1001,49409,999,999,fast
trees_1000.newick,41,44,11005,1001,49107,999,999,fast
trees_1000.newick,41,45,11036,1001,48975,999,999,fast
trees_1000.newick,41,46,11208,1001,49435,999,999,fast
trees_1000.newick,41,47,11442,1001,49130,999,999,fast
trees_1000.newick,41,48,11068,1001,48979,999,999,fast
trees_1000.newick,41,49,12805,1001,49402,999,999,fast
trees_1000.newick,42,43,11399,1001,49803,999,999,fast
trees_1000.newick,42,44,11075,1001,49681,999,999,fast
trees_1000.newick,42,45,11004,1001,49491,999,999,fast
trees_1000.newick,42,46,11230,1001,49322,999,999,fast
trees_1000.newick,42,47,11519,1001,49337,999,999,fast
trees_1000.newick,42,48,11210,1001,49648,999,999,fast
trees_1000.newick,42,49,11211,1001,49906,999,999,fast
trees_1000.newick,43,44,11320,1001,49006,999,999,fast
trees_1000.newick,43,45,11094,1001,48977,999,999,fast
trees_1000.newick,43,46,11211,1001,49283,999,999,fast
trees_1000.newick,43,47,11026,1001,48931,999,999,fast
trees_1000.newick,43,48,11210,1001,49435,999,999,fast
trees_1000.newick,43,49,11172,1001,49257,999,999,fast
trees_1000.newick,44,45,11266,1001,49304,999,999,fast
trees_1000.newick,44,46,11114,1001,49269,999,999,fast
trees_1000.newick,44,47,11020,1001,48856,999,999,fast
trees_1000.newick,44,48,11506,1001,48946,999,999,fast
trees_1000.newick,44,49,11085,1001,49434,999,999,fast
trees_1000.newick,45,46,11024,1001,48595,999,999,fast
trees_1000.newick,45,47,11091,1001,49294,999,999,fast
trees_1000.newick,45,48,11051,1001,49077,999,999,fast
trees_1000.newick,45,49,11111,1001,49394,999,999,fast
trees_1000.newick,46,47,11096,1001,49144,999,999,fast
trees_1000.newick,46,48,11281,1001,49685,999,999,fast
trees_1000.newick,46,49,11741,1001,49387,999,999,fast
trees_1000.newick,47,48,11191,1001,49486,999,999,fast
trees_1000.newick,47,49,11330,1001,49522,999,999,fast
trees_1000.newick,48,49,11055,1001,49575,999,999,fast
trees_100.newick,0,1,675,101,2022,99,99,fast
trees_100.newick,0,2,589,101,2085,99,99,fast
trees_100.newick,0,3,579,101,2060,99,99,fast
trees_100.newick,0,4,573,101,1985,99,99,fast
trees_100.newick,0,5,573,101,2040,99,99,fast
trees_100.newick,0,6,590,101,2093,99,99,fast
trees_100.newick,0,7,586,101,2050,99,99,fast
trees_100.newick,0,8,568,101,1992,99,99,fast
trees_100.newick,0,9,573,101,2007,99,99,fast
trees_100.newick,0,10,584,101,2082,99,99,fast
trees_100.newick,0,11,579,101,2065,99,99,fast
trees_100.newick,0,12,575,101,2021,99,99,fast
trees_100.newick,0,13,587,101,2051,99,99,fast
trees_100.newick,0,14,568,101,2014,99,99,fast
trees_100.newick,0,15,578,101,1987,99,99,fast
trees_100.newick,0,16,571,101,2031,99,99,fast
trees_100.newick,0,17,567,101,1990,99,99,fast
trees_100.newick,0,18,587,101,1999,99,99,fast
trees_100.newick,0,19,588,101,2131,99,99,fast
trees_100.newick,0,20,578,101,2120,99,99,fast
trees_100.newick,0,21,571,101,1963,99,99,fast
trees_100.newick,0,22,581,101,2065,99,99,fast
trees_100.newick,0,23,586,101,2099,99,99,fast
trees_100.newick,0,24,580,101,2048,99,99,fast
trees_100.newick,0,25,593,101,2062,99,99,fast
trees_100.newick,0,26,588,101,2056,99,99,fast
trees_100.newick,0,27,557,101,1904,99,99,fast
trees_100.newick,0,28,569,101,1936,99,99,fast
trees_100.newick,0,29,578,101,2041,99,99,fast
trees_100.newick,0,30,583,101,2014,99,99,fast
trees_100.newick,0,31,577,101,2006,99,99,fast
trees_100.newick,0,32,589,101,2074,99,99,fast
trees_100.newick,0,33,591,101,2105,99,99,fast
trees_100.newick,0,34,578,101,2024,99,99,fast
trees_100.newick,0,35,592,101,2031,99,99,fast
trees_100.newick,0,36,584,101,2074,99,99,fast
trees_100.newick,0,37,585,101,2132,99,99,fast
trees_100.newick,0,38,591,101,2121,99,99,fast
trees_100.newick,0,39,592,101,2074,99,99,fast
trees_100.newick,0,40,594,101,2035,99,99,fast
trees_100.newick,0,41,586,101,2081,99,99,fast
trees_100.newick,0,42,590,101,2051,99,99,fast
trees_100.newick,0,43,593,101,2055,99,99,fast
trees_100.newick,0,44,580,101,2037,99,99,fast
trees_100.newick,0,45,572,101,2035,99,99,fast
trees_100.newick,0,46,577,101,1957,99,99,fast
trees_100.newick,0,47,591,101,2105,99,99,fast
trees_100.newick,0,48,583,101,2053,99,99,fast
trees_100.newick,0,49,596,101,2109,99,99,fast
trees_100.newick,1,2,588,101,2122,99,99,fast
trees_100.newick,1,3,602,101,2095,99,99,fast
trees_100.newick,1,4,583,101,2003,99,99,fast
trees_100.newick,1,5,587,101,2065,99,99,fast
trees_100.newick,1,6,594,101,2145,99,99,fast
trees_100.newick,1,7,590,101,2144,99,99,fast
trees_100.newick,1,8,585,101,2152,99,99,fast
trees_100.newick,1,9,579,101,2051,99,99,fast
trees_100.newick,1,10,580,101,2054,99,99,fast
trees_100.newick,1,11,586,101,2145,99,99,fast
trees_100.newick,1,12,587,101,2097,99,99,fast
trees_100.newick,1,13,592,101,2051,99,99,fast
trees_100.newick,1,14,593,101,2193,99,99,fast
trees_100.newick,1,15,587,101,2038,99,99,fast
trees_100.newick,1,16,590,101,2141,99,99,fast
trees_100.newick,1,17,588,101,2098,99,99,fast
trees_100.newick,1,18,600,101,2231,99,99,fast
trees_100.newick,1,19,594,101,2103,99,99,fast
trees_100.newick,1,20,588,101,2063,99,99,fast
trees_100.newick,1,21,589,101,2071,99,99,fast
trees_100.newick,1,22,609,101,2201,99,99,fast
trees_100.newick,1,23,588,101,2074,99,99,fast
trees_100.newick,1,24,597,101,2151,99,99,fast
trees_100.newick,1,25,605,101,2093,99,99,fast
trees_100.newick,1,26,603,101,2158,99,99,fast
trees_100.newick,1,27,585,101,2109,99,99,fast
trees_100.newick,1,28,581,101,2072,99,99,fast
trees_100.newick,1,29,579,101,2078,99,99,fast
trees_100.newick,1,30,587,101,2099,99,99,fast
trees_100.newick,1,31,583,101,2087,99,99,fast
trees_100.newick,1,32,597,101,2180,99,99,fast
trees_100.newick,1,33,581,101,2053,99,99,fast
trees_100.newick,1,34,587,101,2136,99,99,fast
trees_100.newick,1,35,577,101,2047,99,99,fast
trees_100.newick,1,36,681,101,2024,99,99,fast
trees_100.newick,1,37,782,101,2124,99,99,fast
trees_100.newick,1,38,576,101,1980,99,99,fast
trees_100.newick,1,39,580,101,2007,99,99,fast
trees_100.newick,1,40,591,101,2054,99,99,fast
trees_100.newick,1,41,582,101,2073,99,99,fast
trees_100.newick,1,42,594,101,2112,99,99,fast
trees_100.newick,1,43,588,101,2065,99,99,fast
trees_100.newick,1,44,584,101,2128,99,99,fast
trees_100.newick,1,45,582,101,2149,99,99,fast
trees_100.newick,1,46,590,101,2109,99,99,fast
trees_100.newick,1,47,586,101,2131,99,99,fast
trees_100.newick,1,48,587,101,2125,99,99,fast
trees_100.newick,1,49,587,101,2087,99,99,fast
trees_100.newick,2,3,595,101,2177,99,99,fast
trees_100.newick,2,4,596,101,2154,99,99,fast
trees_100.newick,2,5,641,101,2147,99,99,fast
trees_100.newick,2,6,593,101,2085,99,99,fast
trees_100.newick,2,7,600,101,2129,99,99,fast
trees_100.newick,2,8,583,101,2083,99,99,fast
trees_100.newick,2,9,588,101,2085,99,99,fast
trees_100.newick,2,10,603,101,2204,99,99,fast
trees_100.newick,2,11,585,101,2067,99,99,fast
trees_100.newick,2,12,587,101,2103,99,99,fast
trees_100.newick,2,13,604,101,2173,99,99,fast
trees_100.newick,2,14,588,101,2073,99,99,fast
trees_100.newick,2,15,599,101,2131,99,99,fast
trees_100.newick,2,16,592,101,2097,99,99,fast
trees_100.newick,2,17,589,101,2086,99,99,fast
trees_100.newick,2,18,588,101,2061,99,99,fast
trees_100.newick,2,19,605,101,2182,99,99,fast
trees_100.newick,2,20,600,101,2197,99,99,fast
trees_100.newick,2,21,582,101,2046,99,99,fast
trees_100.newick,2,22,604,101,2133,99,99,fast
trees_100.newick,2,23,587,101,2088,99,99,fast
trees_100.newick,2,24,594,101,2162,99,99,fast
trees_100.newick,2,25,591,101,2028,99,99,fast
trees_100.newick,2,26,598,101,2136,99,99,fast
trees_100.newick,2,27,573,101,2046,99,99,fast
trees_100.newick,2,28,571,101,2027,99,99,fast
trees_100.newick,2,29,583,101,2129,99,99,fast
trees_100.newick,2,30,593,101,2185,99,99,fast
trees_100.newick,2,31,592,101,2112,99,99,fast
trees_100.newick,2,32,581,101,2054,99,99,fast
trees_100.newick,2,33,588,101,2121,99,99,fast
trees_100.newick,2,34,596,101,2187,99,99,fast
trees_100.newick,2,35,589,101,2133,99,99,fast
trees_100.newick,2,36,585,101,2063,99,99,fast
trees_100.newick,2,37,586,101,2110,99,99,fast
trees_100.newick,2,38,604,101,2105,99,99,fast
trees_100.newick,2,39,604,101,2139,99,99,fast
trees_100.newick,2,40,591,101,2025,99,99,fast
trees_100.newick,2,41,586,101,2070,99,99,fast
trees_100.newick,2,42,584,101,2034,99,99,fast
trees_100.newick,2,43,598,101,2129,99,99,fast
trees_100.newick,2,44,596,101,2151,99,99,fast
trees_100.newick,2,45,567,101,2001,99,99,fast
trees_100.newick,2,46,593,101,2130,99,99,fast
trees_100.newick,2,47,585,101,2077,99,99,fast
trees_100.newick,2,48,584,101,2121,99,99,fast
trees_100.newick,2,49,587,101,2105,99,99,fast
trees_100.newick,3,4,570,101,1933,99,99,fast
trees_100.newick,3,5,575,101,2064,99,99,fast
trees_100.newick,3,6,588,101,2055,99,99,fast
trees_100.newick,3,7,586,101,2086,99,99,fast
trees_100.newick,3,8,594,101,2086,99,99,fast
trees_100.newick,3,9,588,101,2008,99,99,fast
trees_100.newick,3,10,585,101,2075,99,99,fast
trees_100.newick,3,11,586,101,2092,99,99,fast
trees_100.newick,3,12,593,101,2046,99,99,fast
trees_100.newick,3,13,593,101,2069,99,99,fast
trees_100.newick,3,14,580,101,2018,99,99,fast
trees_100.newick,3,15,595,101,2117,99,99,fast
trees_100.newick,3,16,585,101,2097,99,99,fast
trees_100.newick,3,17,580,101,2013,99,99,fast
trees_100.newick,3,18,579,101,2025,99,99,fast
trees_100.newick,3,19,581,101,1954,99,99,fast
trees_100.newick,3,20,586,101,2069,99,99,fast
trees_100.newick,3,21,581,101,2062,99,99,fast
trees_100.newick,3,22,581,101,1974,99,99,fast
trees_100.newick,3,23,576,101,2023,99,99,fast
trees_100.newick,3,24,575,101,2043,99,99,fast
trees_100.newick,3,25,622,101,2084,99,99,fast
trees_100.newick,3,26,602,101,2047,99,99,fast
trees_100.newick,3,27,579,101,2043,99,99,fast
trees_100.newick,3,28,578,101,2054,99,99,fast
trees_100.newick,3,29,579,101,2066,99,99,fast
trees_100.newick,3,30,576,101,1967,99,99,fast
trees_100.newick,3,31,594,101,2120,99,99,fast
trees_100.newick,3,32,573,101,2016,99,99,fast
trees_100.newick,3,33,578,101,2007,99,99,fast
trees_100.newick,3,34,585,101,2158,99,99,fast
trees_100.newick,3,35,573,101,2020,99,99,fast
trees_100.newick,3,36,573,101,2011,99,99,fast
trees_100.newick,3,37,571,101,2049,99,99,fast
trees_100.newick,3,38,578,101,2059,99,99,fast
trees_100.newick,3,39,590,101,2112,99,99,fast
trees_100.newick,3,40,593,101,2049,99,99,fast
trees_100.newick,3,41,588,101,2125,99,99,fast
trees_100.newick,3,42,583,101,2022,99,99,fast
trees_100.newick,3,43,598,101,2099,99,99,fast
trees_100.newick,3,44,586,101,2090,99,99,fast
trees_100.newick,3,45,579,101,2095,99,99,fast
trees_100.newick,3,46,588,101,2089,99,99,fast
trees_100.newick,3,47,583,101,2084,99,99,fast
trees_100.newick,3,48,591,101,2164,99,99,fast
trees_100.newick,3,49,588,101,2077,99,99,fast
trees_100.newick,4,5,585,101,2019,99,99,fast
trees_100.newick,4,6,599,101,2095,99,99,fast
trees_100.newick,4,7,595,101,2089,99,99,fast
trees_100.newick,4,8,579,101,2019,99,99,fast
trees_100.newick,4,9,581,101,2031,99,99,fast
trees_100.newick,4,10,587,101,2089,99,99,fast
trees_100.newick,4,11,578,101,2082,99,99,fast
trees_100.newick,4,12,594,101,2203,99,99,fast
trees_100.newick,4,13,595,101,2072,99,99,fast
trees_100.newick,4,14,593,101,2094,99,99,fast
trees_100.newick,4,15,587,101,2089,99,99,fast
trees_100.newick,4,16,581,101,2040,99,99,fast
trees_100.newick,4,17,590,101,2052,99,99,fast
trees_100.newick,4,18,589,101,2111,99,99,fast
trees_100.newick,4,19,593,101,2050,99,99,fast
trees_100.newick,4,20,595,101,2137,99,99,fast
trees_100.newick,4,21,597,101,2108,99,99,fast
trees_100.newick,4,22,600,101,2098,99,99,fast
trees_100.newick,4,23,588,101,2043,99,99,fast
trees_100.newick,4,24,589,101,2102,99,99,fast
trees_100.newick,4,25,607,101,2098,99,99,fast
trees_100.newick,4,26,601,101,2066,99,99,fast
trees_100.newick,4,27,581,101,2101,99,99,fast
trees_100.newick,4,28,595,101,2113,99,99,fast
trees_100.newick,4,29,574,101,1978,99,99,fast
trees_100.newick,4,30,591,101,2054,99,99,fast
trees_100.newick,4,31,585,101,2010,99,99,fast
trees_100.newick,4,32,585,101,1999,99,99,fast
trees_100.newick,4,33,582,101,2041,99,99,fast
trees_100.newick,4,34,594,101,2138,99,99,fast
trees_100.newick,4,35,592,101,2137,99,99,fast
trees_100.newick,4,36,591,101,2119,99,99,fast
trees_100.newick,4,37,571,101,2012,99,99,fast
trees_100.newick,4,38,584,101,2040,99,99,fast
trees_100.newick,4,39,587,101,2049,99,99,fast
trees_100.newick,4,40,578,101,1955,99,99,fast
trees_100.newick,4,41,573,101,1967,99,99,fast
trees_100.newick,4,42,593,101,2117,99,99,fast
trees_100.newick,4,43,609,101,2169,99,99,fast
trees_100.newick,4,44,594,101,2009,99,99,fast
trees_100.newick,4,45,575,101,2022,99,99,fast
trees_100.newick,4,46,600,101,2096,99,99,fast
trees_100.newick,4,47,588,101,2040,99,99,fast
trees_100.newick,4,48,596,101,2139,99,99,fast
trees_100.newick,4,49,589,101,2026,99,99,fast
trees_100.newick,5,6,602,101,2131,99,99,fast
trees_100.newick,5,7,589,101,2106,99,99,fast
trees_100.newick,5,8,589,101,2116,99,99,fast
trees_100.newick,5,9,589,101,2080,99,99,fast
trees_100.newick,5,10,576,101,2022,99,99,fast
trees_100.newick,5,11,584,101,2063,99,99,fast
trees_100.newick,5,12,577,101,2052,99,99,fast
trees_100.newick,5,13,597,101,2138,99,99,fast
trees_100.newick,5,14,588,101,2115,99,99,fast
trees_100.newick,5,15,591,101,2130,99,99,fast
trees_100.newick,5,16,578,101,2031,99,99,fast
trees_100.newick,5,17,761,101,2062,99,99,fast
trees_100.newick,5,18,575,101,2032,99,99,fast
trees_100.newick,5,19,598,101,2109,99,99,fast
trees_100.newick,5,20,575,101,2004,99,99,fast
trees_100.newick,5,21,586,101,2074,99,99,fast
trees_100.newick,5,22,594,101,2154,99,99,fast
trees_100.newick,5,23,586,101,2069,99,99,fast
trees_100.newick,5,24,585,101,2128,99,99,fast
trees_100.newick,5,25,595,101,2081,99,99,fast
trees_100.newick,5,26,589,101,2058,99,99,fast
trees_100.newick,5,27,583,101,2090,99,99,fast
trees_100.newick,5,28,577,101,2104,99,99,fast
trees_100.newick,5,29,581,101,2095,99,99,fast
trees_100.newick,5,30,573,101,1951,99,99,fast
trees_100.newick,5,31,586,101,2072,99,99,fast
trees_100.newick,5,32,583,101,2068,99,99,fast
trees_100.newick,5,33,592,101,2118,99,99,fast
trees_100.newick,5,34,574,101,1967,99,99,fast
trees_100.newick,5,35,579,101,1998,99,99,fast
trees_100.newick,5,36,584,101,2078,99,99,fast
trees_100.newick,5,37,577,101,2057,99,99,fast
trees_100.newick,5,38,588,101,2078,99,99,fast
trees_100.newick,5,39,580,101,2040,99,99,fast
trees_100.newick,5,40,590,101,2074,99,99,fast
trees_100.newick,5,41,585,101,2124,99,99,fast
trees_100.newick,5,42,573,101,2004,99,99,fast
trees_100.newick,5,43,588,101,2061,99,99,fast
trees_100.newick,5,44,573,101,2001,99,99,fast
trees_100.newick,5,45,566,101,2028,99,99,fast
trees_100.newick,5,46,598,101,2160,99,99,fast
trees_100.newick,5,47,581,101,2040,99,99,fast
trees_100.newick,5,48,584,101,2098,99,99,fast
trees_100.newick,5,49,578,101,1974,99,99,fast
trees_100.newick,6,7,595,101,2112,99,99,fast
trees_100.newick,6,8,590,101,2104,99,99,fast
trees_100.newick,6,9,579,101,2045,99,99,fast
trees_100.newick,6,10,595,101,2145,99,99,fast
trees_100.newick,6,11,582,101,2079,99,99,fast
trees_100.newick,6,12,589,101,2140,99,99,fast
trees_100.newick,6,13,602,101,2169,99,99,fast
trees_100.newick,6,14,595,101,2151,99,99,fast
trees_100.newick,6,15,593,101,2112,99,99,fast
trees_100.newick,6,16,596,101,2148,99,99,fast
trees_100.newick,6,17,577,101,2018,99,99,fast
trees_100.newick,6,18,584,101,2071,99,99,fast
trees_100.newick,6,19,588,101,2136,99,99,fast
trees_100.newick,6,20,591,101,2176,99,99,fast
trees_100.newick,6,21,566,101,1965,99,99,fast
trees_100.newick,6,22,598,101,2184,99,99,fast
trees_100.newick,6,23,616,101,2080,99,99,fast
trees_100.newick,6,24,587,101,2140,99,99,fast
trees_100.newick,6,25,592,101,2069,99,99,fast
trees_100.newick,6,26,599,101,2150,99,99,fast
trees_100.newick,6,27,569,101,2017,99,99,fast
trees_100.newick,6,28,583,101,2067,99,99,fast
trees_100.newick,6,29,587,101,2154,99,99,fast
trees_100.newick,6,30,589,101,2126,99,99,fast
trees_100.newick,6,31,595,101,2141,99,99,fast
trees_100.newick,6,32,593,101,2146,99,99,fast
trees_100.newick,6,33,581,101,2010,99,99,fast
trees_100.newick,6,34,594,101,2195,99,99,fast
trees_100.newick,6,35,598,101,2075,99,99,fast
trees_100.newick,6,36,595,101,2184,99,99,fast
trees_100.newick,6,37,578,101,2047,99,99,fast
trees_100.newick,6,38,587,101,2085,99,99,fast
trees_100.newick,6,39,615,101,2115,99,99,fast
trees_100.newick,6,40,595,101,2090,99,99,fast
trees_100.newick,6,41,589,101,2095,99,99,fast
trees_100.newick,6,42,588,101,2133,99,99,fast
trees_100.newick,6,43,593,101,2048,99,99,fast
trees_100.newick,6,44,566,101,1947,99,99,fast
trees_100.newick,6,45,579,101,2191,99,99,fast
trees_100.newick,6,46,576,101,1994,99,99,fast
trees_100.newick,6,47,585,101,2117,99,99,fast
trees_100.newick,6,48,589,101,2157,99,99,fast
trees_100.newick,6,49,581,101,2056,99,99,fast
trees_100.newick,7,8,575,101,2061,99,99,fast
trees_100.newick,7,9,581,101,2048,99,99,fast
trees_100.newick,7,10,573,101,2013,99,99,fast
trees_100.newick,7,11,573,101,1987,99,99,fast
trees_100.newick,7,12,585,101,2104,99,99,fast
trees_100.newick,7,13,593,101,2109,99,99,fast
trees_100.newick,7,14,592,101,2115,99,99,fast
trees_100.newick,7,15,589,101,2076,99,99,fast
trees_100.newick,7,16,585,101,2065,99,99,fast
trees_100.newick,7,17,584,101,2100,99,99,fast
trees_100.newick,7,18,574,101,2003,99,99,fast
trees_100.newick,7,19,578,101,2008,99,99,fast
trees_100.newick,7,20,586,101,2105,99,99,fast
trees_100.newick,7,21,573,101,2004,99,99,fast
trees_100.newick,7,22,600,101,2149,99,99,fast
trees_100.newick,7,23,578,101,2022,99,99,fast
trees_100.newick,7,24,590,101,2198,99,99,fast
trees_100.newick,7,25,592,101,2025,99,99,fast
trees_100.newick,7,26,589,101,2098,99,99,fast
trees_100.newick,7,27,567,101,2011,99,99,fast
trees_100.newick,7,28,577,101,2060,99,99,fast
trees_100.newick,7,29,575,101,2068,99,99,fast
trees_100.newick,7,30,851,101,2052,99,99,fast
trees_100.newick,7,31,782,101,1991,99,99,fast
trees_100.newick,7,32,616,101,2045,99,99,fast
trees_100.newick,7,33,584,101,2024,99,99,fast
trees_100.newick,7,34,577,101,1988,99,99,fast
trees_100.newick,7,35,577,101,2017,99,99,fast
trees_100.newick,7,36,583,101,2039,99,99,fast
trees_100.newick,7,37,566,101,1971,99,99,fast
trees_100.newick,7,38,587,101,2049,99,99,fast
trees_100.newick,7,39,591,101,2087,99,99,fast
trees_100.newick,7,40,590,101,2032,99,99,fast
trees_100.newick,7,41,592,101,2164,99,99,fast
trees_100.newick,7,42,580,101,2084,99,99,fast
trees_100.newick,7,43,580,101,1998,99,99,fast
trees_100.newick,7,44,576,101,2073,99,99,fast
trees_100.newick,7,45,574,101,2084,99,99,fast
trees_100.newick,7,46,595,101,2101,99,99,fast
trees_100.newick,7,47,581,101,2100,99,99,fast
trees_100.newick,7,48,585,101,2093,99,99,fast
trees_100.newick,7,49,589,101,2141,99,99,fast
trees_100.newick,8,9,592,101,2083,99,99,fast
trees_100.newick,8,10,589,101,2074,99,99,fast
trees_100.newick,8,11,586,101,2125,99,99,fast
trees_100.newick,8,12,582,101,2040,99,99,fast
trees_100.newick,8,13,598,101,2121,99,99,fast
trees_100.newick,8,14,596,101,2160,99,99,fast
trees_100.newick,8,15,602,101,2051,99,99,fast
trees_100.newick,8,16,581,101,2033,99,99,fast
trees_100.newick,8,17,577,101,2017,99,99,fast
trees_100.newick,8,18,575,101,1984,99,99,fast
trees_100.newick,8,19,578,101,2031,99,99,fast
trees_100.newick,8,20,584,101,2069,99,99,fast
trees_100.newick,8,21,581,101,2061,99,99,fast
trees_100.newick,8,22,581,101,1944,99,99,fast
trees_100.newick,8,23,584,101,2054,99,99,fast
trees_100.newick,8,24,568,101,1952,99,99,fast
trees_100.newick,8,25,585,101,1979,99,99,fast
trees_100.newick,8,26,600,101,2116,99,99,fast
trees_100.newick,8,27,571,101,2048,99,99,fast
trees_100.newick,8,28,572,101,1952,99,99,fast
trees_100.newick,8,29,582,101,2144,99,99,fast
trees_100.newick,8,30,585,101,2088,99,99,fast
trees_100.newick,8,31,582,101,2065,99,99,fast
trees_100.newick,8,32,587,101,2113,99,99,fast
trees_100.newick,8,33,590,101,2093,99,99,fast
trees_100.newick,8,34,581,101,2089,99,99,fast
trees_100.newick,8,35,586,101,2108,99,99,fast
trees_100.newick,8,36,573,101,2041,99,99,fast
trees_100.newick,8,37,577,101,2102,99,99,fast
trees_100.newick,8,38,580,101,1988,99,99,fast
trees_100.newick,8,39,590,101,2052,99,99,fast
trees_100.newick,8,40,593,101,2143,99,99,fast
trees_100.newick,8,41,574,101,2000,99,99,fast
trees_100.newick,8,42,578,101,2079,99,99,fast
trees_100.newick,8,43,585,101,2056,99,99,fast
trees_100.newick,8,44,571,101,2062,99,99,fast
trees_100.newick,8,45,577,101,2115,99,99,fast
trees_100.newick,8,46,584,101,2107,99,99,fast
trees_100.newick,8,47,587,101,2141,99,99,fast
trees_100.newick,8,48,581,101,2129,99,99,fast
trees_100.newick,8,49,577,101,1985,99,99,fast
trees_100.newick,9,10,590,101,2145,99,99,fast
trees_100.newick,9,11,571,101,2017,99,99,fast
trees_100.newick,9,12,577,101,2054,99,99,fast
trees_100.newick,9,13,578,101,1961,99,99,fast
trees_100.newick,9,14,577,101,1984,99,99,fast
trees_100.newick,9,15,578,101,1980,99,99,fast
trees_100.newick,9,16,584,101,2084,99,99,fast
trees_100.newick,9,17,579,101,2070,99,99,fast
trees_100.newick,9,18,579,101,2017,99,99,fast
trees_100.newick,9,19,583,101,2058,99,99,fast
trees_100.newick,9,20,577,101,2050,99,99,fast
trees_100.newick,9,21,568,101,1945,99,99,fast
trees_100.newick,9,22,587,101,2053,99,99,fast
trees_100.newick,9,23,574,101,1964,99,99,fast
trees_100.newick,9,24,587,101,2125,99,99,fast
trees_100.newick,9,25,589,101,2026,99,99,fast
trees_100.newick,9,26,595,101,2088,99,99,fast
trees_100.newick,9,27,572,101,2049,99,99,fast
trees_100.newick,9,28,578,101,2043,99,99,fast
trees_100.newick,9,29,586,101,2128,99,99,fast
trees_100.newick,9,30,579,101,2088,99,99,fast
trees_100.newick,9,31,584,101,1934,99,99,fast
trees_100.newick,9,32,579,101,2030,99,99,fast
trees_100.newick,9,33,574,101,1973,99,99,fast
trees_100.newick,9,34,570,101,2031,99,99,fast
trees_100.newick,9,35,582,101,2050,99,99,fast
trees_100.newick,9,36,576,101,2070,99,99,fast
trees_100.newick,9,37,580,101,2102,99,99,fast
trees_100.newick,9,38,569,101,2033,99,99,fast
trees_100.newick,9,39,580,101,2041,99,99,fast
trees_100.newick,9,40,577,101,2005,99,99,fast
trees_100.newick,9,41,583,101,2090,99,99,fast
trees_100.newick,9,42,579,101,2072,99,99,fast
trees_100.newick,9,43,589,101,2055,99,99,fast
trees_100.newick,9,44,572,101,2056,99,99,fast
trees_100.newick,9,45,569,101,2068,99,99,fast
trees_100.newick,9,46,590,101,2077,99,99,fast
trees_100.newick,9,47,578,101,2004,99,99,fast
trees_100.newick,9,48,599,101,2078,99,99,fast
trees_100.newick,9,49,585,101,2084,99,99,fast
trees_100.newick,10,11,588,101,2099,99,99,fast
trees_100.newick,10,12,589,101,2172,99,99,fast
trees_100.newick,10,13,601,101,2104,99,99,fast
trees_100.newick,10,14,582,101,2103,99,99,fast
trees_100.newick,10,15,587,101,2055,99,99,fast
trees_100.newick,10,16,593,101,2217,99,99,fast
trees_100.newick,10,17,589,101,2118,99,99,fast
trees_100.newick,10,18,585,101,2156,99,99,fast
trees_100.newick,10,19,589,101,2074,99,99,fast
trees_100.newick,10,20,573,101,2032,99,99,fast
trees_100.newick,10,21,580,101,2071,99,99,fast
trees_100.newick,10,22,592,101,2130,99,99,fast
trees_100.newick,10,23,601,101,2181,99,99,fast
trees_100.newick,10,24,578,101,2106,99,99,fast
trees_100.newick,10,25,630,101,2114,99,99,fast
trees_100.newick,10,26,592,101,2103,99,99,fast
trees_100.newick,10,27,580,101,2093,99,99,fast
trees_100.newick,10,28,577,101,2100,99,99,fast
trees_100.newick,10,29,586,101,2115,99,99,fast
trees_100.newick,10,30,590,101,2158,99,99,fast
trees_100.newick,10,31,588,101,2093,99,99,fast
trees_100.newick,10,32,587,101,2165,99,99,fast
trees_100.newick,10,33,594,101,2198,99,99,fast
trees_100.newick,10,34,583,101,2066,99,99,fast
trees_100.newick,10,35,593,101,2140,99,99,fast
trees_100.newick,10,36,584,101,2076,99,99,fast
trees_100.newick,10,37,583,101,2119,99,99,fast
trees_100.newick,10,38,596,101,2189,99,99,fast
trees_100.newick,10,39,576,101,1979,99,99,fast
trees_100.newick,10,40,591,101,2074,99,99,fast
trees_100.newick,10,41,578,101,2069,99,99,fast
trees_100.newick,10,42,584,101,1992,99,99,fast
trees_100.newick,10,43,596,101,2179,99,99,fast
trees_100.newick,10,44,589,101,2114,99,99,fast
trees_100.newick,10,45,575,101,2140,99,99,fast
trees_100.newick,10,46,595,101,2116,99,99,fast
trees_100.newick,10,47,589,101,2175,99,99,fast
trees_100.newick,10,48,583,101,2111,99,99,fast
trees_100.newick,10,49,583,101,2063,99,99,fast
trees_100.newick,11,12,582,101,2125,99,99,fast
trees_100.newick,11,13,573,101,2014,99,99,fast
trees_100.newick,11,14,587,101,2167,99,99,fast
trees_100.newick,11,15,575,101,2029,99,99,fast
trees_100.newick,11,16,579,101,2113,99,99,fast
trees_100.newick,11,17,561,101,1975,99,99,fast
trees_100.newick,11,18,565,101,1976,99,99,fast
trees_100.newick,11,19,578,101,2042,99,99,fast
trees_100.newick,11,20,596,101,2022,99,99,fast
trees_100.newick,11,21,586,101,2053,99,99,fast
trees_100.newick,11,22,577,101,2004,99,99,fast
trees_100.newick,11,23,564,101,1903,99,99,fast
trees_100.newick,11,24,567,101,2031,99,99,fast
trees_100.newick,11,25,591,101,2046,99,99,fast
trees_100.newick,11,26,573,101,1988,99,99,fast
trees_100.newick,11,27,565,101,2053,99,99,fast
trees_100.newick,11,28,563,101,2004,99,99,fast
trees_100.newick,11,29,578,101,2088,99,99,fast
trees_100.newick,11,30,582,101,2148,99,99,fast
trees_100.newick,11,31,569,101,1974,99,99,fast
trees_100.newick,11,32,566,101,1996,99,99,fast
trees_100.newick,11,33,582,101,2084,99,99,fast
trees_100.newick,11,34,582,101,2113,99,99,fast
trees_100.newick,11,35,574,101,2046,99,99,fast
trees_100.newick,11,36,580,101,2069,99,99,fast
trees_100.newick,11,37,585,101,2057,99,99,fast
trees_100.newick,11,38,579,101,2082,99,99,fast
trees_100.newick,11,39,577,101,2005,99,99,fast
trees_100.newick,11,40,591,101,2132,99,99,fast
trees_100.newick,11,41,563,101,2018,99,99,fast
trees_100.newick,11,42,581,101,2027,99,99,fast
trees_100.newick,11,43,581,101,2059,99,99,fast
trees_100.newick,11,44,580,101,2114,99,99,fast
trees_100.newick,11,45,557,101,1985,99,99,fast
trees_100.newick,11,46,579,101,2025,99,99,fast
trees_100.newick,11,47,571,101,2025,99,99,fast
trees_100.newick,11,48,580,101,2123,99,99,fast
trees_100.newick,11,49,575,101,2055,99,99,fast
trees_100.newick,12,13,601,101,2119,99,99,fast
trees_100.newick,12,14,581,101,2092,99,99,fast
trees_100.newick,12,15,591,101,2099,99,99,fast
trees_100.newick,12,16,610,101,2116,99,99,fast
trees_100.newick,12,17,594,101,2155,99,99,fast
trees_100.newick,12,18,609,101,2148,99,99,fast
trees_100.newick,12,19,595,101,2137,99,99,fast
trees_100.newick,12,20,589,101,2104,99,99,fast
trees_100.newick,12,21,581,101,2046,99,99,fast
trees_100.newick,12,22,593,101,2088,99,99,fast
trees_100.newick,12,23,586,101,2130,99,99,fast
trees_100.newick,12,24,592,101,2169,99,99,fast
trees_100.newick,12,25,588,101,2040,99,99,fast
trees_100.newick,12,26,598,101,2123,99,99,fast
trees_100.newick,12,27,568,101,2039,99,99,fast
trees_100.newick,12,28,583,101,2123,99,99,fast
trees_100.newick,12,29,575,101,2074,99,99,fast
trees_100.newick,12,30,597,101,2200,99,99,fast
trees_100.newick,12,31,570,101,1990,99,99,fast
trees_100.newick,12,32,580,101,2082,99,99,fast
trees_100.newick,12,33,586,101,2129,99,99,fast
trees_100.newick,12,34,565,101,1942,99,99,fast
trees_100.newick,12,35,580,101,2085,99,99,fast
trees_100.newick,12,36,578,101,2020,99,99,fast
trees_100.newick,12,37,576,101,2113,99,99,fast
trees_100.newick,12,38,587,101,2158,99,99,fast
trees_100.newick,12,39,595,101,2128,99,99,fast
trees_100.newick,12,40,586,101,2079,99,99,fast
trees_100.newick,12,41,588,101,2133,99,99,fast
trees_100.newick,12,42,589,101,2119,99,99,fast
trees_100.newick,12,43,597,101,2130,99,99,fast
trees_100.newick,12,44,582,101,2106,99,99,fast
trees_100.newick,12,45,573,101,2060,99,99,fast
trees_100.newick,12,46,581,101,2080,99,99,fast
trees_100.newick,12,47,589,101,2089,99,99,fast
trees_100.newick,12,48,584,101,2125,99,99,fast
trees_100.newick,12,49,650,101,2031,99,99,fast
trees_100.newick,13,14,798,101,2111,99,99,fast
trees_100.newick,13,15,594,101,2178,99,99,fast
trees_100.newick,13,16,589,101,2133,99,99,fast
trees_100.newick,13,17,583,101,2068,99,99,fast
trees_100.newick,13,18,584,101,2093,99,99,fast
trees_100.newick,13,19,598,101,2143,99,99,fast
trees_100.newick,13,20,588,101,2121,99,99,fast
trees_100.newick,13,21,581,101,2044,99,99,fast
trees_100.newick,13,22,595,101,2160,99,99,fast
trees_100.newick,13,23,590,101,2053,99,99,fast
trees_100.newick,13,24,581,101,2108,99,99,fast
trees_100.newick,13,25,593,101,2004,99,99,fast
trees_100.newick,13,26,602,101,2206,99,99,fast
trees_100.newick,13,27,581,101,2115,99,99,fast
trees_100.newick,13,28,578,101,2143,99,99,fast
trees_100.newick,13,29,594,101,2108,99,99,fast
trees_100.newick,13,30,581,101,2120,99,99,fast
trees_100.newick,13,31,589,101,2055,99,99,fast
trees_100.newick,13,32,576,101,2098,99,99,fast
trees_100.newick,13,33,584,101,2050,99,99,fast
trees_100.newick,13,34,571,101,1998,99,99,fast
trees_100.newick,13,35,584,101,2065,99,99,fast
trees_100.newick,13,36,589,101,2162,99,99,fast
trees_100.newick,13,37,582,101,2113,99,99,fast
trees_100.newick,13,38,584,101,2086,99,99,fast
trees_100.newick,13,39,600,101,2164,99,99,fast
trees_100.newick,13,40,582,101,1999,99,99,fast
trees_100.newick,13,41,582,101,2081,99,99,fast
trees_100.newick,13,42,585,101,2056,99,99,fast
trees_100.newick,13,43,597,101,2164,99,99,fast
trees_100.newick,13,44,579,101,2046,99,99,fast
trees_100.newick,13,45,578,101,2071,99,99,fast
trees_100.newick,13,46,592,101,2078,99,99,fast
trees_100.newick,13,47,578,101,2056,99,99,fast
trees_100.newick,13,48,587,101,2106,99,99,fast
trees_100.newick,13,49,586,101,2067,99,99,fast
trees_100.newick,14,15,589,101,2080,99,99,fast
trees_100.newick,14,16,580,101,2080,99,99,fast
trees_100.newick,14,17,590,101,2130,99,99,fast
trees_100.newick,14,18,576,101,2070,99,99,fast
trees_100.newick,14,19,595,101,2148,99,99,fast
trees_100.newick,14,20,587,101,2115,99,99,fast
trees_100.newick,14,21,596,101,2177,99,99,fast
trees_100.newick,14,22,591,101,2118,99,99,fast
trees_100.newick,14,23,592,101,2116,99,99,fast
trees_100.newick,14,24,581,101,2137,99,99,fast
trees_100.newick,14,25,592,101,2021,99,99,fast
trees_100.newick,14,26,609,101,2141,99,99,fast
trees_100.newick,14,27,587,101,2152,99,99,fast
trees_100.newick,14,28,581,101,2087,99,99,fast
trees_100.newick,14,29,576,101,2050,99,99,fast
trees_100.newick,14,30,587,101,2099,99,99,fast
trees_100.newick,14,31,589,101,2104,99,99,fast
trees_100.newick,14,32,581,101,2061,99,99,fast
trees_100.newick,14,33,584,101,2150,99,99,fast
trees_100.newick,14,34,591,101,2138,99,99,fast
trees_100.newick,14,35,570,101,1996,99,99,fast
trees_100.newick,14,36,586,101,2104,99,99,fast
trees_100.newick,14,37,579,101,2149,99,99,fast
trees_100.newick,14,38,591,101,2118,99,99,fast
trees_100.newick,14,39,585,101,2104,99,99,fast
trees_100.newick,14,40,594,101,2081,99,99,fast
trees_100.newick,14,41,580,101,2038,99,99,fast
trees_100.newick,14,42,603,101,2160,99,99,fast
trees_100.newick,14,43,609,101,2177,99,99,fast
trees_100.newick,14,44,582,101,2069,99,99,fast
trees_100.newick,14,45,581,101,2176,99,99,fast
trees_100.newick,14,46,597,101,2156,99,99,fast
trees_100.newick,14,47,585,101,2144,99,99,fast
trees_100.newick,14,48,586,101,2102,99,99,fast
trees_100.newick,14,49,594,101,2157,99,99,fast
trees_100.newick,15,16,583,101,2056,99,99,fast
trees_100.newick,15,17,582,101,2076,99,99,fast
trees_100.newick,15,18,577,101,2006,99,99,fast
trees_100.newick,15,19,589,101,2089,99,99,fast
trees_100.newick,15,20,586,101,2077,99,99,fast
trees_100.newick,15,21,582,101,2013,99,99,fast
trees_100.newick,15,22,593,101,2110,99,99,fast
trees_100.newick,15,23,591,101,2046,99,99,fast
trees_100.newick,15,24,580,101,2116,99,99,fast
trees_100.newick,15,25,617,101,2126,99,99,fast
trees_100.newick,15,26,589,101,2060,99,99,fast
trees_100.newick,15,27,573,101,2028,99,99,fast
trees_100.newick,15,28,573,101,2055,99,99,fast
trees_100.newick,15,29,581,101,2088,99,99,fast
trees_100.newick,15,30,580,101,2117,99,99,fast
trees_100.newick,15,31,580,101,1973,99,99,fast
trees_100.newick,15,32,581,101,2070,99,99,fast
trees_100.newick,15,33,572,101,1913,99,99,fast
trees_100.newick,15,34,576,101,2036,99,99,fast
trees_100.newick,15,35,588,101,2045,99,99,fast
trees_100.newick,15,36,577,101,2007,99,99,fast
trees_100.newick,15,37,580,101,2099,99,99,fast
trees_100.newick,15,38,581,101,2137,99,99,fast
trees_100.newick,15,39,600,101,2138,99,99,fast
trees_100.newick,15,40,582,101,2015,99,99,fast
trees_100.newick,15,41,576,101,2052,99,99,fast
trees_100.newick,15,42,605,101,2092,99,99,fast
trees_100.newick,15,43,591,101,2080,99,99,fast
trees_100.newick,15,44,583,101,2119,99,99,fast
trees_100.newick,15,45,568,101,2034,99,99,fast
trees_100.newick,15,46,588,101,2045,99,99,fast
trees_100.newick,15,47,571,101,1999,99,99,fast
trees_100.newick,15,48,597,101,2167,99,99,fast
trees_100.newick,15,49,583,101,2072,99,99,fast
trees_100.newick,16,17,599,101,2193,99,99,fast
trees_100.newick,16,18,580,101,2103,99,99,fast
trees_100.newick,16,19,603,101,2165,99,99,fast
trees_100.newick,16,20,582,101,2133,99,99,fast
trees_100.newick,16,21,574,101,1968,99,99,fast
trees_100.newick,16,22,574,101,1974,99,99,fast
trees_100.newick,16,23,584,101,1999,99,99,fast
trees_100.newick,16,24,579,101,2099,99,99,fast
trees_100.newick,16,25,605,101,2065,99,99,fast
trees_100.newick,16,26,593,101,2119,99,99,fast
trees_100.newick,16,27,584,101,2155,99,99,fast
trees_100.newick,16,28,575,101,2076,99,99,fast
trees_100.newick,16,29,583,101,2160,99,99,fast
trees_100.newick,16,30,585,101,2172,99,99,fast
trees_100.newick,16,31,585,101,2148,99,99,fast
trees_100.newick,16,32,563,101,1964,99,99,fast
trees_100.newick,16,33,575,101,2039,99,99,fast
trees_100.newick,16,34,584,101,2079,99,99,fast
trees_100.newick,16,35,571,101,2047,99,99,fast
trees_100.newick,16,36,603,101,2141,99,99,fast
trees_100.newick,16,37,565,101,2008,99,99,fast
trees_100.newick,16,38,588,101,2078,99,99,fast
trees_100.newick,16,39,588,101,2118,99,99,fast
trees_100.newick,16,40,584,101,1973,99,99,fast
trees_100.newick,16,41,574,101,2047,99,99,fast
trees_100.newick,16,42,594,101,2122,99,99,fast
trees_100.newick,16,43,579,101,2022,99,99,fast
trees_100.newick,16,44,586,101,2068,99,99,fast
trees_100.newick,16,45,564,101,2061,99,99,fast
trees_100.newick,16,46,593,101,2138,99,99,fast
trees_100.newick,16,47,578,101,2122,99,99,fast
trees_100.newick,16,48,583,101,2085,99,99,fast
trees_100.newick,16,49,595,101,2179,99,99,fast
trees_100.newick,17,18,573,101,2064,99,99,fast
trees_100.newick,17,19,588,101,2130,99,99,fast
trees_100.newick,17,20,577,101,2076,99,99,fast
trees_100.newick,17,21,577,101,2052,99,99,fast
trees_100.newick,17,22,579,101,2065,99,99,fast
trees_100.newick,17,23,576,101,2003,99,99,fast
trees_100.newick,17,24,571,101,2079,99,99,fast
trees_100.newick,17,25,604,101,2117,99,99,fast
trees_100.newick,17,26,591,101,2131,99,99,fast
trees_100.newick,17,27,590,101,2127,99,99,fast
trees_100.newick,17,28,571,101,2037,99,99,fast
trees_100.newick,17,29,586,101,2083,99,99,fast
trees_100.newick,17,30,574,101,2074,99,99,fast
trees_100.newick,17,31,591,101,2118,99,99,fast
trees_100.newick,17,32,581,101,2147,99,99,fast
trees_100.newick,17,33,598,101,2134,99,99,fast
trees_100.newick,17,34,574,101,2030,99,99,fast
trees_100.newick,17,35,572,101,2000,99,99,fast
trees_100.newick,17,36,585,101,2020,99,99,fast
trees_100.newick,17,37,582,101,2155,99,99,fast
trees_100.newick,17,38,578,101,2063,99,99,fast
trees_100.newick,17,39,574,101,2034,99,99,fast
trees_100.newick,17,40,572,101,1985,99,99,fast
trees_100.newick,17,41,582,101,2107,99,99,fast
trees_100.newick,17,42,582,101,2126,99,99,fast
trees_100.newick,17,43,598,101,2193,99,99,fast
trees_100.newick,17,44,577,101,2027,99,99,fast
trees_100.newick,17,45,579,101,2155,99,99,fast
trees_100.newick,17,46,589,101,2067,99,99,fast
trees_100.newick,17,47,576,101,2056,99,99,fast
trees_100.newick,17,48,593,101,2144,99,99,fast
trees_100.newick,17,49,593,101,2177,99,99,fast
trees_100.newick,18,19,603,101,2147,99,99,fast
trees_100.newick,18,20,576,101,2076,99,99,fast
trees_100.newick,18,21,588,101,2086,99,99,fast
trees_100.newick,18,22,585,101,2061,99,99,fast
trees_100.newick,18,23,597,101,2145,99,99,fast
trees_100.newick,18,24,577,101,2109,99,99,fast
trees_100.newick,18,25,600,101,2091,99,99,fast
trees_100.newick,18,26,587,101,2089,99,99,fast
trees_100.newick,18,27,573,101,2031,99,99,fast
trees_100.newick,18,28,583,101,2090,99,99,fast
trees_100.newick,18,29,570,101,2005,99,99,fast
trees_100.newick,18,30,582,101,2133,99,99,fast
trees_100.newick,18,31,570,101,2007,99,99,fast
trees_100.newick,18,32,579,101,2096,99,99,fast
trees_100.newick,18,33,575,101,2028,99,99,fast
trees_100.newick,18,34,578,101,2096,99,99,fast
trees_100.newick,18,35,579,101,2105,99,99,fast
trees_100.newick,18,36,600,101,2102,99,99,fast
trees_100.newick,18,37,571,101,2085,99,99,fast
trees_100.newick,18,38,584,101,2083,99,99,fast
trees_100.newick,18,39,583,101,2112,99,99,fast
trees_100.newick,18,40,597,101,2155,99,99,fast
trees_100.newick,18,41,569,101,2066,99,99,fast
trees_100.newick,18,42,582,101,2037,99,99,fast
trees_100.newick,18,43,581,101,2054,99,99,fast
trees_100.newick,18,44,579,101,2055,99,99,fast
trees_100.newick,18,45,564,101,2021,99,99,fast
trees_100.newick,18,46,606,101,2212,99,99,fast
trees_100.newick,18,47,585,101,2140,99,99,fast
trees_100.newick,18,48,569,101,1975,99,99,fast
trees_100.newick,18,49,582,101,2096,99,99,fast
trees_100.newick,19,20,580,101,2010,99,99,fast
trees_100.newick,19,21,579,101,2064,99,99,fast
trees_100.newick,19,22,592,101,2096,99,99,fast
trees_100.newick,19,23,579,101,2063,99,99,fast
trees_100.newick,19,24,580,101,2134,99,99,fast
trees_100.newick,19,25,586,101,1996,99,99,fast
trees_100.newick,19,26,572,101,1952,99,99,fast
trees_100.newick,19,27,574,101,2002,99,99,fast
trees_100.newick,19,28,561,101,1987,99,99,fast
trees_100.newick,19,29,582,101,2092,99,99,fast
trees_100.newick,19,30,579,101,2100,99,99,fast
trees_100.newick,19,31,596,101,2079,99,99,fast
trees_100.newick,19,32,569,101,1985,99,99,fast
trees_100.newick,19,33,585,101,2034,99,99,fast
trees_100.newick,19,34,572,101,2032,99,99,fast
trees_100.newick,19,35,582,101,2073,99,99,fast
trees_100.newick,19,36,577,101,2036,99,99,fast
trees_100.newick,19,37,581,101,2118,99,99,fast
trees_100.newick,19,38,578,101,2065,99,99,fast
trees_100.newick,19,39,590,101,1946,99,99,fast
trees_100.newick,19,40,596,101,2177,99,99,fast
trees_100.newick,19,41,584,101,2141,99,99,fast
trees_100.newick,19,42,584,101,2139,99,99,fast
trees_100.newick,19,43,594,101,2151,99,99,fast
trees_100.newick,19,44,571,101,2071,99,99,fast
trees_100.newick,19,45,562,101,2019,99,99,fast
trees_100.newick,19,46,590,101,2034,99,99,fast
trees_100.newick,19,47,584,101,2026,99,99,fast
trees_100.newick,19,48,577,101,2049,99,99,fast
trees_100.newick,19,49,580,101,2077,99,99,fast
trees_100.newick,20,21,591,101,2042,99,99,fast
trees_100.newick,20,22,587,101,2071,99,99,fast
trees_100.newick,20,23,583,101,1988,99,99,fast
trees_100.newick,20,24,582,101,2081,99,99,fast
trees_100.newick,20,25,594,101,1962,99,99,fast
trees_100.newick,20,26,583,101,2028,99,99,fast
trees_100.newick,20,27,567,101,1977,99,99,fast
trees_100.newick,20,28,580,101,2107,99,99,fast
trees_100.newick,20,29,584,101,2124,99,99,fast
trees_100.newick,20,30,576,101,2078,99,99,fast
trees_100.newick,20,31,579,101,2045,99,99,fast
trees_100.newick,20,32,579,101,2088,99,99,fast
trees_100.newick,20,33,569,101,1968,99,99,fast
trees_100.newick,20,34,582,101,2047,99,99,fast
trees_100.newick,20,35,592,101,2088,99,99,fast
trees_100.newick,20,36,572,101,1978,99,99,fast
trees_100.newick,20,37,574,101,2081,99,99,fast
trees_100.newick,20,38,594,101,2146,99,99,fast
trees_100.newick,20,39,582,101,2054,99,99,fast
trees_100.newick,20,40,606,101,2155,99,99,fast
trees_100.newick,20,41,591,101,2068,99,99,fast
trees_100.newick,20,42,589,101,2065,99,99,fast
trees_100.newick,20,43,593,101,2132,99,99,fast
trees_100.newick,20,44,596,101,2155,99,99,fast
trees_100.newick,20,45,561,101,1995,99,99,fast
trees_100.newick,20,46,581,101,2026,99,99,fast
trees_100.newick,20,47,582,101,2121,99,99,fast
trees_100.newick,20,48,579,101,2048,99,99,fast
trees_100.newick,20,49,585,101,2121,99,99,fast
trees_100.newick,21,22,590,101,2091,99,99,fast
trees_100.newick,21,23,576,101,2021,99,99,fast
trees_100.newick,21,24,579,101,2071,99,99,fast
trees_100.newick,21,25,589,101,2056,99,99,fast
trees_100.newick,21,26,590,101,2104,99,99,fast
trees_100.newick,21,27,563,101,1950,99,99,fast
trees_100.newick,21,28,575,101,2073,99,99,fast
trees_100.newick,21,29,583,101,2105,99,99,fast
trees_100.newick,21,30,566,101,2012,99,99,fast
trees_100.newick,21,31,593,101,2109,99,99,fast
trees_100.newick,21,32,574,101,2086,99,99,fast
trees_100.newick,21,33,587,101,2044,99,99,fast
trees_100.newick,21,34,574,101,2051,99,99,fast
trees_100.newick,21,35,579,101,2026,99,99,fast
trees_100.newick,21,36,559,101,1907,99,99,fast
trees_100.newick,21,37,577,101,2091,99,99,fast
trees_100.newick,21,38,578,101,2109,99,99,fast
trees_100.newick,21,39,586,101,2072,99,99,fast
trees_100.newick,21,40,598,101,2074,99,99,fast
trees_100.newick,21,41,579,101,2084,99,99,fast
trees_100.newick,21,42,581,101,2089,99,99,fast
trees_100.newick,21,43,595,101,2167,99,99,fast
trees_100.newick,21,44,586,101,2039,99,99,fast
trees_100.newick,21,45,566,101,2053,99,99,fast
trees_100.newick,21,46,592,101,2109,99,99,fast
trees_100.newick,21,47,563,101,1965,99,99,fast
trees_100.newick,21,48,582,101,2092,99,99,fast
trees_100.newick,21,49,585,101,2110,99,99,fast
trees_100.newick,22,23,597,101,2166,99,99,fast
trees_100.newick,22,24,571,101,2032,99,99,fast
trees_100.newick,22,25,612,101,2166,99,99,fast
trees_100.newick,22,26,584,101,2076,99,99,fast
trees_100.newick,22,27,581,101,2046,99,99,fast
trees_100.newick,22,28,578,101,2111,99,99,fast
trees_100.newick,22,29,597,101,2128,99,99,fast
trees_100.newick,22,30,570,101,2036,99,99,fast
trees_100.newick,22,31,579,101,2000,99,99,fast
trees_100.newick,22,32,571,101,2046,99,99,fast
trees_100.newick,22,33,590,101,2150,99,99,fast
trees_100.newick,22,34,585,101,2147,99,99,fast
trees_100.newick,22,35,584,101,2163,99,99,fast
trees_100.newick,22,36,583,101,2132,99,99,fast
trees_100.newick,22,37,562,101,1981,99,99,fast
trees_100.newick,22,38,581,101,2130,99,99,fast
trees_100.newick,22,39,591,101,2177,99,99,fast
trees_100.newick,22,40,595,101,2122,99,99,fast
trees_100.newick,22,41,577,101,2081,99,99,fast
trees_100.newick,22,42,582,101,2078,99,99,fast
trees_100.newick,22,43,584,101,2065,99,99,fast
trees_100.newick,22,44,582,101,2058,99,99,fast
trees_100.newick,22,45,561,101,1977,99,99,fast
trees_100.newick,22,46,601,101,2019,99,99,fast
trees_100.newick,22,47,586,101,2177,99,99,fast
trees_100.newick,22,48,603,101,2133,99,99,fast
trees_100.newick,22,49,589,101,2164,99,99,fast
trees_100.newick,23,24,579,101,2057,99,99,fast
trees_100.newick,23,25,582,101,2013,99,99,fast
trees_100.newick,23,26,578,101,1916,99,99,fast
trees_100.newick,23,27,566,101,1995,99,99,fast
trees_100.newick,23,28,579,101,2087,99,99,fast
trees_100.newick,23,29,575,101,2097,99,99,fast
trees_100.newick,23,30,575,101,2049,99,99,fast
trees_100.newick,23,31,568,101,2004,99,99,fast
trees_100.newick,23,32,561,101,1994,99,99,fast
trees_100.newick,23,33,584,101,2069,99,99,fast
trees_100.newick,23,34,575,101,2069,99,99,fast
trees_100.newick,23,35,583,101,2106,99,99,fast
trees_100.newick,23,36,580,101,2103,99,99,fast
trees_100.newick,23,37,586,101,2110,99,99,fast
trees_100.newick,23,38,582,101,2092,99,99,fast
trees_100.newick,23,39,585,101,2027,99,99,fast
trees_100.newick,23,40,590,101,2127,99,99,fast
trees_100.newick,23,41,592,101,2139,99,99,fast
trees_100.newick,23,42,575,101,2011,99,99,fast
trees_100.newick,23,43,601,101,2140,99,99,fast
trees_100.newick,23,44,567,101,1994,99,99,fast
trees_100.newick,23,45,574,101,2072,99,99,fast
trees_100.newick,23,46,580,101,2076,99,99,fast
trees_100.newick,23,47,584,101,2149,99,99,fast
trees_100.newick,23,48,571,101,2070,99,99,fast
trees_100.newick,23,49,593,101,2163,99,99,fast
trees_100.newick,24,25,588,101,2017,99,99,fast
trees_100.newick,24,26,591,101,2130,99,99,fast
trees_100.newick,24,27,567,101,2086,99,99,fast
trees_100.newick,24,28,585,101,2068,99,99,fast
trees_100.newick,24,29,585,101,2189,99,99,fast
trees_100.newick,24,30,585,101,2036,99,99,fast
trees_100.newick,24,31,588,101,2159,99,99,fast
trees_100.newick,24,32,578,101,2155,99,99,fast
trees_100.newick,24,33,587,101,2141,99,99,fast
trees_100.newick,24,34,571,101,2085,99,99,fast
trees_100.newick,24,35,586,101,2109,99,99,fast
trees_100.newick,24,36,575,101,2073,99,99,fast
trees_100.newick,24,37,595,101,2236,99,99,fast
trees_100.newick,24,38,564,101,2020,99,99,fast
trees_100.newick,24,39,596,101,2145,99,99,fast
trees_100.newick,24,40,579,101,2047,99,99,fast
trees_100.newick,24,41,586,101,2124,99,99,fast
trees_100.newick,24,42,587,101,2181,99,99,fast
trees_100.newick,24,43,596,101,2166,99,99,fast
trees_100.newick,24,44,586,101,2087,99,99,fast
trees_100.newick,24,45,556,101,2013,99,99,fast
trees_100.newick,24,46,582,101,2104,99,99,fast
trees_100.newick,24,47,580,101,2147,99,99,fast
trees_100.newick,24,48,577,101,2116,99,99,fast
trees_100.newick,24,49,575,101,2010,99,99,fast
trees_100.newick,25,26,596,101,2027,99,99,fast
trees_100.newick,25,27,571,101,2019,99,99,fast
trees_100.newick,25,28,589,101,2097,99,99,fast
trees_100.newick,25,29,586,101,2124,99,99,fast
trees_100.newick,25,30,591,101,2037,99,99,fast
trees_100.newick,25,31,588,101,2081,99,99,fast
trees_100.newick,25,32,587,101,2026,99,99,fast
trees_100.newick,25,33,579,101,2029,99,99,fast
trees_100.newick,25,34,592,101,2063,99,99,fast
trees_100.newick,25,35,582,101,2081,99,99,fast
trees_100.newick,25,36,672,101,2047,99,99,fast
trees_100.newick,25,37,581,101,2086,99,99,fast
trees_100.newick,25,38,591,101,2048,99,99,fast
trees_100.newick,25,39,587,101,2046,99,99,fast
trees_100.newick,25,40,589,101,2009,99,99,fast
trees_100.newick,25,41,589,101,2104,99,99,fast
trees_100.newick,25,42,588,101,2072,99,99,fast
trees_100.newick,25,43,591,101,2064,99,99,fast
trees_100.newick,25,44,578,101,2048,99,99,fast
trees_100.newick,25,45,565,101,1969,99,99,fast
trees_100.newick,25,46,591,101,2080,99,99,fast
trees_100.newick,25,47,582,101,2057,99,99,fast
trees_100.newick,25,48,586,101,2062,99,99,fast
trees_100.newick,25,49,606,101,2190,99,99,fast
trees_100.newick,26,27,567,101,1967,99,99,fast
trees_100.newick,26,28,591,101,2088,99,99,fast
trees_100.newick,26,29,577,101,2042,99,99,fast
trees_100.newick,26,30,596,101,2051,99,99,fast
trees_100.newick,26,31,586,101,2079,99,99,fast
trees_100.newick,26,32,597,101,2109,99,99,fast
trees_100.newick,26,33,585,101,2094,99,99,fast
trees_100.newick,26,34,599,101,2138,99,99,fast
trees_100.newick,26,35,586,101,2109,99,99,fast
trees_100.newick,26,36,598,101,2108,99,99,fast
trees_100.newick,26,37,582,101,2103,99,99,fast
trees_100.newick,26,38,585,101,2002,99,99,fast
trees_100.newick,26,39,578,101,1972,99,99,fast
trees_100.newick,26,40,606,101,2124,99,99,fast
trees_100.newick,26,41,581,101,2050,99,99,fast
trees_100.newick,26,42,598,101,2114,99,99,fast
trees_100.newick,26,43,603,101,2182,99,99,fast
trees_100.newick,26,44,576,101,2013,99,99,fast
trees_100.newick,26,45,572,101,2054,99,99,fast
trees_100.newick,26,46,624,101,2073,99,99,fast
trees_100.newick,26,47,586,101,2123,99,99,fast
trees_100.newick,26,48,593,101,2164,99,99,fast
trees_100.newick,26,49,593,101,2091,99,99,fast
trees_100.newick,27,28,567,101,1998,99,99,fast
trees_100.newick,27,29,566,101,1991,99,99,fast
trees_100.newick,27,30,572,101,2067,99,99,fast
trees_100.newick,27,31,587,101,2080,99,99,fast
trees_100.newick,27,32,576,101,2077,99,99,fast
trees_100.newick,27,33,584,101,2056,99,99,fast
trees_100.newick,27,34,577,101,2074,99,99,fast
trees_100.newick,27,35,579,101,1980,99,99,fast
trees_100.newick,27,36,570,101,2022,99,99,fast
trees_100.newick,27,37,576,101,2071,99,99,fast
trees_100.newick,27,38,569,101,2033,99,99,fast
trees_100.newick,27,39,576,101,1979,99,99,fast
trees_100.newick,27,40,583,101,2044,99,99,fast
trees_100.newick,27,41,570,101,2068,99,99,fast
trees_100.newick,27,42,582,101,2099,99,99,fast
trees_100.newick,27,43,585,101,2113,99,99,fast
trees_100.newick,27,44,574,101,2063,99,99,fast
trees_100.newick,27,45,559,101,2028,99,99,fast
trees_100.newick,27,46,587,101,2076,99,99,fast
trees_100.newick,27,47,576,101,2102,99,99,fast
trees_100.newick,27,48,580,101,2105,99,99,fast
trees_100.newick,27,49,577,101,2060,99,99,fast
trees_100.newick,28,29,584,101,2120,99,99,fast
trees_100.newick,28,30,576,101,2113,99,99,fast
trees_100.newick,28,31,579,101,2033,99,99,fast
trees_100.newick,28,32,574,101,2089,99,99,fast
trees_100.newick,28,33,591,101,2137,99,99,fast
trees_100.newick,28,34,579,101,2034,99,99,fast
trees_100.newick,28,35,581,101,2070,99,99,fast
trees_100.newick,28,36,575,101,2074,99,99,fast
trees_100.newick,28,37,576,101,2136,99,99,fast
trees_100.newick,28,38,565,101,1992,99,99,fast
trees_100.newick,28,39,578,101,2107,99,99,fast
trees_100.newick,28,40,583,101,2061,99,99,fast
trees_100.newick,28,41,575,101,2115,99,99,fast
trees_100.newick,28,42,577,101,2058,99,99,fast
trees_100.newick,28,43,579,101,2040,99,99,fast
trees_100.newick,28,44,570,101,1998,99,99,fast
trees_100.newick,28,45,564,101,2068,99,99,fast
trees_100.newick,28,46,586,101,2049,99,99,fast
trees_100.newick,28,47,578,101,2111,99,99,fast
trees_100.newick,28,48,589,101,2145,99,99,fast
trees_100.newick,28,49,582,101,2062,99,99,fast
trees_100.newick,29,30,593,101,2143,99,99,fast
trees_100.newick,29,31,573,101,2043,99,99,fast
trees_100.newick,29,32,587,101,2065,99,99,fast
trees_100.newick,29,33,597,101,2092,99,99,fast
trees_100.newick,29,34,589,101,2077,99,99,fast
trees_100.newick,29,35,573,101,2034,99,99,fast
trees_100.newick,29,36,580,101,2064,99,99,fast
trees_100.newick,29,37,570,101,2092,99,99,fast
trees_100.newick,29,38,581,101,2127,99,99,fast
trees_100.newick,29,39,587,101,2116,99,99,fast
trees_100.newick,29,40,584,101,2082,99,99,fast
trees_100.newick,29,41,587,101,2184,99,99,fast
trees_100.newick,29,42,574,101,2081,99,99,fast
trees_100.newick,29,43,592,101,2180,99,99,fast
trees_100.newick,29,44,569,101,2095,99,99,fast
trees_100.newick,29,45,591,101,2121,99,99,fast
trees_100.newick,29,46,573,101,2027,99,99,fast
trees_100.newick,29,47,588,101,2172,99,99,fast
trees_100.newick,29,48,583,101,2143,99,99,fast
trees_100.newick,29,49,613,101,2087,99,99,fast
trees_100.newick,30,31,580,101,2129,99,99,fast
trees_100.newick,30,32,584,101,2102,99,99,fast
trees_100.newick,30,33,574,101,2073,99,99,fast
trees_100.newick,30,34,587,101,2121,99,99,fast
trees_100.newick,30,35,580,101,2144,99,99,fast
trees_100.newick,30,36,586,101,2100,99,99,fast
trees_100.newick,30,37,576,101,2122,99,99,fast
trees_100.newick,30,38,574,101,2040,99,99,fast
trees_100.newick,30,39,577,101,2047,99,99,fast
trees_100.newick,30,40,587,101,2067,99,99,fast
trees_100.newick,30,41,574,101,2082,99,99,fast
trees_100.newick,30,42,578,101,2092,99,99,fast
trees_100.newick,30,43,590,101,2130,99,99,fast
trees_100.newick,30,44,577,101,2138,99,99,fast
trees_100.newick,30,45,566,101,2083,99,99,fast
trees_100.newick,30,46,585,101,2093,99,99,fast
trees_100.newick,30,47,575,101,2000,99,99,fast
trees_100.newick,30,48,580,101,2134,99,99,fast
trees_100.newick,30,49,583,101,2086,99,99,fast
trees_100.newick,31,32,573,101,2044,99,99,fast
trees_100.newick,31,33,586,101,2004,99,99,fast
trees_100.newick,31,34,571,101,2025,99,99,fast
trees_100.newick,31,35,582,101,2036,99,99,fast
trees_100.newick,31,36,578,101,2064,99,99,fast
trees_100.newick,31,37,576,101,2017,99,99,fast
trees_100.newick,31,38,563,101,1963,99,99,fast
trees_100.newick,31,39,609,101,2103,99,99,fast
trees_100.newick,31,40,588,101,2092,99,99,fast
trees_100.newick,31,41,575,101,1977,99,99,fast
trees_100.newick,31,42,590,101,2095,99,99,fast
trees_100.newick,31,43,597,101,2115,99,99,fast
trees_100.newick,31,44,581,101,2052,99,99,fast
trees_100.newick,31,45,591,101,2089,99,99,fast
trees_100.newick,31,46,583,101,2045,99,99,fast
trees_100.newick,31,47,591,101,2101,99,99,fast
trees_100.newick,31,48,590,101,2110,99,99,fast
trees_100.newick,31,49,586,101,2069,99,99,fast
trees_100.newick,32,33,592,101,1977,99,99,fast
trees_100.newick,32,34,585,101,2076,99,99,fast
trees_100.newick,32,35,588,101,2025,99,99,fast
trees_100.newick,32,36,587,101,2064,99,99,fast
trees_100.newick,32,37,591,101,2142,99,99,fast
trees_100.newick,32,38,589,101,2089,99,99,fast
trees_100.newick,32,39,601,101,2094,99,99,fast
trees_100.newick,32,40,588,101,2051,99,99,fast
trees_100.newick,32,41,593,101,2069,99,99,fast
trees_100.newick,32,42,589,101,2097,99,99,fast
trees_100.newick,32,43,608,101,2100,99,99,fast
trees_100.newick,32,44,585,101,2124,99,99,fast
trees_100.newick,32,45,593,101,2084,99,99,fast
trees_100.newick,32,46,585,101,2031,99,99,fast
trees_100.newick,32,47,589,101,2051,99,99,fast
trees_100.newick,32,48,576,101,1961,99,99,fast
trees_100.newick,32,49,602,101,2129,99,99,fast
trees_100.newick,33,34,586,101,2061,99,99,fast
trees_100.newick,33,35,598,101,2191,99,99,fast
trees_100.newick,33,36,587,101,2124,99,99,fast
trees_100.newick,33,37,590,101,2062,99,99,fast
trees_100.newick,33,38,584,101,2124,99,99,fast
trees_100.newick,33,39,589,101,2036,99,99,fast
trees_100.newick,33,40,590,101,2042,99,99,fast
trees_100.newick,33,41,581,101,2095,99,99,fast
trees_100.newick,33,42,599,101,2145,99,99,fast
trees_100.newick,33,43,596,101,2117,99,99,fast
trees_100.newick,33,44,583,101,2078,99,99,fast
trees_100.newick,33,45,592,101,2067,99,99,fast
trees_100.newick,33,46,597,101,2133,99,99,fast
trees_100.newick,33,47,584,101,2119,99,99,fast
trees_100.newick,33,48,583,101,2090,99,99,fast
trees_100.newick,33,49,588,101,2115,99,99,fast
trees_100.newick,34,35,579,101,2004,99,99,fast
trees_100.newick,34,36,572,101,2035,99,99,fast
trees_100.newick,34,37,570,101,2001,99,99,fast
trees_100.newick,34,38,574,101,2044,99,99,fast
trees_100.newick,34,39,587,101,2071,99,99,fast
trees_100.newick,34,40,577,101,2000,99,99,fast
trees_100.newick,34,41,583,101,2066,99,99,fast
trees_100.newick,34,42,589,101,2139,99,99,fast
trees_100.newick,34,43,587,101,2021,99,99,fast
trees_100.newick,34,44,574,101,2030,99,99,fast
trees_100.newick,34,45,582,101,2148,99,99,fast
trees_100.newick,34,46,587,101,2069,99,99,fast
trees_100.newick,34,47,719,101,2161,99,99,fast
trees_100.newick,34,48,584,101,2031,99,99,fast
trees_100.newick,34,49,588,101,2090,99,99,fast
trees_100.newick,35,36,596,101,2079,99,99,fast
trees_100.newick,35,37,575,101,2033,99,99,fast
trees_100.newick,35,38,585,101,2093,99,99,fast
trees_100.newick,35,39,590,101,2088,99,99,fast
trees_100.newick,35,40,590,101,2063,99,99,fast
trees_100.newick,35,41,600,101,2057,99,99,fast
trees_100.newick,35,42,603,101,2200,99,99,fast
trees_100.newick,35,43,587,101,2064,99,99,fast
trees_100.newick,35,44,590,101,2086,99,99,fast
trees_100.newick,35,45,581,101,2148,99,99,fast
trees_100.newick,35,46,593,101,2055,99,99,fast
trees_100.newick,35,47,585,101,2153,99,99,fast
trees_100.newick,35,48,586,101,2112,99,99,fast
trees_100.newick,35,49,603,101,2142,99,99,fast
trees_100.newick,36,37,594,101,2128,99,99,fast
trees_100.newick,36,38,587,101,2131,99,99,fast
trees_100.newick,36,39,605,101,2145,99,99,fast
trees_100.newick,36,40,582,101,1991,99,99,fast
trees_100.newick,36,41,597,101,2138,99,99,fast
trees_100.newick,36,42,589,101,2114,99,99,fast
trees_100.newick,36,43,593,101,2044,99,99,fast
trees_100.newick,36,44,579,101,2031,99,99,fast
trees_100.newick,36,45,581,101,2107,99,99,fast
trees_100.newick,36,46,584,101,1991,99,99,fast
trees_100.newick,36,47,599,101,2144,99,99,fast
trees_100.newick,36,48,588,101,2096,99,99,fast
trees_100.newick,36,49,589,101,2098,99,99,fast
trees_100.newick,37,38,585,101,2115,99,99,fast
trees_100.newick,37,39,581,101,2045,99,99,fast
trees_100.newick,37,40,588,101,2063,99,99,fast
trees_100.newick,37,41,568,101,2007,99,99,fast
trees_100.newick,37,42,580,101,2043,99,99,fast
trees_100.newick,37,43,582,101,2058,99,99,fast
trees_100.newick,37,44,584,101,2128,99,99,fast
trees_100.newick,37,45,568,101,2100,99,99,fast
trees_100.newick,37,46,591,101,2059,99,99,fast
trees_100.newick,37,47,585,101,2121,99,99,fast
trees_100.newick,37,48,595,101,2179,99,99,fast
trees_100.newick,37,49,580,101,2070,99,99,fast
trees_100.newick,38,39,588,101,2075,99,99,fast
trees_100.newick,38,40,577,101,2014,99,99,fast
trees_100.newick,38,41,581,101,2085,99,99,fast
trees_100.newick,38,42,585,101,2139,99,99,fast
trees_100.newick,38,43,582,101,2015,99,99,fast
trees_100.newick,38,44,584,101,2092,99,99,fast
trees_100.newick,38,45,578,101,2110,99,99,fast
trees_100.newick,38,46,602,101,2106,99,99,fast
trees_100.newick,38,47,582,101,2099,99,99,fast
trees_100.newick,38,48,592,101,2149,99,99,fast
trees_100.newick,38,49,582,101,2071,99,99,fast
trees_100.newick,39,40,591,101,2054,99,99,fast
trees_100.newick,39,41,586,101,2068,99,99,fast
trees_100.newick,39,42,598,101,2183,99,99,fast
trees_100.newick,39,43,595,101,2072,99,99,fast
trees_100.newick,39,44,583,101,2073,99,99,fast
trees_100.newick,39,45,570,101,2056,99,99,fast
trees_100.newick,39,46,591,101,2076,99,99,fast
trees_100.newick,39,47,580,101,2071,99,99,fast
trees_100.newick,39,48,580,101,2086,99,99,fast
trees_100.newick,39,49,595,101,2179,99,99,fast
trees_100.newick,40,41,569,101,1993,99,99,fast
trees_100.newick,40,42,582,101,2057,99,99,fast
trees_100.newick,40,43,601,101,2074,99,99,fast
trees_100.newick,40,44,567,101,1968,99,99,fast
trees_100.newick,40,45,578,101,2074,99,99,fast
trees_100.newick,40,46,589,101,2058,99,99,fast
trees_100.newick,40,47,599,101,2079,99,99,fast
trees_100.newick,40,48,580,101,1995,99,99,fast
trees_100.newick,40,49,596,101,2155,99,99,fast
trees_100.newick,41,42,586,101,2103,99,99,fast
trees_100.newick,41,43,592,101,2122,99,99,fast
trees_100.newick,41,44,577,101,2065,99,99,fast
trees_100.newick,41,45,572,101,2093,99,99,fast
trees_100.newick,41,46,585,101,2084,99,99,fast
trees_100.newick,41,47,580,101,2116,99,99,fast
trees_100.newick,41,48,571,101,2004,99,99,fast
trees_100.newick,41,49,594,101,2210,99,99,fast
trees_100.newick,42,43,591,101,2071,99,99,fast
trees_100.newick,42,44,582,101,2079,99,99,fast
trees_100.newick,42,45,579,101,2092,99,99,fast
trees_100.newick,42,46,598,101,2172,99,99,fast
trees_100.newick,42,47,587,101,2136,99,99,fast
trees_100.newick,42,48,583,101,2093,99,99,fast
trees_100.newick,42,49,575,101,1988,99,99,fast
trees_100.newick,43,44,585,101,2088,99,99,fast
trees_100.newick,43,45,591,101,2197,99,99,fast
trees_100.newick,43,46,587,101,2072,99,99,fast
trees_100.newick,43,47,588,101,2075,99,99,fast
trees_100.newick,43,48,592,101,2094,99,99,fast
trees_100.newick,43,49,596,101,2096,99,99,fast
trees_100.newick,44,45,571,101,2024,99,99,fast
trees_100.newick,44,46,583,101,2063,99,99,fast
trees_100.newick,44,47,588,101,2184,99,99,fast
trees_100.newick,44,48,581,101,2057,99,99,fast
trees_100.newick,44,49,584,101,2050,99,99,fast
trees_100.newick,45,46,592,101,2085,99,99,fast
trees_100.newick,45,47,569,101,2005,99,99,fast
trees_100.newick,45,48,563,101,2011,99,99,fast
trees_100.newick,45,49,584,101,2102,99,99,fast
trees_100.newick,46,47,577,101,2063,99,99,fast
trees_100.newick,46,48,588,101,2164,99,99,fast
trees_100.newick,46,49,586,101,2148,99,99,fast
trees_100.newick,47,48,587,101,2151,99,99,fast
trees_100.newick,47,49,591,101,2166,99,99,fast
trees_100.newick,48,49,583,101,2089,99,99,fast
trees_200.newick,0,1,1614,201,5591,199,199,fast
trees_200.newick,0,2,1371,201,5525,199,199,fast
trees_200.newick,0,3,1359,201,5753,199,199,fast
trees_200.newick,0,4,1383,201,5449,199,199,fast
trees_200.newick,0,5,1376,201,5725,199,199,fast
trees_200.newick,0,6,1345,201,5587,199,199,fast
trees_200.newick,0,7,1374,201,5503,199,199,fast
trees_200.newick,0,8,1363,201,5451,199,199,fast
trees_200.newick,0,9,1390,201,5666,199,199,fast
trees_200.newick,0,10,1374,201,5725,199,199,fast
trees_200.newick,0,11,1368,201,5628,199,199,fast
trees_200.newick,0,12,1374,201,5733,199,199,fast
trees_200.newick,0,13,1344,201,5531,199,199,fast
trees_200.newick,0,14,1345,201,5670,199,199,fast
trees_200.newick,0,15,1343,201,5500,199,199,fast
trees_200.newick,0,16,1350,201,5589,199,199,fast
trees_200.newick,0,17,1365,201,5567,199,199,fast
trees_200.newick,0,18,1349,201,5492,199,199,fast
trees_200.newick,0,19,1344,201,5506,199,199,fast
trees_200.newick,0,20,1325,201,5451,199,199,fast
trees_200.newick,0,21,1375,201,5594,199,199,fast
trees_200.newick,0,22,1353,201,5560,199,199,fast
trees_200.newick,0,23,1367,201,5653,199,199,fast
trees_200.newick,0,24,1329,201,5510,199,199,fast
trees_200.newick,0,25,1314,201,5467,199,199,fast
trees_200.newick,0,26,1380,201,5617,199,199,fast
trees_200.newick,0,27,1368,201,5667,199,199,fast
trees_200.newick,0,28,1362,201,5721,199,199,fast
trees_200.newick,0,29,1350,201,5573,199,199,fast
trees_200.newick,0,30,1356,201,5711,199,199,fast
trees_200.newick,0,31,1348,201,5609,199,199,fast
trees_200.newick,0,32,1359,201,5662,199,199,fast
trees_200.newick,0,33,1365,201,5713,199,199,fast
trees_200.newick,0,34,1352,201,5573,199,199,fast
trees_200.newick,0,35,1342,201,5620,199,199,fast
trees_200.newick,0,36,1354,201,5653,199,199,fast
trees_200.newick,0,37,1370,201,5689,199,199,fast
trees_200.newick,0,38,1368,201,5635,199,199,fast
trees_200.newick,0,39,1362,201,5704,199,199,fast
trees_200.newick,0,40,1353,201,5558,199,199,fast
trees_200.newick,0,41,1332,201,5454,199,199,fast
trees_200.newick,0,42,1352,201,5631,199,199,fast
trees_200.newick,0,43,1361,201,5738,199,199,fast
trees_200.newick,0,44,1351,201,5572,199,199,fast
trees_200.newick,0,45,1352,201,5571,199,199,fast
trees_200.newick,0,46,1371,201,5721,199,199,fast
trees_200.newick,0,47,1337,201,5552,199,199,fast
trees_200.newick,0,48,1350,201,5645,199,199,fast
trees_200.newick,0,49,1383,201,5775,199,199,fast
trees_200.newick,1,2,1417,201,5727,199,199,fast
trees_200.newick,1,3,1371,201,5662,199,199,fast
trees_200.newick,1,4,1370,201,5626,199,199,fast
trees_200.newick,1,5,1364,201,5477,199,199,fast
trees_200.newick,1,6,1362,201,5643,199,199,fast
trees_200.newick,1,7,1382,201,5731,199,199,fast
trees_200.newick,1,8,1390,201,5624,199,199,fast
trees_200.newick,1,9,1379,201,5592,199,199,fast
trees_200.newick,1,10,1375,201,5692,199,199,fast
trees_200.newick,1,11,1376,201,5709,199,199,fast
trees_200.newick,1,12,1514,201,5586,199,199,fast
trees_200.newick,1,13,1369,201,5622,199,199,fast
trees_200.newick,1,14,1367,201,5617,199,199,fast
trees_200.newick,1,15,1360,201,5511,199,199,fast
trees_200.newick,1,16,1372,201,5621,199,199,fast
trees_200.newick,1,17,1382,201,5677,199,199,fast
trees_200.newick,1,18,1350,201,5552,199,199,fast
trees_200.newick,1,19,1420,201,5644,199,199,fast
trees_200.newick,1,20,1363,201,5618,199,199,fast
trees_200.newick,1,21,1389,201,5734,199,199,fast
trees_200.newick,1,22,1390,201,5745,199,199,fast
trees_200.newick,1,23,1385,201,5691,199,199,fast
trees_200.newick,1,24,1356,201,5634,199,199,fast
trees_200.newick,1,25,1376,201,5743,199,199,fast
trees_200.newick,1,26,1385,201,5664,199,199,fast
trees_200.newick,1,27,1380,201,5689,199,199,fast
trees_200.newick,1,28,1383,201,5685,199,199,fast
trees_200.newick,1,29,1367,201,5607,199,199,fast
trees_200.newick,1,30,1364,201,5662,199,199,fast
trees_200.newick,1,31,1371,201,5711,199,199,fast
trees_200.newick,1,32,1382,201,5720,199,199,fast
trees_200.newick,1,33,1374,201,5726,199,199,fast
trees_200.newick,1,34,1369,201,5566,199,199,fast
trees_200.newick,1,35,1362,201,5630,199,199,fast
trees_200.newick,1,36,1357,201,5544,199,199,fast
trees_200.newick,1,37,1384,201,5749,199,199,fast
trees_200.newick,1,38,1377,201,5612,199,199,fast
trees_200.newick,1,39,1380,201,5597,199,199,fast
trees_200.newick,1,40,1376,201,5616,199,199,fast
trees_200.newick,1,41,1369,201,5582,199,199,fast
trees_200.newick,1,42,1365,201,5631,199,199,fast
trees_200.newick,1,43,1349,201,5592,199,199,fast
trees_200.newick,1,44,1354,201,5557,199,199,fast
trees_200.newick,1,45,1374,201,5684,199,199,fast
trees_200.newick,1,46,1383,201,5497,199,199,fast
trees_200.newick,1,47,1390,201,5833,199,199,fast
trees_200.newick,1,48,1366,201,5609,199,199,fast
trees_200.newick,1,49,1360,201,5453,199,199,fast
trees_200.newick,2,3,1337,201,5519,199,199,fast
trees_200.newick,2,4,1396,201,5745,199,199,fast
trees_200.newick,2,5,1370,201,5726,199,199,fast
trees_200.newick,2,6,1443,201,5776,199,199,fast
trees_200.newick,2,7,1353,201,5613,199,199,fast
trees_200.newick,2,8,1363,201,5667,199,199,fast
trees_200.newick,2,9,1358,201,5620,199,199,fast
trees_200.newick,2,10,1342,201,5612,199,199,fast
trees_200.newick,2,11,1359,201,5741,199,199,fast
trees_200.newick,2,12,1358,201,5686,199,199,fast
trees_200.newick,2,13,1362,201,5633,199,199,fast
trees_200.newick,2,14,1345,201,5597,199,199,fast
trees_200.newick,2,15,1353,201,5613,199,199,fast
trees_200.newick,2,16,1360,201,5769,199,199,fast
trees_200.newick,2,17,1385,201,5684,199,199,fast
trees_200.newick,2,18,1339,201,5551,199,199,fast
trees_200.newick,2,19,1363,201,5611,199,199,fast
trees_200.newick,2,20,1344,201,5505,199,199,fast
trees_200.newick,2,21,1374,201,5718,199,199,fast
trees_200.newick,2,22,1382,201,5797,199,199,fast
trees_200.newick,2,23,1370,201,5728,199,199,fast
trees_200.newick,2,24,1339,201,5635,199,199,fast
trees_200.newick,2,25,1337,201,5691,199,199,fast
trees_200.newick,2,26,1366,201,5688,199,199,fast
trees_200.newick,2,27,1370,201,5678,199,199,fast
trees_200.newick,2,28,1360,201,5728,199,199,fast
trees_200.newick,2,29,1345,201,5580,199,199,fast
trees_200.newick,2,30,1367,201,5817,199,199,fast
trees_200.newick,2,31,1361,201,5727,199,199,fast
trees_200.newick,2,32,1374,201,5722,199,199,fast
trees_200.newick,2,33,1367,201,5666,199,199,fast
trees_200.newick,2,34,1353,201,5557,199,199,fast
trees_200.newick,2,35,1343,201,5590,199,199,fast
trees_200.newick,2,36,1349,201,5629,199,199,fast
trees_200.newick,2,37,1374,201,5731,199,199,fast
trees_200.newick,2,38,1364,201,5618,199,199,fast
trees_200.newick,2,39,1364,201,5711,199,199,fast
trees_200.newick,2,40,1351,201,5546,199,199,fast
trees_200.newick,2,41,1348,201,5598,199,199,fast
trees_200.newick,2,42,1364,201,5763,199,199,fast
trees_200.newick,2,43,1369,201,5614,199,199,fast
trees_200.newick,2,44,1363,201,5568,199,199,fast
trees_200.newick,2,45,1350,201,5614,199,199,fast
trees_200.newick,2,46,1370,201,5705,199,199,fast
trees_200.newick,2,47,1393,201,5696,199,199,fast
trees_200.newick,2,48,1356,201,5715,199,199,fast
trees_200.newick,2,49,1383,201,5747,199,199,fast
trees_200.newick,3,4,1363,201,5568,199,199,fast
trees_200.newick,3,5,1358,201,5682,199,199,fast
trees_200.newick,3,6,1356,201,5684,199,199,fast
trees_200.newick,3,7,1346,201,5503,199,199,fast
trees_200.newick,3,8,1989,201,5563,199,199,fast
trees_200.newick,3,9,1362,201,5665,199,199,fast
trees_200.newick,3,10,1351,201,5673,199,199,fast
trees_200.newick,3,11,1379,201,5778,199,199,fast
trees_200.newick,3,12,1338,201,5521,199,199,fast
trees_200.newick,3,13,1354,201,5648,199,199,fast
trees_200.newick,3,14,1356,201,5696,199,199,fast
trees_200.newick,3,15,1564,201,5695,199,199,fast
trees_200.newick,3,16,1357,201,5664,199,199,fast
trees_200.newick,3,17,1369,201,5608,199,199,fast
trees_200.newick,3,18,1370,201,5615,199,199,fast
trees_200.newick,3,19,1361,201,5732,199,199,fast
trees_200.newick,3,20,1370,201,5657,199,199,fast
trees_200.newick,3,21,1354,201,5596,199,199,fast
trees_200.newick,3,22,1651,201,5800,199,199,fast
trees_200.newick,3,23,1362,201,5558,199,199,fast
trees_200.newick,3,24,1341,201,5576,199,199,fast
trees_200.newick,3,25,1346,201,5639,199,199,fast
trees_200.newick,3,26,1381,201,5764,199,199,fast
trees_200.newick,3,27,1380,201,5869,199,199,fast
trees_200.newick,3,28,1379,201,5802,199,199,fast
trees_200.newick,3,29,1346,201,5435,199,199,fast
trees_200.newick,3,30,1350,201,5629,199,199,fast
trees_200.newick,3,31,1376,201,5840,199,199,fast
trees_200.newick,3,32,1350,201,5581,199,199,fast
trees_200.newick,3,33,1352,201,5669,199,199,fast
trees_200.newick,3,34,1333,201,5449,199,199,fast
trees_200.newick,3,35,1347,201,5676,199,199,fast
trees_200.newick,3,36,1388,201,5702,199,199,fast
trees_200.newick,3,37,1386,201,5770,199,199,fast
trees_200.newick,3,38,1365,201,5564,199,199,fast
trees_200.newick,3,39,1360,201,5642,199,199,fast
trees_200.newick,3,40,1367,201,5762,199,199,fast
trees_200.newick,3,41,1356,201,5666,199,199,fast
trees_200.newick,3,42,1380,201,5836,199,199,fast
trees_200.newick,3,43,1354,201,5607,199,199,fast
trees_200.newick,3,44,1372,201,5643,199,199,fast
trees_200.newick,3,45,1369,201,5784,199,199,fast
trees_200.newick,3,46,1383,201,5861,199,199,fast
trees_200.newick,3,47,1342,201,5546,199,199,fast
trees_200.newick,3,48,1350,201,5603,199,199,fast
trees_200.newick,3,49,1372,201,5537,199,199,fast
trees_200.newick,4,5,1479,201,5640,199,199,fast
trees_200.newick,4,6,1360,201,5460,199,199,fast
trees_200.newick,4,7,1369,201,5727,199,199,fast
trees_200.newick,4,8,1363,201,5579,199,199,fast
trees_200.newick,4,9,1372,201,5771,199,199,fast
trees_200.newick,4,10,1352,201,5639,199,199,fast
trees_200.newick,4,11,1361,201,5717,199,199,fast
trees_200.newick,4,12,1395,201,5702,199,199,fast
trees_200.newick,4,13,1380,201,5745,199,199,fast
trees_200.newick,4,14,1356,201,5671,199,199,fast
trees_200.newick,4,15,1336,201,5457,199,199,fast
trees_200.newick,4,16,1376,201,5611,199,199,fast
trees_200.newick,4,17,1372,201,5715,199,199,fast
trees_200.newick,4,18,1337,201,5532,199,199,fast
trees_200.newick,4,19,1351,201,5675,199,199,fast
trees_200.newick,4,20,1378,201,5589,199,199,fast
trees_200.newick,4,21,1390,201,5789,199,199,fast
trees_200.newick,4,22,1375,201,5642,199,199,fast
trees_200.newick,4,23,1395,201,5755,199,199,fast
trees_200.newick,4,24,1326,201,5447,199,199,fast
trees_200.newick,4,25,1331,201,5645,199,199,fast
trees_200.newick,4,26,1370,201,5565,199,199,fast
trees_200.newick,4,27,2131,201,5646,199,199,fast
trees_200.newick,4,28,1511,201,5680,199,199,fast
trees_200.newick,4,29,1405,201,5663,199,199,fast
trees_200.newick,4,30,1364,201,5669,199,199,fast
trees_200.newick,4,31,1450,201,5778,199,199,fast
trees_200.newick,4,32,1400,201,5612,199,199,fast
trees_200.newick,4,33,1399,201,5607,199,199,fast
trees_200.newick,4,34,1466,201,5496,199,199,fast
trees_200.newick,4,35,1357,201,5527,199,199,fast
trees_200.newick,4,36,1401,201,5625,199,199,fast
trees_200.newick,4,37,1405,201,5797,199,199,fast
trees_200.newick,4,38,1362,201,5529,199,199,fast
trees_200.newick,4,39,1370,201,5695,199,199,fast
trees_200.newick,4,40,1363,201,5533,199,199,fast
trees_200.newick,4,41,2571,201,5604,199,199,fast
trees_200.newick,4,42,1385,201,5627,199,199,fast
trees_200.newick,4,43,1423,201,5664,199,199,fast
trees_200.newick,4,44,1385,201,5567,199,199,fast
trees_200.newick,4,45,1356,201,5632,199,199,fast
trees_200.newick,4,46,1382,201,5801,199,199,fast
trees_200.newick,4,47,1401,201,5793,199,199,fast
trees_200.newick,4,48,1563,201,5615,199,199,fast
trees_200.newick,4,49,1491,201,5625,199,199,fast
trees_200.newick,5,6,1374,201,5615,199,199,fast
trees_200.newick,5,7,1372,201,5740,199,199,fast
trees_200.newick,5,8,1372,201,5607,199,199,fast
trees_200.newick,5,9,1364,201,5712,199,199,fast
trees_200.newick,5,10,1489,201,5542,199,199,fast
trees_200.newick,5,11,1474,201,5625,199,199,fast
trees_200.newick,5,12,1341,201,5541,199,199,fast
trees_200.newick,5,13,1368,201,5725,199,199,fast
trees_200.newick,5,14,1361,201,5662,199,199,fast
trees_200.newick,5,15,1377,201,5655,199,199,fast
trees_200.newick,5,16,1370,201,5793,199,199,fast
trees_200.newick,5,17,1489,201,5728,199,199,fast
trees_200.newick,5,18,1364,201,5601,199,199,fast
trees_200.newick,5,19,1363,201,5745,199,199,fast
trees_200.newick,5,20,1362,201,5692,199,199,fast
trees_200.newick,5,21,1371,201,5674,199,199,fast
trees_200.newick,5,22,1392,201,5648,199,199,fast
trees_200.newick,5,23,1360,201,5547,199,199,fast
trees_200.newick,5,24,1457,201,5695,199,199,fast
trees_200.newick,5,25,1328,201,5635,199,199,fast
trees_200.newick,5,26,1368,201,5594,199,199,fast
trees_200.newick,5,27,1373,201,5657,199,199,fast
trees_200.newick,5,28,1361,201,5620,199,199,fast
trees_200.newick,5,29,1357,201,5543,199,199,fast
trees_200.newick,5,30,1340,201,5526,199,199,fast
trees_200.newick,5,31,1862,201,5679,199,199,fast
trees_200.newick,5,32,2195,201,5627,199,199,fast
trees_200.newick,5,33,1378,201,5647,199,199,fast
trees_200.newick,5,34,1363,201,5512,199,199,fast
trees_200.newick,5,35,1350,201,5692,199,199,fast
trees_200.newick,5,36,1355,201,5673,199,199,fast
trees_200.newick,5,37,1382,201,5805,199,199,fast
trees_200.newick,5,38,1393,201,5693,199,199,fast
trees_200.newick,5,39,1370,201,5695,199,199,fast
trees_200.newick,5,40,1374,201,5653,199,199,fast
trees_200.newick,5,41,1359,201,5562,199,199,fast
trees_200.newick,5,42,1364,201,5726,199,199,fast
trees_200.newick,5,43,1359,201,5677,199,199,fast
trees_200.newick,5,44,1350,201,5655,199,199,fast
trees_200.newick,5,45,1385,201,5718,199,199,fast
trees_200.newick,5,46,1382,201,5703,199,199,fast
trees_200.newick,5,47,1377,201,5728,199,199,fast
trees_200.newick,5,48,1352,201,5621,199,199,fast
trees_200.newick,5,49,1380,201,5696,199,199,fast
trees_200.newick,6,7,1349,201,5570,199,199,fast
trees_200.newick,6,8,1458,201,5621,199,199,fast
trees_200.newick,6,9,1372,201,5562,199,199,fast
trees_200.newick,6,10,1356,201,5684,199,199,fast
trees_200.newick,6,11,1361,201,5746,199,199,fast
trees_200.newick,6,12,1338,201,5680,199,199,fast
trees_200.newick,6,13,1337,201,5612,199,199,fast
trees_200.newick,6,14,1337,201,5639,199,199,fast
trees_200.newick,6,15,1356,201,5665,199,199,fast
trees_200.newick,6,16,1348,201,5550,199,199,fast
trees_200.newick,6,17,1383,201,5665,199,199,fast
trees_200.newick,6,18,1343,201,5597,199,199,fast
trees_200.newick,6,19,1350,201,5721,199,199,fast
trees_200.newick,6,20,1343,201,5570,199,199,fast
trees_200.newick,6,21,1356,201,5629,199,199,fast
trees_200.newick,6,22,1350,201,5667,199,199,fast
trees_200.newick,6,23,1358,201,5610,199,199,fast
trees_200.newick,6,24,1336,201,5606,199,199,fast
trees_200.newick,6,25,1320,201,5581,199,199,fast
trees_200.newick,6,26,1345,201,5482,199,199,fast
trees_200.newick,6,27,1345,201,5511,199,199,fast
trees_200.newick,6,28,1361,201,5691,199,199,fast
trees_200.newick,6,29,1351,201,5558,199,199,fast
trees_200.newick,6,30,1345,201,5611,199,199,fast
trees_200.newick,6,31,1384,201,5883,199,199,fast
trees_200.newick,6,32,1349,201,5628,199,199,fast
trees_200.newick,6,33,1340,201,5572,199,199,fast
trees_200.newick,6,34,1357,201,5630,199,199,fast
trees_200.newick,6,35,1351,201,5728,199,199,fast
trees_200.newick,6,36,1352,201,5621,199,199,fast
trees_200.newick,6,37,1346,201,5447,199,199,fast
trees_200.newick,6,38,1367,201,5657,199,199,fast
trees_200.newick,6,39,1351,201,5724,199,199,fast
trees_200.newick,6,40,1338,201,5527,199,199,fast
trees_200.newick,6,41,1364,201,5662,199,199,fast
trees_200.newick,6,42,1352,201,5711,199,199,fast
trees_200.newick,6,43,1433,201,5522,199,199,fast
trees_200.newick,6,44,1324,201,5515,199,199,fast
trees_200.newick,6,45,1328,201,5525,199,199,fast
trees_200.newick,6,46,1360,201,5684,199,199,fast
trees_200.newick,6,47,1351,201,5744,199,199,fast
trees_200.newick,6,48,1341,201,5600,199,199,fast
trees_200.newick,6,49,1354,201,5602,199,199,fast
trees_200.newick,7,8,1528,201,5612,199,199,fast
trees_200.newick,7,9,1355,201,5643,199,199,fast
trees_200.newick,7,10,1352,201,5701,199,199,fast
trees_200.newick,7,11,1376,201,5874,199,199,fast
trees_200.newick,7,12,1342,201,5714,199,199,fast
trees_200.newick,7,13,1355,201,5767,199,199,fast
trees_200.newick,7,14,1351,201,5654,199,199,fast
trees_200.newick,7,15,1342,201,5545,199,199,fast
trees_200.newick,7,16,1361,201,5825,199,199,fast
trees_200.newick,7,17,1383,201,5796,199,199,fast
trees_200.newick,7,18,1336,201,5623,199,199,fast
trees_200.newick,7,19,1376,201,5699,199,199,fast
trees_200.newick,7,20,1364,201,5581,199,199,fast
trees_200.newick,7,21,1368,201,5550,199,199,fast
trees_200.newick,7,22,1389,201,5801,199,199,fast
trees_200.newick,7,23,1369,201,5578,199,199,fast
trees_200.newick,7,24,1389,201,5658,199,199,fast
trees_200.newick,7,25,1343,201,5615,199,199,fast
trees_200.newick,7,26,1384,201,5708,199,199,fast
trees_200.newick,7,27,1402,201,5655,199,199,fast
trees_200.newick,7,28,1371,201,5577,199,199,fast
trees_200.newick,7,29,1375,201,5688,199,199,fast
trees_200.newick,7,30,1360,201,5582,199,199,fast
trees_200.newick,7,31,1395,201,5895,199,199,fast
trees_200.newick,7,32,1365,201,5575,199,199,fast
trees_200.newick,7,33,1366,201,5612,199,199,fast
trees_200.newick,7,34,1376,201,5628,199,199,fast
trees_200.newick,7,35,1380,201,5706,199,199,fast
trees_200.newick,7,36,1365,201,5633,199,199,fast
trees_200.newick,7,37,1407,201,5681,199,199,fast
trees_200.newick,7,38,1387,201,5747,199,199,fast
trees_200.newick,7,39,1387,201,5684,199,199,fast
trees_200.newick,7,40,1411,201,5787,199,199,fast
trees_200.newick,7,41,1365,201,5567,199,199,fast
trees_200.newick,7,42,1384,201,5717,199,199,fast
trees_200.newick,7,43,1361,201,5637,199,199,fast
trees_200.newick,7,44,1373,201,5759,199,199,fast
trees_200.newick,7,45,1366,201,5631,199,199,fast
trees_200.newick,7,46,1590,201,5765,199,199,fast
trees_200.newick,7,47,1369,201,5693,199,199,fast
trees_200.newick,7,48,1385,201,5754,199,199,fast
trees_200.newick,7,49,1396,201,5751,199,199,fast
trees_200.newick,8,9,1389,201,5622,199,199,fast
trees_200.newick,8,10,1363,201,5574,199,199,fast
trees_200.newick,8,11,1397,201,5709,199,199,fast
trees_200.newick,8,12,1386,201,5714,199,199,fast
trees_200.newick,8,13,1375,201,5649,199,199,fast
trees_200.newick,8,14,1363,201,5573,199,199,fast
trees_200.newick,8,15,1364,201,5442,199,199,fast
trees_200.newick,8,16,1336,201,5359,199,199,fast
trees_200.newick,8,17,1376,201,5636,199,199,fast
trees_200.newick,8,18,1369,201,5703,199,199,fast
trees_200.newick,8,19,1378,201,5699,199,199,fast
trees_200.newick,8,20,1364,201,5561,199,199,fast
trees_200.newick,8,21,1381,201,5668,199,199,fast
trees_200.newick,8,22,1397,201,5781,199,199,fast
trees_200.newick,8,23,1389,201,5649,199,199,fast
trees_200.newick,8,24,1352,201,5521,199,199,fast
trees_200.newick,8,25,1344,201,5525,199,199,fast
trees_200.newick,8,26,1401,201,5599,199,199,fast
trees_200.newick,8,27,1381,201,5606,199,199,fast
trees_200.newick,8,28,1391,201,5705,199,199,fast
trees_200.newick,8,29,1365,201,5479,199,199,fast
trees_200.newick,8,30,1362,201,5652,199,199,fast
trees_200.newick,8,31,1382,201,5641,199,199,fast
trees_200.newick,8,32,1359,201,5455,199,199,fast
trees_200.newick,8,33,1407,201,5605,199,199,fast
trees_200.newick,8,34,1395,201,5565,199,199,fast
trees_200.newick,8,35,1371,201,5597,199,199,fast
trees_200.newick,8,36,1386,201,5678,199,199,fast
trees_200.newick,8,37,1426,201,5722,199,199,fast
trees_200.newick,8,38,1381,201,5679,199,199,fast
trees_200.newick,8,39,1379,201,5695,199,199,fast
trees_200.newick,8,40,1384,201,5640,199,199,fast
trees_200.newick,8,41,1371,201,5436,199,199,fast
trees_200.newick,8,42,1376,201,5637,199,199,fast
trees_200.newick,8,43,1369,201,5666,199,199,fast
trees_200.newick,8,44,1355,201,5515,199,199,fast
trees_200.newick,8,45,1382,201,5685,199,199,fast
trees_200.newick,8,46,1383,201,5681,199,199,fast
trees_200.newick,8,47,1404,201,5848,199,199,fast
trees_200.newick,8,48,1377,201,5653,199,199,fast
trees_200.newick,8,49,1385,201,5622,199,199,fast
trees_200.newick,9,10,1379,201,5713,199,199,fast
trees_200.newick,9,11,1380,201,5735,199,199,fast
trees_200.newick,9,12,1374,201,5657,199,199,fast
trees_200.newick,9,13,1424,201,5654,199,199,fast
trees_200.newick,9,14,1346,201,5508,199,199,fast
trees_200.newick,9,15,1353,201,5408,199,199,fast
trees_200.newick,9,16,1383,201,5766,199,199,fast
trees_200.newick,9,17,1371,201,5655,199,199,fast
trees_200.newick,9,18,1354,201,5542,199,199,fast
trees_200.newick,9,19,1358,201,5553,199,199,fast
trees_200.newick,9,20,2035,201,5442,199,199,fast
trees_200.newick,9,21,1378,201,5628,199,199,fast
trees_200.newick,9,22,1383,201,5707,199,199,fast
trees_200.newick,9,23,1399,201,5630,199,199,fast
trees_200.newick,9,24,1366,201,5640,199,199,fast
trees_200.newick,9,25,1352,201,5672,199,199,fast
trees_200.newick,9,26,1447,201,5715,199,199,fast
trees_200.newick,9,27,1373,201,5588,199,199,fast
trees_200.newick,9,28,1382,201,5743,199,199,fast
trees_200.newick,9,29,1370,201,5547,199,199,fast
trees_200.newick,9,30,1362,201,5628,199,199,fast
trees_200.newick,9,31,1367,201,5633,199,199,fast
trees_200.newick,9,32,1352,201,5488,199,199,fast
trees_200.newick,9,33,1418,201,5556,199,199,fast
trees_200.newick,9,34,1367,201,5525,199,199,fast
trees_200.newick,9,35,1354,201,5582,199,199,fast
trees_200.newick,9,36,1378,201,5676,199,199,fast
trees_200.newick,9,37,1385,201,5750,199,199,fast
trees_200.newick,9,38,1379,201,5657,199,199,fast
trees_200.newick,9,39,1371,201,5675,199,199,fast
trees_200.newick,9,40,1370,201,5670,199,199,fast
trees_200.newick,9,41,1375,201,5674,199,199,fast
trees_200.newick,9,42,1387,201,5657,199,199,fast
trees_200.newick,9,43,1390,201,5546,199,199,fast
trees_200.newick,9,44,1374,201,5646,199,199,fast
trees_200.newick,9,45,1382,201,5775,199,199,fast
trees_200.newick,9,46,1383,201,5757,199,199,fast
trees_200.newick,9,47,1376,201,5658,199,199,fast
trees_200.newick,9,48,1376,201,5674,199,199,fast
trees_200.newick,9,49,1391,201,5556,199,199,fast
trees_200.newick,10,11,1399,201,5805,199,199,fast
trees_200.newick,10,12,1366,201,5712,199,199,fast
trees_200.newick,10,13,1379,201,5694,199,199,fast
trees_200.newick,10,14,1360,201,5646,199,199,fast
trees_200.newick,10,15,1373,201,5589,199,199,fast
trees_200.newick,10,16,1378,201,5693,199,199,fast
trees_200.newick,10,17,1394,201,5771,199,199,fast
trees_200.newick,10,18,1399,201,5742,199,199,fast
trees_200.newick,10,19,1384,201,5760,199,199,fast
trees_200.newick,10,20,1372,201,5678,199,199,fast
trees_200.newick,10,21,1398,201,5738,199,199,fast
trees_200.newick,10,22,1388,201,5689,199,199,fast
trees_200.newick,10,23,1378,201,5673,199,199,fast
trees_200.newick,10,24,1356,201,5568,199,199,fast
trees_200.newick,10,25,1368,201,5553,199,199,fast
trees_200.newick,10,26,1385,201,5758,199,199,fast
trees_200.newick,10,27,1393,201,5694,199,199,fast
trees_200.newick,10,28,1390,201,5733,199,199,fast
trees_200.newick,10,29,1376,201,5650,199,199,fast
trees_200.newick,10,30,1367,201,5703,199,199,fast
trees_200.newick,10,31,1380,201,5792,199,199,fast
trees_200.newick,10,32,1461,201,5771,199,199,fast
trees_200.newick,10,33,1386,201,5788,199,199,fast
trees_200.newick,10,34,1393,201,5784,199,199,fast
trees_200.newick,10,35,1380,201,5668,199,199,fast
trees_200.newick,10,36,1363,201,5580,199,199,fast
trees_200.newick,10,37,1412,201,5847,199,199,fast
trees_200.newick,10,38,1358,201,5534,199,199,fast
trees_200.newick,10,39,1359,201,5586,199,199,fast
trees_200.newick,10,40,1391,201,5791,199,199,fast
trees_200.newick,10,41,1391,201,5795,199,199,fast
trees_200.newick,10,42,1397,201,5829,199,199,fast
trees_200.newick,10,43,1360,201,5683,199,199,fast
trees_200.newick,10,44,1359,201,5602,199,199,fast
trees_200.newick,10,45,1402,201,5809,199,199,fast
trees_200.newick,10,46,1392,201,5739,199,199,fast
trees_200.newick,10,47,1386,201,5715,199,199,fast
trees_200.newick,10,48,1372,201,5631,199,199,fast
trees_200.newick,10,49,1383,201,5614,199,199,fast
trees_200.newick,11,12,1383,201,5647,199,199,fast
trees_200.newick,11,13,1366,201,5611,199,199,fast
trees_200.newick,11,14,1394,201,5640,199,199,fast
trees_200.newick,11,15,1354,201,5488,199,199,fast
trees_200.newick,11,16,1376,201,5854,199,199,fast
trees_200.newick,11,17,1383,201,5733,199,199,fast
trees_200.newick,11,18,1370,201,5739,199,199,fast
trees_200.newick,11,19,1370,201,5717,199,199,fast
trees_200.newick,11,20,1368,201,5685,199,199,fast
trees_200.newick,11,21,1383,201,5707,199,199,fast
trees_200.newick,11,22,1383,201,5715,199,199,fast
trees_200.newick,11,23,1407,201,5774,199,199,fast
trees_200.newick,11,24,1354,201,5585,199,199,fast
trees_200.newick,11,25,1334,201,5611,199,199,fast
trees_200.newick,11,26,1391,201,5738,199,199,fast
trees_200.newick,11,27,1390,201,5789,199,199,fast
trees_200.newick,11,28,1406,201,5945,199,199,fast
trees_200.newick,11,29,1374,201,5683,199,199,fast
trees_200.newick,11,30,1385,201,5938,199,199,fast
trees_200.newick,11,31,1371,201,5616,199,199,fast
trees_200.newick,11,32,1391,201,5796,199,199,fast
trees_200.newick,11,33,1368,201,5721,199,199,fast
trees_200.newick,11,34,1385,201,5669,199,199,fast
trees_200.newick,11,35,1356,201,5657,199,199,fast
trees_200.newick,11,36,1363,201,5518,199,199,fast
trees_200.newick,11,37,1383,201,5812,199,199,fast
trees_200.newick,11,38,1377,201,5676,199,199,fast
trees_200.newick,11,39,1368,201,5691,199,199,fast
trees_200.newick,11,40,1370,201,5634,199,199,fast
trees_200.newick,11,41,1387,201,5616,199,199,fast
trees_200.newick,11,42,1375,201,5789,199,199,fast
trees_200.newick,11,43,1345,201,5523,199,199,fast
trees_200.newick,11,44,1355,201,5616,199,199,fast
trees_200.newick,11,45,1388,201,5850,199,199,fast
trees_200.newick,11,46,1393,201,5800,199,199,fast
trees_200.newick,11,47,1374,201,5720,199,199,fast
trees_200.newick,11,48,1410,201,5836,199,199,fast
trees_200.newick,11,49,1406,201,5697,199,199,fast
trees_200.newick,12,13,1369,201,5580,199,199,fast
trees_200.newick,12,14,1348,201,5569,199,199,fast
trees_200.newick,12,15,1373,201,5674,199,199,fast
trees_200.newick,12,16,1366,201,5638,199,199,fast
trees_200.newick,12,17,1381,201,5739,199,199,fast
trees_200.newick,12,18,1347,201,5557,199,199,fast
trees_200.newick,12,19,1363,201,5601,199,199,fast
trees_200.newick,12,20,1344,201,5529,199,199,fast
trees_200.newick,12,21,1370,201,5630,199,199,fast
trees_200.newick,12,22,1351,201,5421,199,199,fast
trees_200.newick,12,23,1381,201,5665,199,199,fast
trees_200.newick,12,24,1341,201,5481,199,199,fast
trees_200.newick,12,25,1347,201,5631,199,199,fast
trees_200.newick,12,26,1368,201,5664,199,199,fast
trees_200.newick,12,27,1370,201,5588,199,199,fast
trees_200.newick,12,28,1375,201,5668,199,199,fast
trees_200.newick,12,29,1364,201,5609,199,199,fast
trees_200.newick,12,30,1368,201,5712,199,199,fast
trees_200.newick,12,31,1366,201,5679,199,199,fast
trees_200.newick,12,32,1347,201,5524,199,199,fast
trees_200.newick,12,33,1339,201,5564,199,199,fast
trees_200.newick,12,34,1382,201,5737,199,199,fast
trees_200.newick,12,35,1364,201,5616,199,199,fast
trees_200.newick,12,36,1365,201,5582,199,199,fast
trees_200.newick,12,37,1423,201,5679,199,199,fast
trees_200.newick,12,38,1354,201,5517,199,199,fast
trees_200.newick,12,39,1359,201,5677,199,199,fast
trees_200.newick,12,40,1356,201,5619,199,199,fast
trees_200.newick,12,41,1347,201,5440,199,199,fast
trees_200.newick,12,42,1372,201,5721,199,199,fast
trees_200.newick,12,43,1382,201,5785,199,199,fast
trees_200.newick,12,44,1372,201,5639,199,199,fast
trees_200.newick,12,45,1353,201,5547,199,199,fast
trees_200.newick,12,46,1372,201,5750,199,199,fast
trees_200.newick,12,47,1367,201,5737,199,199,fast
trees_200.newick,12,48,1359,201,5594,199,199,fast
trees_200.newick,12,49,1379,201,5655,199,199,fast
trees_200.newick,13,14,1360,201,5537,199,199,fast
trees_200.newick,13,15,1360,201,5542,199,199,fast
trees_200.newick,13,16,1344,201,5523,199,199,fast
trees_200.newick,13,17,1370,201,5631,199,199,fast
trees_200.newick,13,18,1356,201,5586,199,199,fast
trees_200.newick,13,19,1365,201,5497,199,199,fast
trees_200.newick,13,20,1375,201,5669,199,199,fast
trees_200.newick,13,21,1400,201,5739,199,199,fast
trees_200.newick,13,22,1398,201,5787,199,199,fast
trees_200.newick,13,23,1407,201,5581,199,199,fast
trees_200.newick,13,24,1765,201,5707,199,199,fast
trees_200.newick,13,25,1366,201,5621,199,199,fast
trees_200.newick,13,26,1386,201,5557,199,199,fast
trees_200.newick,13,27,1617,201,5705,199,199,fast
trees_200.newick,13,28,2548,201,5600,199,199,fast
trees_200.newick,13,29,2530,201,5808,199,199,fast
trees_200.newick,13,30,2484,201,5677,199,199,fast
trees_200.newick,13,31,2441,201,5626,199,199,fast
trees_200.newick,13,32,2635,201,5688,199,199,fast
trees_200.newick,13,33,2772,201,5716,199,199,fast
trees_200.newick,13,34,2650,201,5671,199,199,fast
trees_200.newick,13,35,2627,201,5563,199,199,fast
trees_200.newick,13,36,2434,201,5661,199,199,fast
trees_200.newick,13,37,1442,201,5786,199,199,fast
trees_200.newick,13,38,1395,201,5462,199,199,fast
trees_200.newick,13,39,1392,201,5611,199,199,fast
trees_200.newick,13,40,1879,201,5654,199,199,fast
trees_200.newick,13,41,1914,201,5566,199,199,fast
trees_200.newick,13,42,1585,201,5725,199,199,fast
trees_200.newick,13,43,1405,201,5689,199,199,fast
trees_200.newick,13,44,1411,201,5645,199,199,fast
trees_200.newick,13,45,1402,201,5712,199,199,fast
trees_200.newick,13,46,1410,201,5646,199,199,fast
trees_200.newick,13,47,2082,201,5788,199,199,fast
trees_200.newick,13,48,2092,201,5652,199,199,fast
trees_200.newick,13,49,2650,201,5561,199,199,fast
trees_200.newick,14,15,1383,201,5573,199,199,fast
trees_200.newick,14,16,1358,201,5634,199,199,fast
trees_200.newick,14,17,1385,201,5736,199,199,fast
trees_200.newick,14,18,1382,201,5649,199,199,fast
trees_200.newick,14,19,1383,201,5649,199,199,fast
trees_200.newick,14,20,1388,201,5582,199,199,fast
trees_200.newick,14,21,1376,201,5677,199,199,fast
trees_200.newick,14,22,1378,201,5634,199,199,fast
trees_200.newick,14,23,1444,201,5487,199,199,fast
trees_200.newick,14,24,1439,201,5482,199,199,fast
trees_200.newick,14,25,1359,201,5607,199,199,fast
trees_200.newick,14,26,1583,201,5658,199,199,fast
trees_200.newick,14,27,1729,201,5648,199,199,fast
trees_200.newick,14,28,2291,201,5548,199,199,fast
trees_200.newick,14,29,1856,201,5614,199,199,fast
trees_200.newick,14,30,1390,201,5582,199,199,fast
trees_200.newick,14,31,1791,201,5650,199,199,fast
trees_200.newick,14,32,1611,201,5708,199,199,fast
trees_200.newick,14,33,1386,201,5542,199,199,fast
trees_200.newick,14,34,1395,201,5487,199,199,fast
trees_200.newick,14,35,1366,201,5557,199,199,fast
trees_200.newick,14,36,1354,201,5491,199,199,fast
trees_200.newick,14,37,1698,201,5633,199,199,fast
trees_200.newick,14,38,2678,201,5690,199,199,fast
trees_200.newick,14,39,2575,201,5576,199,199,fast
trees_200.newick,14,40,1431,201,5659,199,199,fast
trees_200.newick,14,41,1958,201,5674,199,199,fast
trees_200.newick,14,42,1529,201,5622,199,199,fast
trees_200.newick,14,43,2528,201,5617,199,199,fast
trees_200.newick,14,44,1429,201,5647,199,199,fast
trees_200.newick,14,45,1383,201,5610,199,199,fast
trees_200.newick,14,46,1396,201,5734,199,199,fast
trees_200.newick,14,47,1372,201,5675,199,199,fast
trees_200.newick,14,48,1394,201,5571,199,199,fast
trees_200.newick,14,49,1499,201,5533,199,199,fast
trees_200.newick,15,16,2646,201,5576,199,199,fast
trees_200.newick,15,17,1464,201,5705,199,199,fast
trees_200.newick,15,18,2009,201,5488,199,199,fast
trees_200.newick,15,19,1404,201,5606,199,199,fast
trees_200.newick,15,20,1608,201,5655,199,199,fast
trees_200.newick,15,21,2050,201,5578,199,199,fast
trees_200.newick,15,22,1942,201,5694,199,199,fast
trees_200.newick,15,23,2038,201,5569,199,199,fast
trees_200.newick,15,24,1975,201,5714,199,199,fast
trees_200.newick,15,25,2194,201,5660,199,199,fast
trees_200.newick,15,26,1698,201,5588,199,199,fast
trees_200.newick,15,27,1526,201,5610,199,199,fast
trees_200.newick,15,28,1879,201,5628,199,199,fast
trees_200.newick,15,29,2652,201,5447,199,199,fast
trees_200.newick,15,30,2333,201,5691,199,199,fast
trees_200.newick,15,31,2680,201,5725,199,199,fast
trees_200.newick,15,32,2391,201,5630,199,199,fast
trees_200.newick,15,33,1401,201,5572,199,199,fast
trees_200.newick,15,34,1654,201,5587,199,199,fast
trees_200.newick,15,35,1385,201,5469,199,199,fast
trees_200.newick,15,36,1387,201,5574,199,199,fast
trees_200.newick,15,37,1395,201,5590,199,199,fast
trees_200.newick,15,38,1546,201,5561,199,199,fast
trees_200.newick,15,39,1655,201,5538,199,199,fast
trees_200.newick,15,40,2582,201,5508,199,199,fast
trees_200.newick,15,41,1509,201,5747,199,199,fast
trees_200.newick,15,42,1379,201,5616,199,199,fast
trees_200.newick,15,43,1368,201,5620,199,199,fast
trees_200.newick,15,44,1344,201,5433,199,199,fast
trees_200.newick,15,45,1374,201,5658,199,199,fast
trees_200.newick,15,46,1579,201,5656,199,199,fast
trees_200.newick,15,47,1614,201,5648,199,199,fast
trees_200.newick,15,48,1431,201,5582,199,199,fast
trees_200.newick,15,49,1372,201,5530,199,199,fast
trees_200.newick,16,17,1402,201,5781,199,199,fast
trees_200.newick,16,18,1348,201,5565,199,199,fast
trees_200.newick,16,19,1367,201,5626,199,199,fast
trees_200.newick,16,20,1560,201,5634,199,199,fast
trees_200.newick,16,21,1421,201,5679,199,199,fast
trees_200.newick,16,22,1426,201,5774,199,199,fast
trees_200.newick,16,23,1375,201,5625,199,199,fast
trees_200.newick,16,24,1352,201,5597,199,199,fast
trees_200.newick,16,25,1350,201,5606,199,199,fast
trees_200.newick,16,26,1371,201,5678,199,199,fast
trees_200.newick,16,27,1398,201,5598,199,199,fast
trees_200.newick,16,28,1372,201,5681,199,199,fast
trees_200.newick,16,29,1368,201,5627,199,199,fast
trees_200.newick,16,30,1369,201,5750,199,199,fast
trees_200.newick,16,31,1381,201,5809,199,199,fast
trees_200.newick,16,32,1402,201,5747,199,199,fast
trees_200.newick,16,33,1386,201,5625,199,199,fast
trees_200.newick,16,34,1610,201,5669,199,199,fast
trees_200.newick,16,35,1371,201,5643,199,199,fast
trees_200.newick,16,36,1340,201,5548,199,199,fast
trees_200.newick,16,37,1344,201,5482,199,199,fast
trees_200.newick,16,38,1387,201,5746,199,199,fast
trees_200.newick,16,39,1364,201,5625,199,199,fast
trees_200.newick,16,40,1355,201,5626,199,199,fast
trees_200.newick,16,41,1405,201,5672,199,199,fast
trees_200.newick,16,42,1366,201,5671,199,199,fast
trees_200.newick,16,43,1364,201,5723,199,199,fast
trees_200.newick,16,44,1358,201,5618,199,199,fast
trees_200.newick,16,45,1373,201,5712,199,199,fast
trees_200.newick,16,46,1374,201,5661,199,199,fast
trees_200.newick,16,47,1386,201,5813,199,199,fast
trees_200.newick,16,48,1363,201,5676,199,199,fast
trees_200.newick,16,49,1381,201,5684,199,199,fast
trees_200.newick,17,18,1375,201,5604,199,199,fast
trees_200.newick,17,19,1359,201,5576,199,199,fast
trees_200.newick,17,20,1365,201,5626,199,199,fast
trees_200.newick,17,21,1378,201,5708,199,199,fast
trees_200.newick,17,22,1402,201,5742,199,199,fast
trees_200.newick,17,23,1384,201,5551,199,199,fast
trees_200.newick,17,24,1361,201,5571,199,199,fast
trees_200.newick,17,25,1334,201,5608,199,199,fast
trees_200.newick,17,26,1363,201,5612,199,199,fast
trees_200.newick,17,27,1397,201,5835,199,199,fast
trees_200.newick,17,28,1397,201,5662,199,199,fast
trees_200.newick,17,29,1377,201,5705,199,199,fast
trees_200.newick,17,30,1370,201,5738,199,199,fast
trees_200.newick,17,31,1497,201,5808,199,199,fast
trees_200.newick,17,32,1424,201,5701,199,199,fast
trees_200.newick,17,33,1374,201,5682,199,199,fast
trees_200.newick,17,34,1380,201,5564,199,199,fast
trees_200.newick,17,35,1372,201,5716,199,199,fast
trees_200.newick,17,36,1351,201,5634,199,199,fast
trees_200.newick,17,37,1421,201,5763,199,199,fast
trees_200.newick,17,38,1424,201,5616,199,199,fast
trees_200.newick,17,39,1384,201,5601,199,199,fast
trees_200.newick,17,40,1377,201,5647,199,199,fast
trees_200.newick,17,41,1724,201,5711,199,199,fast
trees_200.newick,17,42,1400,201,5614,199,199,fast
trees_200.newick,17,43,1386,201,5761,199,199,fast
trees_200.newick,17,44,1437,201,5706,199,199,fast
trees_200.newick,17,45,1349,201,5523,199,199,fast
trees_200.newick,17,46,1368,201,5728,199,199,fast
trees_200.newick,17,47,1365,201,5736,199,199,fast
trees_200.newick,17,48,1394,201,5570,199,199,fast
trees_200.newick,17,49,1392,201,5575,199,199,fast
trees_200.newick,18,19,1366,201,5548,199,199,fast
trees_200.newick,18,20,1587,201,5579,199,199,fast
trees_200.newick,18,21,1363,201,5642,199,199,fast
trees_200.newick,18,22,1378,201,5678,199,199,fast
trees_200.newick,18,23,1407,201,5732,199,199,fast
trees_200.newick,18,24,1361,201,5686,199,199,fast
trees_200.newick,18,25,1352,201,5664,199,199,fast
trees_200.newick,18,26,1352,201,5486,199,199,fast
trees_200.newick,18,27,1359,201,5505,199,199,fast
trees_200.newick,18,28,1368,201,5703,199,199,fast
trees_200.newick,18,29,1374,201,5634,199,199,fast
trees_200.newick,18,30,1351,201,5481,199,199,fast
trees_200.newick,18,31,1375,201,5730,199,199,fast
trees_200.newick,18,32,1377,201,5684,199,199,fast
trees_200.newick,18,33,1345,201,5618,199,199,fast
trees_200.newick,18,34,1373,201,5712,199,199,fast
trees_200.newick,18,35,1353,201,5705,199,199,fast
trees_200.newick,18,36,1376,201,5790,199,199,fast
trees_200.newick,18,37,1770,201,5674,199,199,fast
trees_200.newick,18,38,1362,201,5547,199,199,fast
trees_200.newick,18,39,1349,201,5395,199,199,fast
trees_200.newick,18,40,1383,201,5600,199,199,fast
trees_200.newick,18,41,1396,201,5652,199,199,fast
trees_200.newick,18,42,1386,201,5713,199,199,fast
trees_200.newick,18,43,1372,201,5578,199,199,fast
trees_200.newick,18,44,1379,201,5602,199,199,fast
trees_200.newick,18,45,1465,201,5701,199,199,fast
trees_200.newick,18,46,1382,201,5686,199,199,fast
trees_200.newick,18,47,1364,201,5573,199,199,fast
trees_200.newick,18,48,1390,201,5594,199,199,fast
trees_200.newick,18,49,1450,201,5588,199,199,fast
trees_200.newick,19,20,1412,201,5441,199,199,fast
trees_200.newick,19,21,1402,201,5668,199,199,fast
trees_200.newick,19,22,1385,201,5750,199,199,fast
trees_200.newick,19,23,1356,201,5447,199,199,fast
trees_200.newick,19,24,1421,201,5679,199,199,fast
trees_200.newick,19,25,1362,201,5671,199,199,fast
trees_200.newick,19,26,1373,201,5686,199,199,fast
trees_200.newick,19,27,1374,201,5607,199,199,fast
trees_200.newick,19,28,1378,201,5650,199,199,fast
trees_200.newick,19,29,1373,201,5562,199,199,fast
trees_200.newick,19,30,1393,201,5707,199,199,fast
trees_200.newick,19,31,1382,201,5725,199,199,fast
trees_200.newick,19,32,1372,201,5650,199,199,fast
trees_200.newick,19,33,1384,201,5654,199,199,fast
trees_200.newick,19,34,1362,201,5575,199,199,fast
trees_200.newick,19,35,1345,201,5620,199,199,fast
trees_200.newick,19,36,1363,201,5690,199,199,fast
trees_200.newick,19,37,1365,201,5627,199,199,fast
trees_200.newick,19,38,1370,201,5638,199,199,fast
trees_200.newick,19,39,1345,201,5548,199,199,fast
trees_200.newick,19,40,1388,201,5642,199,199,fast
trees_200.newick,19,41,1373,201,5660,199,199,fast
trees_200.newick,19,42,1374,201,5718,199,199,fast
trees_200.newick,19,43,1354,201,5562,199,199,fast
trees_200.newick,19,44,1372,201,5692,199,199,fast
trees_200.newick,19,45,1344,201,5450,199,199,fast
trees_200.newick,19,46,1361,201,5473,199,199,fast
trees_200.newick,19,47,1534,201,5741,199,199,fast
trees_200.newick,19,48,1363,201,5541,199,199,fast
trees_200.newick,19,49,1393,201,5735,199,199,fast
trees_200.newick,20,21,1372,201,5606,199,199,fast
trees_200.newick,20,22,1366,201,5651,199,199,fast
trees_200.newick,20,23,1376,201,5647,199,199,fast
trees_200.newick,20,24,1359,201,5644,199,199,fast
trees_200.newick,20,25,1334,201,5454,199,199,fast
trees_200.newick,20,26,1371,201,5702,199,199,fast
trees_200.newick,20,27,1367,201,5629,199,199,fast
trees_200.newick,20,28,1383,201,5581,199,199,fast
trees_200.newick,20,29,1373,201,5583,199,199,fast
trees_200.newick,20,30,1367,201,5554,199,199,fast
trees_200.newick,20,31,1399,201,5737,199,199,fast
trees_200.newick,20,32,1362,201,5552,199,199,fast
trees_200.newick,20,33,1362,201,5706,199,199,fast
trees_200.newick,20,34,1355,201,5605,199,199,fast
trees_200.newick,20,35,1354,201,5685,199,199,fast
trees_200.newick,20,36,1397,201,5598,199,199,fast
trees_200.newick,20,37,1564,201,5543,199,199,fast
trees_200.newick,20,38,1362,201,5564,199,199,fast
trees_200.newick,20,39,1396,201,5563,199,199,fast
trees_200.newick,20,40,1364,201,5514,199,199,fast
trees_200.newick,20,41,1355,201,5537,199,199,fast
trees_200.newick,20,42,1356,201,5572,199,199,fast
trees_200.newick,20,43,1389,201,5521,199,199,fast
trees_200.newick,20,44,1353,201,5571,199,199,fast
trees_200.newick,20,45,1365,201,5644,199,199,fast
trees_200.newick,20,46,1406,201,5665,199,199,fast
trees_200.newick,20,47,1365,201,5656,199,199,fast
trees_200.newick,20,48,1358,201,5550,199,199,fast
trees_200.newick,20,49,1374,201,5619,199,199,fast
trees_200.newick,21,22,1398,201,5835,199,199,fast
trees_200.newick,21,23,1379,201,5689,199,199,fast
trees_200.newick,21,24,1354,201,5656,199,199,fast
trees_200.newick,21,25,1366,201,5611,199,199,fast
trees_200.newick,21,26,1374,201,5687,199,199,fast
trees_200.newick,21,27,1394,201,5766,199,199,fast
trees_200.newick,21,28,1376,201,5754,199,199,fast
trees_200.newick,21,29,1360,201,5578,199,199,fast
trees_200.newick,21,30,1342,201,5494,199,199,fast
trees_200.newick,21,31,1375,201,5874,199,199,fast
trees_200.newick,21,32,1394,201,5718,199,199,fast
trees_200.newick,21,33,1369,201,5681,199,199,fast
trees_200.newick,21,34,1371,201,5649,199,199,fast
trees_200.newick,21,35,1350,201,5631,199,199,fast
trees_200.newick,21,36,1370,201,5743,199,199,fast
trees_200.newick,21,37,1372,201,5659,199,199,fast
trees_200.newick,21,38,1365,201,5604,199,199,fast
trees_200.newick,21,39,1409,201,5651,199,199,fast
trees_200.newick,21,40,1362,201,5581,199,199,fast
trees_200.newick,21,41,1364,201,5595,199,199,fast
trees_200.newick,21,42,1380,201,5798,199,199,fast
trees_200.newick,21,43,1350,201,5626,199,199,fast
trees_200.newick,21,44,1356,201,5655,199,199,fast
trees_200.newick,21,45,1364,201,5632,199,199,fast
trees_200.newick,21,46,1415,201,5832,199,199,fast
trees_200.newick,21,47,1362,201,5672,199,199,fast
trees_200.newick,21,48,1361,201,5611,199,199,fast
trees_200.newick,21,49,1383,201,5680,199,199,fast
trees_200.newick,22,23,1376,201,5636,199,199,fast
trees_200.newick,22,24,1351,201,5676,199,199,fast
trees_200.newick,22,25,1350,201,5700,199,199,fast
trees_200.newick,22,26,1417,201,5572,199,199,fast
trees_200.newick,22,27,1360,201,5609,199,199,fast
trees_200.newick,22,28,1372,201,5706,199,199,fast
trees_200.newick,22,29,1385,201,5827,199,199,fast
trees_200.newick,22,30,1351,201,5681,199,199,fast
trees_200.newick,22,31,1367,201,5672,199,199,fast
trees_200.newick,22,32,1381,201,5746,199,199,fast
trees_200.newick,22,33,1375,201,5750,199,199,fast
trees_200.newick,22,34,1365,201,5668,199,199,fast
trees_200.newick,22,35,1355,201,5672,199,199,fast
trees_200.newick,22,36,1366,201,5597,199,199,fast
trees_200.newick,22,37,1402,201,5825,199,199,fast
trees_200.newick,22,38,1382,201,5768,199,199,fast
trees_200.newick,22,39,1363,201,5658,199,199,fast
trees_200.newick,22,40,1354,201,5612,199,199,fast
trees_200.newick,22,41,1371,201,5664,199,199,fast
trees_200.newick,22,42,1422,201,5736,199,199,fast
trees_200.newick,22,43,1369,201,5766,199,199,fast
trees_200.newick,22,44,1362,201,5628,199,199,fast
trees_200.newick,22,45,1378,201,5721,199,199,fast
trees_200.newick,22,46,1389,201,5840,199,199,fast
trees_200.newick,22,47,1353,201,5602,199,199,fast
trees_200.newick,22,48,1346,201,5508,199,199,fast
trees_200.newick,22,49,1398,201,5657,199,199,fast
trees_200.newick,23,24,1356,201,5475,199,199,fast
trees_200.newick,23,25,1346,201,5653,199,199,fast
trees_200.newick,23,26,1381,201,5724,199,199,fast
trees_200.newick,23,27,1376,201,5676,199,199,fast
trees_200.newick,23,28,1372,201,5711,199,199,fast
trees_200.newick,23,29,1360,201,5586,199,199,fast
trees_200.newick,23,30,1366,201,5663,199,199,fast
trees_200.newick,23,31,1364,201,5674,199,199,fast
trees_200.newick,23,32,1350,201,5502,199,199,fast
trees_200.newick,23,33,1351,201,5604,199,199,fast
trees_200.newick,23,34,1357,201,5614,199,199,fast
trees_200.newick,23,35,1344,201,5643,199,199,fast
trees_200.newick,23,36,1355,201,5603,199,199,fast
trees_200.newick,23,37,1393,201,5681,199,199,fast
trees_200.newick,23,38,1359,201,5501,199,199,fast
trees_200.newick,23,39,1360,201,5625,199,199,fast
trees_200.newick,23,40,1352,201,5589,199,199,fast
trees_200.newick,23,41,1335,201,5402,199,199,fast
trees_200.newick,23,42,1386,201,5746,199,199,fast
trees_200.newick,23,43,1348,201,5494,199,199,fast
trees_200.newick,23,44,1361,201,5623,199,199,fast
trees_200.newick,23,45,1428,201,5707,199,199,fast
trees_200.newick,23,46,1373,201,5749,199,199,fast
trees_200.newick,23,47,1367,201,5748,199,199,fast
trees_200.newick,23,48,1403,201,5680,199,199,fast
trees_200.newick,23,49,1420,201,5598,199,199,fast
trees_200.newick,24,25,1617,201,5461,199,199,fast
trees_200.newick,24,26,1418,201,5694,199,199,fast
trees_200.newick,24,27,1428,201,5559,199,199,fast
trees_200.newick,24,28,1364,201,5637,199,199,fast
trees_200.newick,24,29,1381,201,5737,199,199,fast
trees_200.newick,24,30,1349,201,5683,199,199,fast
trees_200.newick,24,31,1353,201,5686,199,199,fast
trees_200.newick,24,32,1376,201,5672,199,199,fast
trees_200.newick,24,33,1348,201,5553,199,199,fast
trees_200.newick,24,34,1386,201,5648,199,199,fast
trees_200.newick,24,35,1355,201,5686,199,199,fast
trees_200.newick,24,36,1353,201,5605,199,199,fast
trees_200.newick,24,37,1376,201,5703,199,199,fast
trees_200.newick,24,38,1370,201,5717,199,199,fast
trees_200.newick,24,39,1362,201,5688,199,199,fast
trees_200.newick,24,40,1369,201,5619,199,199,fast
trees_200.newick,24,41,1408,201,5715,199,199,fast
trees_200.newick,24,42,1369,201,5747,199,199,fast
trees_200.newick,24,43,1358,201,5758,199,199,fast
trees_200.newick,24,44,1334,201,5543,199,199,fast
trees_200.newick,24,45,1353,201,5605,199,199,fast
trees_200.newick,24,46,1391,201,5854,199,199,fast
trees_200.newick,24,47,1378,201,5808,199,199,fast
trees_200.newick,24,48,1365,201,5585,199,199,fast
trees_200.newick,24,49,1368,201,5629,199,199,fast
trees_200.newick,25,26,1365,201,5644,199,199,fast
trees_200.newick,25,27,1364,201,5624,199,199,fast
trees_200.newick,25,28,1361,201,5569,199,199,fast
trees_200.newick,25,29,1363,201,5556,199,199,fast
trees_200.newick,25,30,1356,201,5690,199,199,fast
trees_200.newick,25,31,1366,201,5632,199,199,fast
trees_200.newick,25,32,1352,201,5572,199,199,fast
trees_200.newick,25,33,1349,201,5679,199,199,fast
trees_200.newick,25,34,1348,201,5556,199,199,fast
trees_200.newick,25,35,1350,201,5585,199,199,fast
trees_200.newick,25,36,1336,201,5422,199,199,fast
trees_200.newick,25,37,1373,201,5596,199,199,fast
trees_200.newick,25,38,1368,201,5621,199,199,fast
trees_200.newick,25,39,1352,201,5659,199,199,fast
trees_200.newick,25,40,1321,201,5423,199,199,fast
trees_200.newick,25,41,1353,201,5567,199,199,fast
trees_200.newick,25,42,1362,201,5639,199,199,fast
trees_200.newick,25,43,1357,201,5668,199,199,fast
trees_200.newick,25,44,1376,201,5728,199,199,fast
trees_200.newick,25,45,1345,201,5597,199,199,fast
trees_200.newick,25,46,1358,201,5608,199,199,fast
trees_200.newick,25,47,1464,201,5635,199,199,fast
trees_200.newick,25,48,1352,201,5632,199,199,fast
trees_200.newick,25,49,1377,201,5631,199,199,fast
trees_200.newick,26,27,1398,201,5754,199,199,fast
trees_200.newick,26,28,1396,201,5653,199,199,fast
trees_200.newick,26,29,1368,201,5613,199,199,fast
trees_200.newick,26,30,1357,201,5664,199,199,fast
trees_200.newick,26,31,1377,201,5801,199,199,fast
trees_200.newick,26,32,1383,201,5723,199,199,fast
trees_200.newick,26,33,1355,201,5589,199,199,fast
trees_200.newick,26,34,1366,201,5654,199,199,fast
trees_200.newick,26,35,1372,201,5622,199,199,fast
trees_200.newick,26,36,1361,201,5581,199,199,fast
trees_200.newick,26,37,1365,201,5622,199,199,fast
trees_200.newick,26,38,1364,201,5581,199,199,fast
trees_200.newick,26,39,1358,201,5580,199,199,fast
trees_200.newick,26,40,1362,201,5537,199,199,fast
trees_200.newick,26,41,1365,201,5660,199,199,fast
trees_200.newick,26,42,1387,201,5743,199,199,fast
trees_200.newick,26,43,1369,201,5749,199,199,fast
trees_200.newick,26,44,1349,201,5548,199,199,fast
trees_200.newick,26,45,1461,201,5490,199,199,fast
trees_200.newick,26,46,1361,201,5634,199,199,fast
trees_200.newick,26,47,1376,201,5773,199,199,fast
trees_200.newick,26,48,1354,201,5582,199,199,fast
trees_200.newick,26,49,1364,201,5541,199,199,fast
trees_200.newick,27,28,1369,201,5617,199,199,fast
trees_200.newick,27,29,1369,201,5627,199,199,fast
trees_200.newick,27,30,1377,201,5830,199,199,fast
trees_200.newick,27,31,1357,201,5719,199,199,fast
trees_200.newick,27,32,1365,201,5677,199,199,fast
trees_200.newick,27,33,1364,201,5535,199,199,fast
trees_200.newick,27,34,1372,201,5690,199,199,fast
trees_200.newick,27,35,1364,201,5754,199,199,fast
trees_200.newick,27,36,1364,201,5587,199,199,fast
trees_200.newick,27,37,1368,201,5653,199,199,fast
trees_200.newick,27,38,1368,201,5667,199,199,fast
trees_200.newick,27,39,1363,201,5682,199,199,fast
trees_200.newick,27,40,1375,201,5621,199,199,fast
trees_200.newick,27,41,1358,201,5612,199,199,fast
trees_200.newick,27,42,1378,201,5769,199,199,fast
trees_200.newick,27,43,1349,201,5654,199,199,fast
trees_200.newick,27,44,1362,201,5668,199,199,fast
trees_200.newick,27,45,1355,201,5611,199,199,fast
trees_200.newick,27,46,1373,201,5770,199,199,fast
trees_200.newick,27,47,1375,201,5664,199,199,fast
trees_200.newick,27,48,1366,201,5733,199,199,fast
trees_200.newick,27,49,1377,201,5720,199,199,fast
trees_200.newick,28,29,1386,201,5793,199,199,fast
trees_200.newick,28,30,1376,201,5763,199,199,fast
trees_200.newick,28,31,1376,201,5749,199,199,fast
trees_200.newick,28,32,1361,201,5639,199,199,fast
trees_200.newick,28,33,1380,201,5804,199,199,fast
trees_200.newick,28,34,1359,201,5652,199,199,fast
trees_200.newick,28,35,1356,201,5687,199,199,fast
trees_200.newick,28,36,1362,201,5734,199,199,fast
trees_200.newick,28,37,1409,201,5928,199,199,fast
trees_200.newick,28,38,1374,201,5695,199,199,fast
trees_200.newick,28,39,1358,201,5639,199,199,fast
trees_200.newick,28,40,1371,201,5648,199,199,fast
trees_200.newick,28,41,1378,201,5724,199,199,fast
trees_200.newick,28,42,1372,201,5723,199,199,fast
trees_200.newick,28,43,1376,201,5776,199,199,fast
trees_200.newick,28,44,1366,201,5722,199,199,fast
trees_200.newick,28,45,1364,201,5654,199,199,fast
trees_200.newick,28,46,1372,201,5658,199,199,fast
trees_200.newick,28,47,1366,201,5737,199,199,fast
trees_200.newick,28,48,1375,201,5770,199,199,fast
trees_200.newick,28,49,1392,201,5664,199,199,fast
trees_200.newick,29,30,1360,201,5646,199,199,fast
trees_200.newick,29,31,1367,201,5714,199,199,fast
trees_200.newick,29,32,1359,201,5592,199,199,fast
trees_200.newick,29,33,1384,201,5562,199,199,fast
trees_200.newick,29,34,1376,201,5701,199,199,fast
trees_200.newick,29,35,1360,201,5618,199,199,fast
trees_200.newick,29,36,1361,201,5536,199,199,fast
trees_200.newick,29,37,1388,201,5711,199,199,fast
trees_200.newick,29,38,1358,201,5557,199,199,fast
trees_200.newick,29,39,1344,201,5588,199,199,fast
trees_200.newick,29,40,1376,201,5687,199,199,fast
trees_200.newick,29,41,1366,201,5632,199,199,fast
trees_200.newick,29,42,1378,201,5774,199,199,fast
trees_200.newick,29,43,1362,201,5690,199,199,fast
trees_200.newick,29,44,1354,201,5569,199,199,fast
trees_200.newick,29,45,1369,201,5800,199,199,fast
trees_200.newick,29,46,1359,201,5651,199,199,fast
trees_200.newick,29,47,1763,201,5562,199,199,fast
trees_200.newick,29,48,1352,201,5474,199,199,fast
trees_200.newick,29,49,1370,201,5561,199,199,fast
trees_200.newick,30,31,1373,201,5715,199,199,fast
trees_200.newick,30,32,1353,201,5544,199,199,fast
trees_200.newick,30,33,1360,201,5670,199,199,fast
trees_200.newick,30,34,1450,201,5712,199,199,fast
trees_200.newick,30,35,1451,201,5585,199,199,fast
trees_200.newick,30,36,1339,201,5497,199,199,fast
trees_200.newick,30,37,1363,201,5669,199,199,fast
trees_200.newick,30,38,1350,201,5559,199,199,fast
trees_200.newick,30,39,1369,201,5690,199,199,fast
trees_200.newick,30,40,1362,201,5514,199,199,fast
trees_200.newick,30,41,1383,201,5676,199,199,fast
trees_200.newick,30,42,1358,201,5630,199,199,fast
trees_200.newick,30,43,1349,201,5660,199,199,fast
trees_200.newick,30,44,1326,201,5549,199,199,fast
trees_200.newick,30,45,1356,201,5696,199,199,fast
trees_200.newick,30,46,1367,201,5658,199,199,fast
trees_200.newick,30,47,1346,201,5520,199,199,fast
trees_200.newick,30,48,1353,201,5586,199,199,fast
trees_200.newick,30,49,1374,201,5638,199,199,fast
trees_200.newick,31,32,1379,201,5765,199,199,fast
trees_200.newick,31,33,1353,201,5662,199,199,fast
trees_200.newick,31,34,1369,201,5607,199,199,fast
trees_200.newick,31,35,1356,201,5717,199,199,fast
trees_200.newick,31,36,1352,201,5566,199,199,fast
trees_200.newick,31,37,1404,201,5772,199,199,fast
trees_200.newick,31,38,1383,201,5810,199,199,fast
trees_200.newick,31,39,1369,201,5792,199,199,fast
trees_200.newick,31,40,1388,201,5805,199,199,fast
trees_200.newick,31,41,1373,201,5712,199,199,fast
trees_200.newick,31,42,1384,201,5806,199,199,fast
trees_200.newick,31,43,1369,201,5548,199,199,fast
trees_200.newick,31,44,1366,201,5706,199,199,fast
trees_200.newick,31,45,1372,201,5819,199,199,fast
trees_200.newick,31,46,1361,201,5689,199,199,fast
trees_200.newick,31,47,1381,201,5841,199,199,fast
trees_200.newick,31,48,1377,201,5797,199,199,fast
trees_200.newick,31,49,1391,201,5751,199,199,fast
trees_200.newick,32,33,1357,201,5511,199,199,fast
trees_200.newick,32,34,1358,201,5640,199,199,fast
trees_200.newick,32,35,1362,201,5771,199,199,fast
trees_200.newick,32,36,1344,201,5517,199,199,fast
trees_200.newick,32,37,1382,201,5789,199,199,fast
trees_200.newick,32,38,1372,201,5589,199,199,fast
trees_200.newick,32,39,1366,201,5668,199,199,fast
trees_200.newick,32,40,1411,201,5624,199,199,fast
trees_200.newick,32,41,1423,201,5516,199,199,fast
trees_200.newick,32,42,1944,201,5592,199,199,fast
trees_200.newick,32,43,1378,201,5630,199,199,fast
trees_200.newick,32,44,1352,201,5581,199,199,fast
trees_200.newick,32,45,1395,201,5683,199,199,fast
trees_200.newick,32,46,1567,201,5796,199,199,fast
trees_200.newick,32,47,1408,201,5692,199,199,fast
trees_200.newick,32,48,1387,201,5493,199,199,fast
trees_200.newick,32,49,1413,201,5532,199,199,fast
trees_200.newick,33,34,1417,201,5622,199,199,fast
trees_200.newick,33,35,1472,201,5645,199,199,fast
trees_200.newick,33,36,1403,201,5627,199,199,fast
trees_200.newick,33,37,1423,201,5627,199,199,fast
trees_200.newick,33,38,1420,201,5688,199,199,fast
trees_200.newick,33,39,1432,201,5718,199,199,fast
trees_200.newick,33,40,1422,201,5548,199,199,fast
trees_200.newick,33,41,1580,201,5424,199,199,fast
trees_200.newick,33,42,1497,201,5597,199,199,fast
trees_200.newick,33,43,1404,201,5697,199,199,fast
trees_200.newick,33,44,1378,201,5566,199,199,fast
trees_200.newick,33,45,1737,201,5605,199,199,fast
trees_200.newick,33,46,1388,201,5583,199,199,fast
trees_200.newick,33,47,1426,201,5756,199,199,fast
trees_200.newick,33,48,1371,201,5665,199,199,fast
trees_200.newick,33,49,1477,201,5515,199,199,fast
trees_200.newick,34,35,2004,201,5620,199,199,fast
trees_200.newick,34,36,1789,201,5504,199,199,fast
trees_200.newick,34,37,1557,201,5607,199,199,fast
trees_200.newick,34,38,1405,201,5697,199,199,fast
trees_200.newick,34,39,1395,201,5609,199,199,fast
trees_200.newick,34,40,1380,201,5685,199,199,fast
trees_200.newick,34,41,1413,201,5675,199,199,fast
trees_200.newick,34,42,1403,201,5769,199,199,fast
trees_200.newick,34,43,1515,201,5623,199,199,fast
trees_200.newick,34,44,1357,201,5597,199,199,fast
trees_200.newick,34,45,1383,201,5647,199,199,fast
trees_200.newick,34,46,1383,201,5651,199,199,fast
trees_200.newick,34,47,1391,201,5747,199,199,fast
trees_200.newick,34,48,1378,201,5568,199,199,fast
trees_200.newick,34,49,1721,201,5336,199,199,fast
trees_200.newick,35,36,1374,201,5607,199,199,fast
trees_200.newick,35,37,1376,201,5619,199,199,fast
trees_200.newick,35,38,2154,201,5490,199,199,fast
trees_200.newick,35,39,1567,201,5533,199,199,fast
trees_200.newick,35,40,1401,201,5690,199,199,fast
trees_200.newick,35,41,1408,201,5496,199,199,fast
trees_200.newick,35,42,1641,201,5722,199,199,fast
trees_200.newick,35,43,1372,201,5639,199,199,fast
trees_200.newick,35,44,1496,201,5639,199,199,fast
trees_200.newick,35,45,1343,201,5546,199,199,fast
trees_200.newick,35,46,1352,201,5579,199,199,fast
trees_200.newick,35,47,1369,201,5697,199,199,fast
trees_200.newick,35,48,1364,201,5658,199,199,fast
trees_200.newick,35,49,1379,201,5667,199,199,fast
trees_200.newick,36,37,1374,201,5640,199,199,fast
trees_200.newick,36,38,1357,201,5578,199,199,fast
trees_200.newick,36,39,1344,201,5535,199,199,fast
trees_200.newick,36,40,1360,201,5650,199,199,fast
trees_200.newick,36,41,1373,201,5577,199,199,fast
trees_200.newick,36,42,1359,201,5673,199,199,fast
trees_200.newick,36,43,1352,201,5664,199,199,fast
trees_200.newick,36,44,1353,201,5564,199,199,fast
trees_200.newick,36,45,1365,201,5673,199,199,fast
trees_200.newick,36,46,1362,201,5722,199,199,fast
trees_200.newick,36,47,1341,201,5593,199,199,fast
trees_200.newick,36,48,1348,201,5526,199,199,fast
trees_200.newick,36,49,1371,201,5569,199,199,fast
trees_200.newick,37,38,1386,201,5664,199,199,fast
trees_200.newick,37,39,1397,201,5707,199,199,fast
trees_200.newick,37,40,1372,201,5628,199,199,fast
trees_200.newick,37,41,1375,201,5725,199,199,fast
trees_200.newick,37,42,1372,201,5730,199,199,fast
trees_200.newick,37,43,1376,201,5661,199,199,fast
trees_200.newick,37,44,1363,201,5645,199,199,fast
trees_200.newick,37,45,1378,201,5674,199,199,fast
trees_200.newick,37,46,1400,201,5807,199,199,fast
trees_200.newick,37,47,1374,201,5717,199,199,fast
trees_200.newick,37,48,1367,201,5643,199,199,fast
trees_200.newick,37,49,1391,201,5669,199,199,fast
trees_200.newick,38,39,1356,201,5532,199,199,fast
trees_200.newick,38,40,1371,201,5638,199,199,fast
trees_200.newick,38,41,1384,201,5760,199,199,fast
trees_200.newick,38,42,1397,201,5678,199,199,fast
trees_200.newick,38,43,1367,201,5731,199,199,fast
trees_200.newick,38,44,1360,201,5659,199,199,fast
trees_200.newick,38,45,1345,201,5438,199,199,fast
trees_200.newick,38,46,1371,201,5670,199,199,fast
trees_200.newick,38,47,1381,201,5810,199,199,fast
trees_200.newick,38,48,1354,201,5613,199,199,fast
trees_200.newick,38,49,1814,201,5767,199,199,fast
trees_200.newick,39,40,1347,201,5439,199,199,fast
trees_200.newick,39,41,1369,201,5621,199,199,fast
trees_200.newick,39,42,1374,201,5697,199,199,fast
trees_200.newick,39,43,1364,201,5709,199,199,fast
trees_200.newick,39,44,1352,201,5530,199,199,fast
trees_200.newick,39,45,1363,201,5699,199,199,fast
trees_200.newick,39,46,1367,201,5645,199,199,fast
trees_200.newick,39,47,1366,201,5691,199,199,fast
trees_200.newick,39,48,1359,201,5602,199,199,fast
trees_200.newick,39,49,1385,201,5704,199,199,fast
trees_200.newick,40,41,1364,201,5626,199,199,fast
trees_200.newick,40,42,1376,201,5705,199,199,fast
trees_200.newick,40,43,1441,201,5551,199,199,fast
trees_200.newick,40,44,1375,201,5652,199,199,fast
trees_200.newick,40,45,1367,201,5606,199,199,fast
trees_200.newick,40,46,1377,201,5747,199,199,fast
trees_200.newick,40,47,1360,201,5627,199,199,fast
trees_200.newick,40,48,1363,201,5714,199,199,fast
trees_200.newick,40,49,1395,201,5634,199,199,fast
trees_200.newick,41,42,1566,201,5804,199,199,fast
trees_200.newick,41,43,1369,201,5561,199,199,fast
trees_200.newick,41,44,1360,201,5585,199,199,fast
trees_200.newick,41,45,1380,201,5750,199,199,fast
trees_200.newick,41,46,1384,201,5742,199,199,fast
trees_200.newick,41,47,1376,201,5602,199,199,fast
trees_200.newick,41,48,1359,201,5684,199,199,fast
trees_200.newick,41,49,1634,201,5635,199,199,fast
trees_200.newick,42,43,1363,201,5609,199,199,fast
trees_200.newick,42,44,1354,201,5641,199,199,fast
trees_200.newick,42,45,1369,201,5687,199,199,fast
trees_200.newick,42,46,1372,201,5793,199,199,fast
trees_200.newick,42,47,1380,201,5897,199,199,fast
trees_200.newick,42,48,1371,201,5694,199,199,fast
trees_200.newick,42,49,1376,201,5602,199,199,fast
trees_200.newick,43,44,1339,201,5549,199,199,fast
trees_200.newick,43,45,1397,201,5687,199,199,fast
trees_200.newick,43,46,1376,201,5691,199,199,fast
trees_200.newick,43,47,1362,201,5618,199,199,fast
trees_200.newick,43,48,1340,201,5532,199,199,fast
trees_200.newick,43,49,1360,201,5530,199,199,fast
trees_200.newick,44,45,1349,201,5591,199,199,fast
trees_200.newick,44,46,1373,201,5820,199,199,fast
trees_200.newick,44,47,1372,201,5597,199,199,fast
trees_200.newick,44,48,1341,201,5555,199,199,fast
trees_200.newick,44,49,1367,201,5554,199,199,fast
trees_200.newick,45,46,1363,201,5638,199,199,fast
trees_200.newick,45,47,1362,201,5709,199,199,fast
trees_200.newick,45,48,1364,201,5681,199,199,fast
trees_200.newick,45,49,1370,201,5528,199,199,fast
trees_200.newick,46,47,1389,201,5865,199,199,fast
trees_200.newick,46,48,1374,201,5709,199,199,fast
trees_200.newick,46,49,1394,201,5814,199,199,fast
trees_200.newick,47,48,1344,201,5567,199,199,fast
trees_200.newick,47,49,1375,201,5689,199,199,fast
trees_200.newick,48,49,1382,201,5608,199,199,fast
trees_20.newick,0,1,110,21,165,19,19,fast
trees_20.newick,0,2,79,21,143,19,19,fast
trees_20.newick,0,3,81,21,157,19,19,fast
trees_20.newick,0,4,79,21,154,19,19,fast
trees_20.newick,0,5,80,21,151,19,19,fast
trees_20.newick,0,6,80,21,177,19,19,fast
trees_20.newick,0,7,79,21,143,19,19,fast
trees_20.newick,0,8,82,21,165,19,19,fast
trees_20.newick,0,9,78,21,147,19,19,fast
trees_20.newick,0,10,79,21,158,19,19,fast
trees_20.newick,0,11,86,21,178,19,19,fast
trees_20.newick,0,12,80,21,137,19,19,fast
trees_20.newick,0,13,78,21,151,19,19,fast
trees_20.newick,0,14,78,21,157,19,19,fast
trees_20.newick,0,15,75,21,102,19,19,fast
trees_20.newick,0,16,80,21,167,19,19,fast
trees_20.newick,0,17,81,21,171,19,19,fast
trees_20.newick,0,18,75,21,106,19,19,fast
trees_20.newick,0,19,79,21,155,19,19,fast
trees_20.newick,0,20,85,21,196,19,19,fast
trees_20.newick,0,21,82,21,169,19,19,fast
trees_20.newick,0,22,78,21,145,19,19,fast
trees_20.newick,0,23,79,21,136,19,19,fast
trees_20.newick,0,24,80,21,158,19,19,fast
trees_20.newick,0,25,78,21,154,19,19,fast
trees_20.newick,0,26,82,21,176,19,19,fast
trees_20.newick,0,27,78,21,136,19,19,fast
trees_20.newick,0,28,87,21,183,19,19,fast
trees_20.newick,0,29,82,21,181,19,19,fast
trees_20.newick,0,30,81,21,167,19,19,fast
trees_20.newick,0,31,81,21,167,19,19,fast
trees_20.newick,0,32,79,21,165,19,19,fast
trees_20.newick,0,33,75,21,135,19,19,fast
trees_20.newick,0,34,87,21,190,19,19,fast
trees_20.newick,0,35,78,21,157,19,19,fast
trees_20.newick,0,36,80,21,169,19,19,fast
trees_20.newick,0,37,79,21,156,19,19,fast
trees_20.newick,0,38,79,21,151,19,19,fast
trees_20.newick,0,39,76,21,128,19,19,fast
trees_20.newick,0,40,80,21,167,19,19,fast
trees_20.newick,0,41,80,21,172,19,19,fast
trees_20.newick,0,42,81,21,179,19,19,fast
trees_20.newick,0,43,78,21,148,19,19,fast
trees_20.newick,0,44,80,21,166,19,19,fast
trees_20.newick,0,45,83,21,177,19,19,fast
trees_20.newick,0,46,78,21,150,19,19,fast
trees_20.newick,0,47,77,21,160,19,19,fast
trees_20.newick,0,48,77,21,154,19,19,fast
trees_20.newick,0,49,79,21,156,19,19,fast
trees_20.newick,1,2,83,21,171,19,19,fast
trees_20.newick,1,3,81,21,158,19,19,fast
trees_20.newick,1,4,78,21,147,19,19,fast
trees_20.newick,1,5,79,21,149,19,19,fast
trees_20.newick,1,6,79,21,161,19,19,fast
trees_20.newick,1,7,80,21,158,19,19,fast
trees_20.newick,1,8,81,21,170,19,19,fast
trees_20.newick,1,9,79,21,155,19,19,fast
trees_20.newick,1,10,79,21,160,19,19,fast
trees_20.newick,1,11,79,21,162,19,19,fast
trees_20.newick,1,12,82,21,168,19,19,fast
trees_20.newick,1,13,86,21,171,19,19,fast
trees_20.newick,1,14,81,21,179,19,19,fast
trees_20.newick,1,15,78,21,144,19,19,fast
trees_20.newick,1,16,76,21,122,19,19,fast
trees_20.newick,1,17,74,21,105,19,19,fast
trees_20.newick,1,18,74,21,127,19,19,fast
trees_20.newick,1,19,80,21,167,19,19,fast
trees_20.newick,1,20,81,21,163,19,19,fast
trees_20.newick,1,21,76,21,127,19,19,fast
trees_20.newick,1,22,80,21,170,19,19,fast
trees_20.newick,1,23,78,21,150,19,19,fast
trees_20.newick,1,24,73,21,94,19,19,fast
trees_20.newick,1,25,77,21,151,19,19,fast
trees_20.newick,1,26,75,21,123,19,19,fast
trees_20.newick,1,27,75,21,130,19,19,fast
trees_20.newick,1,28,75,21,138,19,19,fast
trees_20.newick,1,29,77,21,150,19,19,fast
trees_20.newick,1,30,79,21,160,19,19,fast
trees_20.newick,1,31,81,21,168,19,19,fast
trees_20.newick,1,32,78,21,157,19,19,fast
trees_20.newick,1,33,76,21,153,19,19,fast
trees_20.newick,1,34,82,21,159,19,19,fast
trees_20.newick,1,35,91,21,159,19,19,fast
trees_20.newick,1,36,78,21,139,19,19,fast
trees_20.newick,1,37,78,21,128,19,19,fast
trees_20.newick,1,38,76,21,140,19,19,fast
trees_20.newick,1,39,76,21,137,19,19,fast
trees_20.newick,1,40,122,21,128,19,19,fast
trees_20.newick,1,41,80,21,136,19,19,fast
trees_20.newick,1,42,77,21,155,19,19,fast
trees_20.newick,1,43,73,21,113,19,19,fast
trees_20.newick,1,44,80,21,157,19,19,fast
trees_20.newick,1,45,80,21,151,19,19,fast
trees_20.newick,1,46,79,21,163,19,19,fast
trees_20.newick,1,47,84,21,162,19,19,fast
trees_20.newick,1,48,77,21,140,19,19,fast
trees_20.newick,1,49,78,21,160,19,19,fast
trees_20.newick,2,3,78,21,147,19,19,fast
trees_20.newick,2,4,84,21,167,19,19,fast
trees_20.newick,2,5,79,21,147,19,19,fast
trees_20.newick,2,6,79,21,170,19,19,fast
trees_20.newick,2,7,77,21,140,19,19,fast
trees_20.newick,2,8,80,21,162,19,19,fast
trees_20.newick,2,9,76,21,140,19,19,fast
trees_20.newick,2,10,77,21,161,19,19,fast
trees_20.newick,2,11,76,21,147,19,19,fast
trees_20.newick,2,12,80,21,146,19,19,fast
trees_20.newick,2,13,78,21,161,19,19,fast
trees_20.newick,2,14,79,21,174,19,19,fast
trees_20.newick,2,15,80,21,160,19,19,fast
trees_20.newick,2,16,76,21,132,19,19,fast
trees_20.newick,2,17,77,21,151,19,19,fast
trees_20.newick,2,18,73,21,103,19,19,fast
trees_20.newick,2,19,77,21,158,19,19,fast
trees_20.newick,2,20,78,21,137,19,19,fast
trees_20.newick,2,21,86,21,173,19,19,fast
trees_20.newick,2,22,78,21,152,19,19,fast
trees_20.newick,2,23,79,21,154,19,19,fast
trees_20.newick,2,24,76,21,136,19,19,fast
trees_20.newick,2,25,78,21,164,19,19,fast
trees_20.newick,2,26,77,21,144,19,19,fast
trees_20.newick,2,27,79,21,175,19,19,fast
trees_20.newick,2,28,77,21,158,19,19,fast
trees_20.newick,2,29,78,21,166,19,19,fast
trees_20.newick,2,30,75,21,123,19,19,fast
trees_20.newick,2,31,77,21,152,19,19,fast
trees_20.newick,2,32,74,21,138,19,19,fast
trees_20.newick,2,33,73,21,121,19,19,fast
trees_20.newick,2,34,82,21,147,19,19,fast
trees_20.newick,2,35,76,21,137,19,19,fast
trees_20.newick,2,36,78,21,165,19,19,fast
trees_20.newick,2,37,77,21,137,19,19,fast
trees_20.newick,2,38,84,21,167,19,19,fast
trees_20.newick,2,39,75,21,140,19,19,fast
trees_20.newick,2,40,78,21,169,19,19,fast
trees_20.newick,2,41,78,21,158,19,19,fast
trees_20.newick,2,42,77,21,157,19,19,fast
trees_20.newick,2,43,77,21,155,19,19,fast
trees_20.newick,2,44,77,21,153,19,19,fast
trees_20.newick,2,45,79,21,159,19,19,fast
trees_20.newick,2,46,77,21,158,19,19,fast
trees_20.newick,2,47,76,21,150,19,19,fast
trees_20.newick,2,48,75,21,134,19,19,fast
trees_20.newick,2,49,77,21,153,19,19,fast
trees_20.newick,3,4,78,21,140,19,19,fast
trees_20.newick,3,5,85,21,158,19,19,fast
trees_20.newick,3,6,79,21,172,19,19,fast
trees_20.newick,3,7,80,21,168,19,19,fast
trees_20.newick,3,8,76,21,141,19,19,fast
trees_20.newick,3,9,83,21,154,19,19,fast
trees_20.newick,3,10,78,21,164,19,19,fast
trees_20.newick,3,11,75,21,128,19,19,fast
trees_20.newick,3,12,82,21,147,19,19,fast
trees_20.newick,3,13,75,21,125,19,19,fast
trees_20.newick,3,14,77,21,148,19,19,fast
trees_20.newick,3,15,75,21,132,19,19,fast
trees_20.newick,3,16,78,21,160,19,19,fast
trees_20.newick,3,17,76,21,151,19,19,fast
trees_20.newick,3,18,75,21,134,19,19,fast
trees_20.newick,3,19,77,21,154,19,19,fast
trees_20.newick,3,20,80,21,163,19,19,fast
trees_20.newick,3,21,79,21,150,19,19,fast
trees_20.newick,3,22,86,21,170,19,19,fast
trees_20.newick,3,23,80,21,167,19,19,fast
trees_20.newick,3,24,80,21,165,19,19,fast
trees_20.newick,3,25,77,21,166,19,19,fast
trees_20.newick,3,26,100,21,166,19,19,fast
trees_20.newick,3,27,78,21,151,19,19,fast
trees_20.newick,3,28,75,21,140,19,19,fast
trees_20.newick,3,29,76,21,147,19,19,fast
trees_20.newick,3,30,77,21,147,19,19,fast
trees_20.newick,3,31,80,21,174,19,19,fast
trees_20.newick,3,32,79,21,174,19,19,fast
trees_20.newick,3,33,77,21,150,19,19,fast
trees_20.newick,3,34,79,21,165,19,19,fast
trees_20.newick,3,35,76,21,136,19,19,fast
trees_20.newick,3,36,79,21,153,19,19,fast
trees_20.newick,3,37,80,21,167,19,19,fast
trees_20.newick,3,38,80,21,169,19,19,fast
trees_20.newick,3,39,76,21,149,19,19,fast
trees_20.newick,3,40,77,21,159,19,19,fast
trees_20.newick,3,41,77,21,148,19,19,fast
trees_20.newick,3,42,74,21,131,19,19,fast
trees_20.newick,3,43,80,21,141,19,19,fast
trees_20.newick,3,44,77,21,152,19,19,fast
trees_20.newick,3,45,78,21,149,19,19,fast
trees_20.newick,3,46,77,21,157,19,19,fast
trees_20.newick,3,47,73,21,116,19,19,fast
trees_20.newick,3,48,77,21,157,19,19,fast
trees_20.newick,3,49,77,21,154,19,19,fast
trees_20.newick,4,5,81,21,170,19,19,fast
trees_20.newick,4,6,81,21,172,19,19,fast
trees_20.newick,4,7,77,21,132,19,19,fast
trees_20.newick,4,8,82,21,179,19,19,fast
trees_20.newick,4,9,77,21,145,19,19,fast
trees_20.newick,4,10,76,21,140,19,19,fast
trees_20.newick,4,11,76,21,131,19,19,fast
trees_20.newick,4,12,80,21,155,19,19,fast
trees_20.newick,4,13,79,21,159,19,19,fast
trees_20.newick,4,14,77,21,149,19,19,fast
trees_20.newick,4,15,82,21,155,19,19,fast
trees_20.newick,4,16,77,21,146,19,19,fast
trees_20.newick,4,17,75,21,143,19,19,fast
trees_20.newick,4,18,76,21,136,19,19,fast
trees_20.newick,4,19,76,21,142,19,19,fast
trees_20.newick,4,20,81,21,176,19,19,fast
trees_20.newick,4,21,78,21,144,19,19,fast
trees_20.newick,4,22,80,21,158,19,19,fast
trees_20.newick,4,23,79,21,143,19,19,fast
trees_20.newick,4,24,78,21,148,19,19,fast
trees_20.newick,4,25,74,21,133,19,19,fast
trees_20.newick,4,26,77,21,150,19,19,fast
trees_20.newick,4,27,77,21,156,19,19,fast
trees_20.newick,4,28,75,21,146,19,19,fast
trees_20.newick,4,29,76,21,141,19,19,fast
trees_20.newick,4,30,151,21,151,19,19,fast
trees_20.newick,4,31,81,21,122,19,19,fast
trees_20.newick,4,32,82,21,176,19,19,fast
trees_20.newick,4,33,78,21,147,19,19,fast
trees_20.newick,4,34,78,21,143,19,19,fast
trees_20.newick,4,35,78,21,149,19,19,fast
trees_20.newick,4,36,83,21,154,19,19,fast
trees_20.newick,4,37,78,21,144,19,19,fast
trees_20.newick,4,38,79,21,164,19,19,fast
trees_20.newick,4,39,76,21,141,19,19,fast
trees_20.newick,4,40,75,21,132,19,19,fast
trees_20.newick,4,41,79,21,163,19,19,fast
trees_20.newick,4,42,78,21,168,19,19,fast
trees_20.newick,4,43,77,21,164,19,19,fast
trees_20.newick,4,44,77,21,154,19,19,fast
trees_20.newick,4,45,80,21,163,19,19,fast
trees_20.newick,4,46,76,21,147,19,19,fast
trees_20.newick,4,47,76,21,151,19,19,fast
trees_20.newick,4,48,77,21,159,19,19,fast
trees_20.newick,4,49,74,21,137,19,19,fast
trees_20.newick,5,6,80,21,138,19,19,fast
trees_20.newick,5,7,78,21,138,19,19,fast
trees_20.newick,5,8,82,21,178,19,19,fast
trees_20.newick,5,9,82,21,164,19,19,fast
trees_20.newick,5,10,77,21,161,19,19,fast
trees_20.newick,5,11,76,21,148,19,19,fast
trees_20.newick,5,12,81,21,170,19,19,fast
trees_20.newick,5,13,79,21,168,19,19,fast
trees_20.newick,5,14,76,21,154,19,19,fast
trees_20.newick,5,15,77,21,165,19,19,fast
trees_20.newick,5,16,76,21,145,19,19,fast
trees_20.newick,5,17,74,21,138,19,19,fast
trees_20.newick,5,18,78,21,171,19,19,fast
trees_20.newick,5,19,80,21,179,19,19,fast
trees_20.newick,5,20,77,21,149,19,19,fast
trees_20.newick,5,21,76,21,134,19,19,fast
trees_20.newick,5,22,77,21,148,19,19,fast
trees_20.newick,5,23,82,21,180,19,19,fast
trees_20.newick,5,24,79,21,171,19,19,fast
trees_20.newick,5,25,76,21,170,19,19,fast
trees_20.newick,5,26,84,21,171,19,19,fast
trees_20.newick,5,27,76,21,135,19,19,fast
trees_20.newick,5,28,77,21,157,19,19,fast
trees_20.newick,5,29,75,21,150,19,19,fast
trees_20.newick,5,30,76,21,136,19,19,fast
trees_20.newick,5,31,77,21,145,19,19,fast
trees_20.newick,5,32,77,21,159,19,19,fast
trees_20.newick,5,33,74,21,148,19,19,fast
trees_20.newick,5,34,75,21,129,19,19,fast
trees_20.newick,5,35,75,21,141,19,19,fast
trees_20.newick,5,36,76,21,153,19,19,fast
trees_20.newick,5,37,79,21,160,19,19,fast
trees_20.newick,5,38,76,21,144,19,19,fast
trees_20.newick,5,39,74,21,143,19,19,fast
trees_20.newick,5,40,76,21,160,19,19,fast
trees_20.newick,5,41,76,21,145,19,19,fast
trees_20.newick,5,42,79,21,175,19,19,fast
trees_20.newick,5,43,80,21,160,19,19,fast
trees_20.newick,5,44,77,21,168,19,19,fast
trees_20.newick,5,45,82,21,157,19,19,fast
trees_20.newick,5,46,79,21,161,19,19,fast
trees_20.newick,5,47,77,21,177,19,19,fast
trees_20.newick,5,48,77,21,162,19,19,fast
trees_20.newick,5,49,76,21,155,19,19,fast
trees_20.newick,6,7,79,21,137,19,19,fast
trees_20.newick,6,8,81,21,170,19,19,fast
trees_20.newick,6,9,79,21,160,19,19,fast
trees_20.newick,6,10,74,21,135,19,19,fast
trees_20.newick,6,11,79,21,171,19,19,fast
trees_20.newick,6,12,83,21,171,19,19,fast
trees_20.newick,6,13,79,21,157,19,19,fast
trees_20.newick,6,14,81,21,186,19,19,fast
trees_20.newick,6,15,78,21,167,19,19,fast
trees_20.newick,6,16,76,21,156,19,19,fast
trees_20.newick,6,17,82,21,172,19,19,fast
trees_20.newick,6,18,77,21,157,19,19,fast
trees_20.newick,6,19,79,21,169,19,19,fast
trees_20.newick,6,20,75,21,119,19,19,fast
trees_20.newick,6,21,81,21,170,19,19,fast
trees_20.newick,6,22,79,21,170,19,19,fast
trees_20.newick,6,23,83,21,187,19,19,fast
trees_20.newick,6,24,77,21,157,19,19,fast
trees_20.newick,6,25,78,21,174,19,19,fast
trees_20.newick,6,26,77,21,153,19,19,fast
trees_20.newick,6,27,78,21,157,19,19,fast
trees_20.newick,6,28,77,21,151,19,19,fast
trees_20.newick,6,29,78,21,159,19,19,fast
trees_20.newick,6,30,79,21,174,19,19,fast
trees_20.newick,6,31,77,21,154,19,19,fast
trees_20.newick,6,32,76,21,138,19,19,fast
trees_20.newick,6,33,78,21,173,19,19,fast
trees_20.newick,6,34,81,21,181,19,19,fast
trees_20.newick,6,35,81,21,152,19,19,fast
trees_20.newick,6,36,78,21,159,19,19,fast
trees_20.newick,6,37,79,21,152,19,19,fast
trees_20.newick,6,38,76,21,132,19,19,fast
trees_20.newick,6,39,76,21,150,19,19,fast
trees_20.newick,6,40,79,21,179,19,19,fast
trees_20.newick,6,41,80,21,178,19,19,fast
trees_20.newick,6,42,80,21,180,19,19,fast
trees_20.newick,6,43,74,21,112,19,19,fast
trees_20.newick,6,44,78,21,165,19,19,fast
trees_20.newick,6,45,84,21,186,19,19,fast
trees_20.newick,6,46,77,21,153,19,19,fast
trees_20.newick,6,47,78,21,169,19,19,fast
trees_20.newick,6,48,79,21,171,19,19,fast
trees_20.newick,6,49,78,21,162,19,19,fast
trees_20.newick,7,8,87,21,164,19,19,fast
trees_20.newick,7,9,79,21,154,19,19,fast
trees_20.newick,7,10,81,21,126,19,19,fast
trees_20.newick,7,11,82,21,179,19,19,fast
trees_20.newick,7,12,80,21,145,19,19,fast
trees_20.newick,7,13,78,21,160,19,19,fast
trees_20.newick,7,14,77,21,133,19,19,fast
trees_20.newick,7,15,77,21,139,19,19,fast
trees_20.newick,7,16,79,21,167,19,19,fast
trees_20.newick,7,17,77,21,154,19,19,fast
trees_20.newick,7,18,77,21,158,19,19,fast
trees_20.newick,7,19,80,21,181,19,19,fast
trees_20.newick,7,20,80,21,161,19,19,fast
trees_20.newick,7,21,81,21,166,19,19,fast
trees_20.newick,7,22,78,21,154,19,19,fast
trees_20.newick,7,23,79,21,146,19,19,fast
trees_20.newick,7,24,76,21,122,19,19,fast
trees_20.newick,7,25,79,21,145,19,19,fast
trees_20.newick,7,26,79,21,163,19,19,fast
trees_20.newick,7,27,82,21,145,19,19,fast
trees_20.newick,7,28,77,21,148,19,19,fast
trees_20.newick,7,29,79,21,166,19,19,fast
trees_20.newick,7,30,76,21,135,19,19,fast
trees_20.newick,7,31,77,21,139,19,19,fast
trees_20.newick,7,32,76,21,143,19,19,fast
trees_20.newick,7,33,80,21,137,19,19,fast
trees_20.newick,7,34,81,21,153,19,19,fast
trees_20.newick,7,35,78,21,166,19,19,fast
trees_20.newick,7,36,77,21,155,19,19,fast
trees_20.newick,7,37,80,21,170,19,19,fast
trees_20.newick,7,38,77,21,143,19,19,fast
trees_20.newick,7,39,74,21,122,19,19,fast
trees_20.newick,7,40,78,21,167,19,19,fast
trees_20.newick,7,41,79,21,157,19,19,fast
trees_20.newick,7,42,83,21,164,19,19,fast
trees_20.newick,7,43,77,21,150,19,19,fast
trees_20.newick,7,44,78,21,162,19,19,fast
trees_20.newick,7,45,81,21,167,19,19,fast
trees_20.newick,7,46,77,21,141,19,19,fast
trees_20.newick,7,47,77,21,162,19,19,fast
trees_20.newick,7,48,76,21,136,19,19,fast
trees_20.newick,7,49,75,21,143,19,19,fast
trees_20.newick,8,9,79,21,143,19,19,fast
trees_20.newick,8,10,80,21,164,19,19,fast
trees_20.newick,8,11,79,21,162,19,19,fast
trees_20.newick,8,12,84,21,164,19,19,fast
trees_20.newick,8,13,82,21,164,19,19,fast
trees_20.newick,8,14,80,21,157,19,19,fast
trees_20.newick,8,15,80,21,158,19,19,fast
trees_20.newick,8,16,78,21,140,19,19,fast
trees_20.newick,8,17,78,21,164,19,19,fast
trees_20.newick,8,18,79,21,167,19,19,fast
trees_20.newick,8,19,85,21,161,19,19,fast
trees_20.newick,8,20,81,21,163,19,19,fast
trees_20.newick,8,21,80,21,154,19,19,fast
trees_20.newick,8,22,80,21,159,19,19,fast
trees_20.newick,8,23,80,21,151,19,19,fast
trees_20.newick,8,24,79,21,152,19,19,fast
trees_20.newick,8,25,78,21,163,19,19,fast
trees_20.newick,8,26,79,21,166,19,19,fast
trees_20.newick,8,27,78,21,144,19,19,fast
trees_20.newick,8,28,77,21,144,19,19,fast
trees_20.newick,8,29,79,21,163,19,19,fast
trees_20.newick,8,30,79,21,157,19,19,fast
trees_20.newick,8,31,80,21,160,19,19,fast
trees_20.newick,8,32,78,21,152,19,19,fast
trees_20.newick,8,33,78,21,162,19,19,fast
trees_20.newick,8,34,86,21,175,19,19,fast
trees_20.newick,8,35,82,21,179,19,19,fast
trees_20.newick,8,36,78,21,150,19,19,fast
trees_20.newick,8,37,78,21,148,19,19,fast
trees_20.newick,8,38,76,21,125,19,19,fast
trees_20.newick,8,39,77,21,147,19,19,fast
trees_20.newick,8,40,76,21,144,19,19,fast
trees_20.newick,8,41,79,21,161,19,19,fast
trees_20.newick,8,42,78,21,152,19,19,fast
trees_20.newick,8,43,76,21,138,19,19,fast
trees_20.newick,8,44,79,21,170,19,19,fast
trees_20.newick,8,45,78,21,149,19,19,fast
trees_20.newick,8,46,77,21,150,19,19,fast
trees_20.newick,8,47,74,21,123,19,19,fast
trees_20.newick,8,48,76,21,150,19,19,fast
trees_20.newick,8,49,76,21,137,19,19,fast
trees_20.newick,9,10,79,21,143,19,19,fast
trees_20.newick,9,11,76,21,143,19,19,fast
trees_20.newick,9,12,81,21,148,19,19,fast
trees_20.newick,9,13,82,21,151,19,19,fast
trees_20.newick,9,14,81,21,179,19,19,fast
trees_20.newick,9,15,79,21,155,19,19,fast
trees_20.newick,9,16,77,21,144,19,19,fast
trees_20.newick,9,17,75,21,145,19,19,fast
trees_20.newick,9,18,74,21,124,19,19,fast
trees_20.newick,9,19,81,21,172,19,19,fast
trees_20.newick,9,20,78,21,149,19,19,fast
trees_20.newick,9,21,99,21,148,19,19,fast
trees_20.newick,9,22,79,21,161,19,19,fast
trees_20.newick,9,23,82,21,168,19,19,fast
trees_20.newick,9,24,76,21,144,19,19,fast
trees_20.newick,9,25,73,21,124,19,19,fast
trees_20.newick,9,26,77,21,147,19,19,fast
trees_20.newick,9,27,80,21,179,19,19,fast
trees_20.newick,9,28,80,21,157,19,19,fast
trees_20.newick,9,29,77,21,157,19,19,fast
trees_20.newick,9,30,79,21,167,19,19,fast
trees_20.newick,9,31,77,21,144,19,19,fast
trees_20.newick,9,32,73,21,122,19,19,fast
trees_20.newick,9,33,78,21,169,19,19,fast
trees_20.newick,9,34,76,21,138,19,19,fast
trees_20.newick,9,35,77,21,157,19,19,fast
trees_20.newick,9,36,74,21,128,19,19,fast
trees_20.newick,9,37,77,21,143,19,19,fast
trees_20.newick,9,38,76,21,137,19,19,fast
trees_20.newick,9,39,75,21,142,19,19,fast
trees_20.newick,9,40,76,21,144,19,19,fast
trees_20.newick,9,41,79,21,167,19,19,fast
trees_20.newick,9,42,76,21,157,19,19,fast
trees_20.newick,9,43,76,21,146,19,19,fast
trees_20.newick,9,44,77,21,141,19,19,fast
trees_20.newick,9,45,78,21,144,19,19,fast
trees_20.newick,9,46,75,21,136,19,19,fast
trees_20.newick,9,47,79,21,144,19,19,fast
trees_20.newick,9,48,73,21,111,19,19,fast
trees_20.newick,9,49,77,21,165,19,19,fast
trees_20.newick,10,11,81,21,189,19,19,fast
trees_20.newick,10,12,81,21,166,19,19,fast
trees_20.newick,10,13,79,21,164,19,19,fast
trees_20.newick,10,14,79,21,167,19,19,fast
trees_20.newick,10,15,77,21,156,19,19,fast
trees_20.newick,10,16,76,21,139,19,19,fast
trees_20.newick,10,17,73,21,118,19,19,fast
trees_20.newick,10,18,75,21,151,19,19,fast
trees_20.newick,10,19,80,21,180,19,19,fast
trees_20.newick,10,20,77,21,145,19,19,fast
trees_20.newick,10,21,78,21,162,19,19,fast
trees_20.newick,10,22,77,21,161,19,19,fast
trees_20.newick,10,23,81,21,171,19,19,fast
trees_20.newick,10,24,76,21,146,19,19,fast
trees_20.newick,10,25,78,21,142,19,19,fast
trees_20.newick,10,26,76,21,149,19,19,fast
trees_20.newick,10,27,76,21,150,19,19,fast
trees_20.newick,10,28,77,21,161,19,19,fast
trees_20.newick,10,29,79,21,175,19,19,fast
trees_20.newick,10,30,78,21,165,19,19,fast
trees_20.newick,10,31,76,21,150,19,19,fast
trees_20.newick,10,32,78,21,166,19,19,fast
trees_20.newick,10,33,74,21,143,19,19,fast
trees_20.newick,10,34,77,21,148,19,19,fast
trees_20.newick,10,35,76,21,165,19,19,fast
trees_20.newick,10,36,77,21,157,19,19,fast
trees_20.newick,10,37,79,21,163,19,19,fast
trees_20.newick,10,38,75,21,139,19,19,fast
trees_20.newick,10,39,75,21,141,19,19,fast
trees_20.newick,10,40,77,21,168,19,19,fast
trees_20.newick,10,41,77,21,145,19,19,fast
trees_20.newick,10,42,80,21,130,19,19,fast
trees_20.newick,10,43,77,21,161,19,19,fast
trees_20.newick,10,44,76,21,154,19,19,fast
trees_20.newick,10,45,78,21,156,19,19,fast
trees_20.newick,10,46,73,21,117,19,19,fast
trees_20.newick,10,47,76,21,166,19,19,fast
trees_20.newick,10,48,77,21,153,19,19,fast
trees_20.newick,10,49,75,21,147,19,19,fast
trees_20.newick,11,12,85,21,181,19,19,fast
trees_20.newick,11,13,87,21,161,19,19,fast
trees_20.newick,11,14,80,21,175,19,19,fast
trees_20.newick,11,15,75,21,121,19,19,fast
trees_20.newick,11,16,76,21,144,19,19,fast
trees_20.newick,11,17,74,21,135,19,19,fast
trees_20.newick,11,18,76,21,159,19,19,fast
trees_20.newick,11,19,80,21,178,19,19,fast
trees_20.newick,11,20,78,21,153,19,19,fast
trees_20.newick,11,21,79,21,118,19,19,fast
trees_20.newick,11,22,79,21,170,19,19,fast
trees_20.newick,11,23,83,21,193,19,19,fast
trees_20.newick,11,24,78,21,160,19,19,fast
trees_20.newick,11,25,74,21,135,19,19,fast
trees_20.newick,11,26,78,21,164,19,19,fast
trees_20.newick,11,27,74,21,131,19,19,fast
trees_20.newick,11,28,77,21,171,19,19,fast
trees_20.newick,11,29,75,21,136,19,19,fast
trees_20.newick,11,30,77,21,145,19,19,fast
trees_20.newick,11,31,80,21,172,19,19,fast
trees_20.newick,11,32,80,21,183,19,19,fast
trees_20.newick,11,33,75,21,147,19,19,fast
trees_20.newick,11,34,77,21,153,19,19,fast
trees_20.newick,11,35,77,21,158,19,19,fast
trees_20.newick,11,36,75,21,143,19,19,fast
trees_20.newick,11,37,81,21,153,19,19,fast
trees_20.newick,11,38,80,21,147,19,19,fast
trees_20.newick,11,39,77,21,170,19,19,fast
trees_20.newick,11,40,77,21,159,19,19,fast
trees_20.newick,11,41,76,21,140,19,19,fast
trees_20.newick,11,42,77,21,166,19,19,fast
trees_20.newick,11,43,75,21,139,19,19,fast
trees_20.newick,11,44,77,21,153,19,19,fast
trees_20.newick,11,45,82,21,184,19,19,fast
trees_20.newick,11,46,78,21,163,19,19,fast
trees_20.newick,11,47,78,21,178,19,19,fast
trees_20.newick,11,48,76,21,157,19,19,fast
trees_20.newick,11,49,76,21,137,19,19,fast
trees_20.newick,12,13,86,21,158,19,19,fast
trees_20.newick,12,14,81,21,144,19,19,fast
trees_20.newick,12,15,79,21,133,19,19,fast
trees_20.newick,12,16,84,21,154,19,19,fast
trees_20.newick,12,17,82,21,143,19,19,fast
trees_20.newick,12,18,84,21,129,19,19,fast
trees_20.newick,12,19,84,21,169,19,19,fast
trees_20.newick,12,20,83,21,151,19,19,fast
trees_20.newick,12,21,84,21,175,19,19,fast
trees_20.newick,12,22,77,21,131,19,19,fast
trees_20.newick,12,23,77,21,118,19,19,fast
trees_20.newick,12,24,81,21,164,19,19,fast
trees_20.newick,12,25,79,21,158,19,19,fast
trees_20.newick,12,26,80,21,160,19,19,fast
trees_20.newick,12,27,81,21,166,19,19,fast
trees_20.newick,12,28,80,21,159,19,19,fast
trees_20.newick,12,29,81,21,179,19,19,fast
trees_20.newick,12,30,77,21,132,19,19,fast
trees_20.newick,12,31,78,21,149,19,19,fast
trees_20.newick,12,32,79,21,141,19,19,fast
trees_20.newick,12,33,79,21,132,19,19,fast
trees_20.newick,12,34,78,21,137,19,19,fast
trees_20.newick,12,35,79,21,142,19,19,fast
trees_20.newick,12,36,80,21,158,19,19,fast
trees_20.newick,12,37,77,21,124,19,19,fast
trees_20.newick,12,38,78,21,144,19,19,fast
trees_20.newick,12,39,80,21,160,19,19,fast
trees_20.newick,12,40,76,21,128,19,19,fast
trees_20.newick,12,41,81,21,167,19,19,fast
trees_20.newick,12,42,78,21,156,19,19,fast
trees_20.newick,12,43,76,21,135,19,19,fast
trees_20.newick,12,44,77,21,129,19,19,fast
trees_20.newick,12,45,81,21,160,19,19,fast
trees_20.newick,12,46,77,21,124,19,19,fast
trees_20.newick,12,47,78,21,153,19,19,fast
trees_20.newick,12,48,81,21,169,19,19,fast
trees_20.newick,12,49,79,21,164,19,19,fast
trees_20.newick,13,14,82,21,129,19,19,fast
trees_20.newick,13,15,78,21,133,19,19,fast
trees_20.newick,13,16,80,21,162,19,19,fast
trees_20.newick,13,17,78,21,167,19,19,fast
trees_20.newick,13,18,76,21,143,19,19,fast
trees_20.newick,13,19,76,21,143,19,19,fast
trees_20.newick,13,20,80,21,160,19,19,fast
trees_20.newick,13,21,82,21,177,19,19,fast
trees_20.newick,13,22,80,21,163,19,19,fast
trees_20.newick,13,23,79,21,136,19,19,fast
trees_20.newick,13,24,80,21,168,19,19,fast
trees_20.newick,13,25,76,21,151,19,19,fast
trees_20.newick,13,26,78,21,158,19,19,fast
trees_20.newick,13,27,79,21,165,19,19,fast
trees_20.newick,13,28,78,21,168,19,19,fast
trees_20.newick,13,29,75,21,129,19,19,fast
trees_20.newick,13,30,77,21,145,19,19,fast
trees_20.newick,13,31,82,21,158,19,19,fast
trees_20.newick,13,32,76,21,136,19,19,fast
trees_20.newick,13,33,76,21,159,19,19,fast
trees_20.newick,13,34,80,21,170,19,19,fast
trees_20.newick,13,35,75,21,134,19,19,fast
trees_20.newick,13,36,75,21,127,19,19,fast
trees_20.newick,13,37,75,21,132,19,19,fast
trees_20.newick,13,38,78,21,152,19,19,fast
trees_20.newick,13,39,75,21,145,19,19,fast
trees_20.newick,13,40,75,21,131,19,19,fast
trees_20.newick,13,41,77,21,149,19,19,fast
trees_20.newick,13,42,77,21,158,19,19,fast
trees_20.newick,13,43,76,21,140,19,19,fast
trees_20.newick,13,44,76,21,155,19,19,fast
trees_20.newick,13,45,81,21,173,19,19,fast
trees_20.newick,13,46,77,21,136,19,19,fast
trees_20.newick,13,47,75,21,143,19,19,fast
trees_20.newick,13,48,79,21,170,19,19,fast
trees_20.newick,13,49,78,21,159,19,19,fast
trees_20.newick,14,15,79,21,133,19,19,fast
trees_20.newick,14,16,81,21,166,19,19,fast
trees_20.newick,14,17,79,21,166,19,19,fast
trees_20.newick,14,18,78,21,166,19,19,fast
trees_20.newick,14,19,78,21,167,19,19,fast
trees_20.newick,14,20,83,21,193,19,19,fast
trees_20.newick,14,21,83,21,185,19,19,fast
trees_20.newick,14,22,79,21,164,19,19,fast
trees_20.newick,14,23,82,21,164,19,19,fast
trees_20.newick,14,24,78,21,150,19,19,fast
trees_20.newick,14,25,77,21,163,19,19,fast
trees_20.newick,14,26,78,21,152,19,19,fast
trees_20.newick,14,27,81,21,182,19,19,fast
trees_20.newick,14,28,79,21,180,19,19,fast
trees_20.newick,14,29,77,21,157,19,19,fast
trees_20.newick,14,30,77,21,93,19,19,fast
trees_20.newick,14,31,81,21,154,19,19,fast
trees_20.newick,14,32,78,21,159,19,19,fast
trees_20.newick,14,33,76,21,152,19,19,fast
trees_20.newick,14,34,80,21,172,19,19,fast
trees_20.newick,14,35,78,21,177,19,19,fast
trees_20.newick,14,36,80,21,175,19,19,fast
trees_20.newick,14,37,76,21,136,19,19,fast
trees_20.newick,14,38,79,21,163,19,19,fast
trees_20.newick,14,39,75,21,137,19,19,fast
trees_20.newick,14,40,77,21,147,19,19,fast
trees_20.newick,14,41,79,21,163,19,19,fast
trees_20.newick,14,42,78,21,162,19,19,fast
trees_20.newick,14,43,79,21,166,19,19,fast
trees_20.newick,14,44,78,21,159,19,19,fast
trees_20.newick,14,45,80,21,169,19,19,fast
trees_20.newick,14,46,79,21,170,19,19,fast
trees_20.newick,14,47,77,21,120,19,19,fast
trees_20.newick,14,48,84,21,179,19,19,fast
trees_20.newick,14,49,77,21,157,19,19,fast
trees_20.newick,15,16,80,21,149,19,19,fast
trees_20.newick,15,17,76,21,131,19,19,fast
trees_20.newick,15,18,78,21,139,19,19,fast
trees_20.newick,15,19,80,21,158,19,19,fast
trees_20.newick,15,20,81,21,163,19,19,fast
trees_20.newick,15,21,79,21,146,19,19,fast
trees_20.newick,15,22,79,21,160,19,19,fast
trees_20.newick,15,23,79,21,139,19,19,fast
trees_20.newick,15,24,79,21,148,19,19,fast
trees_20.newick,15,25,73,21,116,19,19,fast
trees_20.newick,15,26,79,21,158,19,19,fast
trees_20.newick,15,27,75,21,132,19,19,fast
trees_20.newick,15,28,79,21,159,19,19,fast
trees_20.newick,15,29,75,21,134,19,19,fast
trees_20.newick,15,30,81,21,139,19,19,fast
trees_20.newick,15,31,79,21,129,19,19,fast
trees_20.newick,15,32,78,21,165,19,19,fast
trees_20.newick,15,33,88,21,148,19,19,fast
trees_20.newick,15,34,82,21,171,19,19,fast
trees_20.newick,15,35,79,21,164,19,19,fast
trees_20.newick,15,36,78,21,133,19,19,fast
trees_20.newick,15,37,81,21,166,19,19,fast
trees_20.newick,15,38,80,21,169,19,19,fast
trees_20.newick,15,39,73,21,113,19,19,fast
trees_20.newick,15,40,76,21,134,19,19,fast
trees_20.newick,15,41,81,21,180,19,19,fast
trees_20.newick,15,42,77,21,148,19,19,fast
trees_20.newick,15,43,77,21,142,19,19,fast
trees_20.newick,15,44,79,21,163,19,19,fast
trees_20.newick,15,45,88,21,158,19,19,fast
trees_20.newick,15,46,78,21,153,19,19,fast
trees_20.newick,15,47,79,21,127,19,19,fast
trees_20.newick,15,48,83,21,167,19,19,fast
trees_20.newick,15,49,78,21,149,19,19,fast
trees_20.newick,16,17,80,21,142,19,19,fast
trees_20.newick,16,18,76,21,122,19,19,fast
trees_20.newick,16,19,79,21,161,19,19,fast
trees_20.newick,16,20,76,21,129,19,19,fast
trees_20.newick,16,21,80,21,162,19,19,fast
trees_20.newick,16,22,76,21,133,19,19,fast
trees_20.newick,16,23,80,21,150,19,19,fast
trees_20.newick,16,24,77,21,133,19,19,fast
trees_20.newick,16,25,78,21,148,19,19,fast
trees_20.newick,16,26,80,21,163,19,19,fast
trees_20.newick,16,27,78,21,158,19,19,fast
trees_20.newick,16,28,77,21,153,19,19,fast
trees_20.newick,16,29,76,21,146,19,19,fast
trees_20.newick,16,30,78,21,155,19,19,fast
trees_20.newick,16,31,84,21,167,19,19,fast
trees_20.newick,16,32,81,21,154,19,19,fast
trees_20.newick,16,33,75,21,138,19,19,fast
trees_20.newick,16,34,77,21,137,19,19,fast
trees_20.newick,16,35,78,21,157,19,19,fast
trees_20.newick,16,36,81,21,176,19,19,fast
trees_20.newick,16,37,77,21,136,19,19,fast
trees_20.newick,16,38,79,21,168,19,19,fast
trees_20.newick,16,39,74,21,122,19,19,fast
trees_20.newick,16,40,77,21,144,19,19,fast
trees_20.newick,16,41,78,21,146,19,19,fast
trees_20.newick,16,42,78,21,152,19,19,fast
trees_20.newick,16,43,77,21,139,19,19,fast
trees_20.newick,16,44,79,21,166,19,19,fast
trees_20.newick,16,45,78,21,136,19,19,fast
trees_20.newick,16,46,78,21,163,19,19,fast
trees_20.newick,16,47,76,21,140,19,19,fast
trees_20.newick,16,48,83,21,150,19,19,fast
trees_20.newick,16,49,80,21,126,19,19,fast
trees_20.newick,17,18,78,21,136,19,19,fast
trees_20.newick,17,19,79,21,160,19,19,fast
trees_20.newick,17,20,76,21,122,19,19,fast
trees_20.newick,17,21,78,21,151,19,19,fast
trees_20.newick,17,22,74,21,120,19,19,fast
trees_20.newick,17,23,79,21,141,19,19,fast
trees_20.newick,17,24,78,21,150,19,19,fast
trees_20.newick,17,25,73,21,114,19,19,fast
trees_20.newick,17,26,79,21,163,19,19,fast
trees_20.newick,17,27,77,21,144,19,19,fast
trees_20.newick,17,28,76,21,147,19,19,fast
trees_20.newick,17,29,76,21,156,19,19,fast
trees_20.newick,17,30,75,21,129,19,19,fast
trees_20.newick,17,31,77,21,144,19,19,fast
trees_20.newick,17,32,75,21,140,19,19,fast
trees_20.newick,17,33,77,21,145,19,19,fast
trees_20.newick,17,34,76,21,129,19,19,fast
trees_20.newick,17,35,77,21,155,19,19,fast
trees_20.newick,17,36,76,21,136,19,19,fast
trees_20.newick,17,37,76,21,135,19,19,fast
trees_20.newick,17,38,76,21,142,19,19,fast
trees_20.newick,17,39,74,21,122,19,19,fast
trees_20.newick,17,40,75,21,144,19,19,fast
trees_20.newick,17,41,76,21,143,19,19,fast
trees_20.newick,17,42,77,21,169,19,19,fast
trees_20.newick,17,43,74,21,113,19,19,fast
trees_20.newick,17,44,75,21,130,19,19,fast
trees_20.newick,17,45,77,21,143,19,19,fast
trees_20.newick,17,46,73,21,127,19,19,fast
trees_20.newick,17,47,76,21,170,19,19,fast
trees_20.newick,17,48,74,21,129,19,19,fast
trees_20.newick,17,49,76,21,151,19,19,fast
trees_20.newick,18,19,77,21,130,19,19,fast
trees_20.newick,18,20,87,21,172,19,19,fast
trees_20.newick,18,21,84,21,145,19,19,fast
trees_20.newick,18,22,80,21,157,19,19,fast
trees_20.newick,18,23,78,21,133,19,19,fast
trees_20.newick,18,24,78,21,141,19,19,fast
trees_20.newick,18,25,76,21,138,19,19,fast
trees_20.newick,18,26,81,21,171,19,19,fast
trees_20.newick,18,27,80,21,152,19,19,fast
trees_20.newick,18,28,81,21,163,19,19,fast
trees_20.newick,18,29,78,21,146,19,19,fast
trees_20.newick,18,30,77,21,157,19,19,fast
trees_20.newick,18,31,75,21,115,19,19,fast
trees_20.newick,18,32,76,21,143,19,19,fast
trees_20.newick,18,33,75,21,144,19,19,fast
trees_20.newick,18,34,80,21,158,19,19,fast
trees_20.newick,18,35,74,21,127,19,19,fast
trees_20.newick,18,36,76,21,142,19,19,fast
trees_20.newick,18,37,81,21,135,19,19,fast
trees_20.newick,18,38,86,21,161,19,19,fast
trees_20.newick,18,39,74,21,133,19,19,fast
trees_20.newick,18,40,78,21,156,19,19,fast
trees_20.newick,18,41,78,21,153,19,19,fast
trees_20.newick,18,42,78,21,172,19,19,fast
trees_20.newick,18,43,73,21,120,19,19,fast
trees_20.newick,18,44,77,21,151,19,19,fast
trees_20.newick,18,45,79,21,152,19,19,fast
trees_20.newick,18,46,77,21,149,19,19,fast
trees_20.newick,18,47,76,21,158,19,19,fast
trees_20.newick,18,48,76,21,135,19,19,fast
trees_20.newick,18,49,76,21,140,19,19,fast
trees_20.newick,19,20,81,21,155,19,19,fast
trees_20.newick,19,21,80,21,153,19,19,fast
trees_20.newick,19,22,82,21,178,19,19,fast
trees_20.newick,19,23,79,21,147,19,19,fast
trees_20.newick,19,24,84,21,177,19,19,fast
trees_20.newick,19,25,82,21,163,19,19,fast
trees_20.newick,19,26,78,21,153,19,19,fast
trees_20.newick,19,27,79,21,163,19,19,fast
trees_20.newick,19,28,78,21,149,19,19,fast
trees_20.newick,19,29,79,21,173,19,19,fast
trees_20.newick,19,30,78,21,145,19,19,fast
trees_20.newick,19,31,79,21,154,19,19,fast
trees_20.newick,19,32,77,21,145,19,19,fast
trees_20.newick,19,33,78,21,170,19,19,fast
trees_20.newick,19,34,77,21,144,19,19,fast
trees_20.newick,19,35,79,21,174,19,19,fast
trees_20.newick,19,36,80,21,167,19,19,fast
trees_20.newick,19,37,78,21,157,19,19,fast
trees_20.newick,19,38,80,21,183,19,19,fast
trees_20.newick,19,39,77,21,158,19,19,fast
trees_20.newick,19,40,77,21,155,19,19,fast
trees_20.newick,19,41,75,21,120,19,19,fast
trees_20.newick,19,42,77,21,158,19,19,fast
trees_20.newick,19,43,76,21,153,19,19,fast
trees_20.newick,19,44,76,21,151,19,19,fast
trees_20.newick,19,45,78,21,156,19,19,fast
trees_20.newick,19,46,79,21,172,19,19,fast
trees_20.newick,19,47,77,21,172,19,19,fast
trees_20.newick,19,48,77,21,158,19,19,fast
trees_20.newick,19,49,75,21,146,19,19,fast
trees_20.newick,20,21,85,21,160,19,19,fast
trees_20.newick,20,22,82,21,160,19,19,fast
trees_20.newick,20,23,82,21,148,19,19,fast
trees_20.newick,20,24,114,21,170,19,19,fast
trees_20.newick,20,25,82,21,154,19,19,fast
trees_20.newick,20,26,82,21,169,19,19,fast
trees_20.newick,20,27,83,21,182,19,19,fast
trees_20.newick,20,28,86,21,165,19,19,fast
trees_20.newick,20,29,86,21,153,19,19,fast
trees_20.newick,20,30,80,21,163,19,19,fast
trees_20.newick,20,31,76,21,137,19,19,fast
trees_20.newick,20,32,78,21,147,19,19,fast
trees_20.newick,20,33,79,21,159,19,19,fast
trees_20.newick,20,34,81,21,159,19,19,fast
trees_20.newick,20,35,77,21,131,19,19,fast
trees_20.newick,20,36,79,21,150,19,19,fast
trees_20.newick,20,37,78,21,133,19,19,fast
trees_20.newick,20,38,81,21,164,19,19,fast
trees_20.newick,20,39,77,21,152,19,19,fast
trees_20.newick,20,40,79,21,147,19,19,fast
trees_20.newick,20,41,81,21,166,19,19,fast
trees_20.newick,20,42,78,21,152,19,19,fast
trees_20.newick,20,43,80,21,160,19,19,fast
trees_20.newick,20,44,81,21,157,19,19,fast
trees_20.newick,20,45,81,21,155,19,19,fast
trees_20.newick,20,46,80,21,150,19,19,fast
trees_20.newick,20,47,80,21,160,19,19,fast
trees_20.newick,20,48,80,21,163,19,19,fast
trees_20.newick,20,49,78,21,144,19,19,fast
trees_20.newick,21,22,84,21,175,19,19,fast
trees_20.newick,21,23,84,21,157,19,19,fast
trees_20.newick,21,24,80,21,154,19,19,fast
trees_20.newick,21,25,77,21,146,19,19,fast
trees_20.newick,21,26,79,21,151,19,19,fast
trees_20.newick,21,27,152,21,145,19,19,fast
trees_20.newick,21,28,144,21,181,19,19,fast
trees_20.newick,21,29,141,21,125,19,19,fast
trees_20.newick,21,30,146,21,155,19,19,fast
trees_20.newick,21,31,124,21,178,19,19,fast
trees_20.newick,21,32,111,21,167,19,19,fast
trees_20.newick,21,33,105,21,137,19,19,fast
trees_20.newick,21,34,109,21,164,19,19,fast
trees_20.newick,21,35,111,21,169,19,19,fast
trees_20.newick,21,36,107,21,159,19,19,fast
trees_20.newick,21,37,112,21,176,19,19,fast
trees_20.newick,21,38,108,21,152,19,19,fast
trees_20.newick,21,39,107,21,154,19,19,fast
trees_20.newick,21,40,106,21,147,19,19,fast
trees_20.newick,21,41,105,21,128,19,19,fast
trees_20.newick,21,42,109,21,161,19,19,fast
trees_20.newick,21,43,74,21,117,19,19,fast
trees_20.newick,21,44,75,21,128,19,19,fast
trees_20.newick,21,45,80,21,155,19,19,fast
trees_20.newick,21,46,77,21,134,19,19,fast
trees_20.newick,21,47,77,21,156,19,19,fast
trees_20.newick,21,48,78,21,154,19,19,fast
trees_20.newick,21,49,76,21,149,19,19,fast
trees_20.newick,22,23,82,21,151,19,19,fast
trees_20.newick,22,24,81,21,167,19,19,fast
trees_20.newick,22,25,77,21,147,19,19,fast
trees_20.newick,22,26,81,21,179,19,19,fast
trees_20.newick,22,27,79,21,157,19,19,fast
trees_20.newick,22,28,80,21,182,19,19,fast
trees_20.newick,22,29,80,21,183,19,19,fast
trees_20.newick,22,30,79,21,158,19,19,fast
trees_20.newick,22,31,81,21,156,19,19,fast
trees_20.newick,22,32,86,21,171,19,19,fast
trees_20.newick,22,33,78,21,149,19,19,fast
trees_20.newick,22,34,80,21,149,19,19,fast
trees_20.newick,22,35,80,21,175,19,19,fast
trees_20.newick,22,36,78,21,152,19,19,fast
trees_20.newick,22,37,75,21,115,19,19,fast
trees_20.newick,22,38,79,21,165,19,19,fast
trees_20.newick,22,39,76,21,145,19,19,fast
trees_20.newick,22,40,77,21,158,19,19,fast
trees_20.newick,22,41,79,21,171,19,19,fast
trees_20.newick,22,42,78,21,164,19,19,fast
trees_20.newick,22,43,76,21,144,19,19,fast
trees_20.newick,22,44,77,21,148,19,19,fast
trees_20.newick,22,45,81,21,167,19,19,fast
trees_20.newick,22,46,76,21,147,19,19,fast
trees_20.newick,22,47,79,21,177,19,19,fast
trees_20.newick,22,48,82,21,176,19,19,fast
trees_20.newick,22,49,82,21,168,19,19,fast
trees_20.newick,23,24,85,21,178,19,19,fast
trees_20.newick,23,25,79,21,165,19,19,fast
trees_20.newick,23,26,81,21,164,19,19,fast
trees_20.newick,23,27,80,21,166,19,19,fast
trees_20.newick,23,28,82,21,187,19,19,fast
trees_20.newick,23,29,81,21,179,19,19,fast
trees_20.newick,23,30,79,21,154,19,19,fast
trees_20.newick,23,31,80,21,157,19,19,fast
trees_20.newick,23,32,79,21,163,19,19,fast
trees_20.newick,23,33,76,21,142,19,19,fast
trees_20.newick,23,34,81,21,166,19,19,fast
trees_20.newick,23,35,79,21,170,19,19,fast
trees_20.newick,23,36,75,21,124,19,19,fast
trees_20.newick,23,37,78,21,134,19,19,fast
trees_20.newick,23,38,81,21,172,19,19,fast
trees_20.newick,23,39,77,21,143,19,19,fast
trees_20.newick,23,40,79,21,165,19,19,fast
trees_20.newick,23,41,81,21,172,19,19,fast
trees_20.newick,23,42,79,21,167,19,19,fast
trees_20.newick,23,43,80,21,167,19,19,fast
trees_20.newick,23,44,76,21,132,19,19,fast
trees_20.newick,23,45,79,21,152,19,19,fast
trees_20.newick,23,46,73,21,105,19,19,fast
trees_20.newick,23,47,76,21,155,19,19,fast
trees_20.newick,23,48,79,21,165,19,19,fast
trees_20.newick,23,49,77,21,156,19,19,fast
trees_20.newick,24,25,78,21,154,19,19,fast
trees_20.newick,24,26,79,21,154,19,19,fast
trees_20.newick,24,27,78,21,153,19,19,fast
trees_20.newick,24,28,76,21,146,19,19,fast
trees_20.newick,24,29,78,21,153,19,19,fast
trees_20.newick,24,30,78,21,158,19,19,fast
trees_20.newick,24,31,75,21,127,19,19,fast
trees_20.newick,24,32,77,21,147,19,19,fast
trees_20.newick,24,33,73,21,129,19,19,fast
trees_20.newick,24,34,78,21,150,19,19,fast
trees_20.newick,24,35,76,21,148,19,19,fast
trees_20.newick,24,36,78,21,158,19,19,fast
trees_20.newick,24,37,78,21,145,19,19,fast
trees_20.newick,24,38,79,21,166,19,19,fast
trees_20.newick,24,39,75,21,137,19,19,fast
trees_20.newick,24,40,76,21,140,19,19,fast
trees_20.newick,24,41,78,21,158,19,19,fast
trees_20.newick,24,42,76,21,137,19,19,fast
trees_20.newick,24,43,76,21,150,19,19,fast
trees_20.newick,24,44,78,21,162,19,19,fast
trees_20.newick,24,45,81,21,171,19,19,fast
trees_20.newick,24,46,75,21,136,19,19,fast
trees_20.newick,24,47,75,21,131,19,19,fast
trees_20.newick,24,48,126,21,105,19,19,fast
trees_20.newick,24,49,78,21,116,19,19,fast
trees_20.newick,25,26,81,21,154,19,19,fast
trees_20.newick,25,27,77,21,139,19,19,fast
trees_20.newick,25,28,80,21,170,19,19,fast
trees_20.newick,25,29,76,21,138,19,19,fast
trees_20.newick,25,30,76,21,133,19,19,fast
trees_20.newick,25,31,74,21,125,19,19,fast
trees_20.newick,25,32,75,21,137,19,19,fast
trees_20.newick,25,33,77,21,170,19,19,fast
trees_20.newick,25,34,78,21,166,19,19,fast
trees_20.newick,25,35,75,21,154,19,19,fast
trees_20.newick,25,36,74,21,125,19,19,fast
trees_20.newick,25,37,78,21,151,19,19,fast
trees_20.newick,25,38,80,21,181,19,19,fast
trees_20.newick,25,39,72,21,118,19,19,fast
trees_20.newick,25,40,76,21,124,19,19,fast
trees_20.newick,25,41,79,21,165,19,19,fast
trees_20.newick,25,42,77,21,157,19,19,fast
trees_20.newick,25,43,75,21,144,19,19,fast
trees_20.newick,25,44,75,21,142,19,19,fast
trees_20.newick,25,45,77,21,147,19,19,fast
trees_20.newick,25,46,75,21,139,19,19,fast
trees_20.newick,25,47,73,21,131,19,19,fast
trees_20.newick,25,48,76,21,131,19,19,fast
trees_20.newick,25,49,74,21,130,19,19,fast
trees_20.newick,26,27,80,21,166,19,19,fast
trees_20.newick,26,28,75,21,133,19,19,fast
trees_20.newick,26,29,78,21,145,19,19,fast
trees_20.newick,26,30,76,21,139,19,19,fast
trees_20.newick,26,31,79,21,161,19,19,fast
trees_20.newick,26,32,78,21,159,19,19,fast
trees_20.newick,26,33,75,21,137,19,19,fast
trees_20.newick,26,34,81,21,170,19,19,fast
trees_20.newick,26,35,77,21,151,19,19,fast
trees_20.newick,26,36,79,21,121,19,19,fast
trees_20.newick,26,37,78,21,148,19,19,fast
trees_20.newick,26,38,73,21,102,19,19,fast
trees_20.newick,26,39,74,21,134,19,19,fast
trees_20.newick,26,40,75,21,140,19,19,fast
trees_20.newick,26,41,76,21,150,19,19,fast
trees_20.newick,26,42,77,21,155,19,19,fast
trees_20.newick,26,43,77,21,150,19,19,fast
trees_20.newick,26,44,76,21,150,19,19,fast
trees_20.newick,26,45,81,21,170,19,19,fast
trees_20.newick,26,46,75,21,136,19,19,fast
trees_20.newick,26,47,74,21,135,19,19,fast
trees_20.newick,26,48,78,21,158,19,19,fast
trees_20.newick,26,49,78,21,166,19,19,fast
trees_20.newick,27,28,81,21,168,19,19,fast
trees_20.newick,27,29,80,21,161,19,19,fast
trees_20.newick,27,30,83,21,169,19,19,fast
trees_20.newick,27,31,83,21,158,19,19,fast
trees_20.newick,27,32,78,21,159,19,19,fast
trees_20.newick,27,33,78,21,164,19,19,fast
trees_20.newick,27,34,77,21,140,19,19,fast
trees_20.newick,27,35,78,21,158,19,19,fast
trees_20.newick,27,36,78,21,157,19,19,fast
trees_20.newick,27,37,78,21,141,19,19,fast
trees_20.newick,27,38,80,21,155,19,19,fast
trees_20.newick,27,39,78,21,152,19,19,fast
trees_20.newick,27,40,76,21,140,19,19,fast
trees_20.newick,27,41,79,21,160,19,19,fast
trees_20.newick,27,42,75,21,142,19,19,fast
trees_20.newick,27,43,77,21,144,19,19,fast
trees_20.newick,27,44,76,21,134,19,19,fast
trees_20.newick,27,45,81,21,165,19,19,fast
trees_20.newick,27,46,77,21,156,19,19,fast
trees_20.newick,27,47,79,21,150,19,19,fast
trees_20.newick,27,48,81,21,148,19,19,fast
trees_20.newick,27,49,76,21,137,19,19,fast
trees_20.newick,28,29,79,21,166,19,19,fast
trees_20.newick,28,30,78,21,161,19,19,fast
trees_20.newick,28,31,77,21,146,19,19,fast
trees_20.newick,28,32,78,21,160,19,19,fast
trees_20.newick,28,33,76,21,158,19,19,fast
trees_20.newick,28,34,76,21,149,19,19,fast
trees_20.newick,28,35,76,21,163,19,19,fast
trees_20.newick,28,36,74,21,138,19,19,fast
trees_20.newick,28,37,78,21,144,19,19,fast
trees_20.newick,28,38,77,21,155,19,19,fast
trees_20.newick,28,39,76,21,173,19,19,fast
trees_20.newick,28,40,78,21,172,19,19,fast
trees_20.newick,28,41,74,21,123,19,19,fast
trees_20.newick,28,42,74,21,141,19,19,fast
trees_20.newick,28,43,81,21,172,19,19,fast
trees_20.newick,28,44,83,21,166,19,19,fast
trees_20.newick,28,45,77,21,145,19,19,fast
trees_20.newick,28,46,76,21,157,19,19,fast
trees_20.newick,28,47,75,21,155,19,19,fast
trees_20.newick,28,48,79,21,171,19,19,fast
trees_20.newick,28,49,72,21,111,19,19,fast
trees_20.newick,29,30,79,21,148,19,19,fast
trees_20.newick,29,31,80,21,172,19,19,fast
trees_20.newick,29,32,76,21,140,19,19,fast
trees_20.newick,29,33,76,21,154,19,19,fast
trees_20.newick,29,34,80,21,175,19,19,fast
trees_20.newick,29,35,76,21,156,19,19,fast
trees_20.newick,29,36,78,21,166,19,19,fast
trees_20.newick,29,37,79,21,168,19,19,fast
trees_20.newick,29,38,79,21,176,19,19,fast
trees_20.newick,29,39,75,21,147,19,19,fast
trees_20.newick,29,40,78,21,137,19,19,fast
trees_20.newick,29,41,81,21,151,19,19,fast
trees_20.newick,29,42,74,21,131,19,19,fast
trees_20.newick,29,43,74,21,138,19,19,fast
trees_20.newick,29,44,77,21,159,19,19,fast
trees_20.newick,29,45,78,21,155,19,19,fast
trees_20.newick,29,46,80,21,183,19,19,fast
trees_20.newick,29,47,73,21,133,19,19,fast
trees_20.newick,29,48,76,21,150,19,19,fast
trees_20.newick,29,49,75,21,144,19,19,fast
trees_20.newick,30,31,79,21,135,19,19,fast
trees_20.newick,30,32,78,21,133,19,19,fast
trees_20.newick,30,33,76,21,137,19,19,fast
trees_20.newick,30,34,81,21,162,19,19,fast
trees_20.newick,30,35,80,21,168,19,19,fast
trees_20.newick,30,36,78,21,149,19,19,fast
trees_20.newick,30,37,77,21,139,19,19,fast
trees_20.newick,30,38,80,21,138,19,19,fast
trees_20.newick,30,39,80,21,142,19,19,fast
trees_20.newick,30,40,100,21,152,19,19,fast
trees_20.newick,30,41,106,21,136,19,19,fast
trees_20.newick,30,42,107,21,153,19,19,fast
trees_20.newick,30,43,135,21,148,19,19,fast
trees_20.newick,30,44,81,21,157,19,19,fast
trees_20.newick,30,45,82,21,175,19,19,fast
trees_20.newick,30,46,78,21,137,19,19,fast
trees_20.newick,30,47,77,21,153,19,19,fast
trees_20.newick,30,48,79,21,163,19,19,fast
trees_20.newick,30,49,78,21,160,19,19,fast
trees_20.newick,31,32,80,21,154,19,19,fast
trees_20.newick,31,33,77,21,157,19,19,fast
trees_20.newick,31,34,77,21,140,19,19,fast
trees_20.newick,31,35,75,21,140,19,19,fast
trees_20.newick,31,36,80,21,159,19,19,fast
trees_20.newick,31,37,75,21,115,19,19,fast
trees_20.newick,31,38,78,21,157,19,19,fast
trees_20.newick,31,39,73,21,121,19,19,fast
trees_20.newick,31,40,75,21,138,19,19,fast
trees_20.newick,31,41,80,21,177,19,19,fast
trees_20.newick,31,42,77,21,160,19,19,fast
trees_20.newick,31,43,77,21,146,19,19,fast
trees_20.newick,31,44,77,21,160,19,19,fast
trees_20.newick,31,45,79,21,154,19,19,fast
trees_20.newick,31,46,76,21,145,19,19,fast
trees_20.newick,31,47,75,21,159,19,19,fast
trees_20.newick,31,48,75,21,132,19,19,fast
trees_20.newick,31,49,77,21,158,19,19,fast
trees_20.newick,32,33,77,21,145,19,19,fast
trees_20.newick,32,34,78,21,146,19,19,fast
trees_20.newick,32,35,73,21,121,19,19,fast
trees_20.newick,32,36,80,21,145,19,19,fast
trees_20.newick,32,37,85,21,159,19,19,fast
trees_20.newick,32,38,76,21,140,19,19,fast
trees_20.newick,32,39,73,21,127,19,19,fast
trees_20.newick,32,40,75,21,143,19,19,fast
trees_20.newick,32,41,78,21,157,19,19,fast
trees_20.newick,32,42,74,21,137,19,19,fast
trees_20.newick,32,43,75,21,127,19,19,fast
trees_20.newick,32,44,74,21,128,19,19,fast
trees_20.newick,32,45,79,21,155,19,19,fast
trees_20.newick,32,46,74,21,126,19,19,fast
trees_20.newick,32,47,78,21,187,19,19,fast
trees_20.newick,32,48,75,21,150,19,19,fast
trees_20.newick,32,49,76,21,153,19,19,fast
trees_20.newick,33,34,79,21,151,19,19,fast
trees_20.newick,33,35,76,21,133,19,19,fast
trees_20.newick,33,36,80,21,173,19,19,fast
trees_20.newick,33,37,76,21,105,19,19,fast
trees_20.newick,33,38,80,21,121,19,19,fast
trees_20.newick,33,39,76,21,151,19,19,fast
trees_20.newick,33,40,75,21,144,19,19,fast
trees_20.newick,33,41,78,21,155,19,19,fast
trees_20.newick,33,42,77,21,162,19,19,fast
trees_20.newick,33,43,77,21,156,19,19,fast
trees_20.newick,33,44,77,21,150,19,19,fast
trees_20.newick,33,45,78,21,153,19,19,fast
trees_20.newick,33,46,76,21,153,19,19,fast
trees_20.newick,33,47,75,21,152,19,19,fast
trees_20.newick,33,48,76,21,149,19,19,fast
trees_20.newick,33,49,73,21,124,19,19,fast
trees_20.newick,34,35,74,21,125,19,19,fast
trees_20.newick,34,36,78,21,165,19,19,fast
trees_20.newick,34,37,78,21,144,19,19,fast
trees_20.newick,34,38,77,21,155,19,19,fast
trees_20.newick,34,39,75,21,150,19,19,fast
trees_20.newick,34,40,75,21,132,19,19,fast
trees_20.newick,34,41,77,21,151,19,19,fast
trees_20.newick,34,42,77,21,164,19,19,fast
trees_20.newick,34,43,78,21,171,19,19,fast
trees_20.newick,34,44,76,21,143,19,19,fast
trees_20.newick,34,45,77,21,137,19,19,fast
trees_20.newick,34,46,75,21,140,19,19,fast
trees_20.newick,34,47,76,21,159,19,19,fast
trees_20.newick,34,48,77,21,157,19,19,fast
trees_20.newick,34,49,78,21,168,19,19,fast
trees_20.newick,35,36,79,21,154,19,19,fast
trees_20.newick,35,37,77,21,139,19,19,fast
trees_20.newick,35,38,78,21,155,19,19,fast
trees_20.newick,35,39,75,21,144,19,19,fast
trees_20.newick,35,40,76,21,149,19,19,fast
trees_20.newick,35,41,79,21,169,19,19,fast
trees_20.newick,35,42,74,21,130,19,19,fast
trees_20.newick,35,43,79,21,146,19,19,fast
trees_20.newick,35,44,81,21,152,19,19,fast
trees_20.newick,35,45,80,21,177,19,19,fast
trees_20.newick,35,46,74,21,120,19,19,fast
trees_20.newick,35,47,74,21,157,19,19,fast
trees_20.newick,35,48,75,21,146,19,19,fast
trees_20.newick,35,49,75,21,148,19,19,fast
trees_20.newick,36,37,82,21,170,19,19,fast
trees_20.newick,36,38,77,21,142,19,19,fast
trees_20.newick,36,39,76,21,147,19,19,fast
trees_20.newick,36,40,77,21,151,19,19,fast
trees_20.newick,36,41,79,21,165,19,19,fast
trees_20.newick,36,42,78,21,163,19,19,fast
trees_20.newick,36,43,77,21,152,19,19,fast
trees_20.newick,36,44,76,21,138,19,19,fast
trees_20.newick,36,45,79,21,161,19,19,fast
trees_20.newick,36,46,74,21,123,19,19,fast
trees_20.newick,36,47,79,21,171,19,19,fast
trees_20.newick,36,48,82,21,166,19,19,fast
trees_20.newick,36,49,79,21,168,19,19,fast
trees_20.newick,37,38,79,21,143,19,19,fast
trees_20.newick,37,39,79,21,155,19,19,fast
trees_20.newick,37,40,78,21,154,19,19,fast
trees_20.newick,37,41,79,21,150,19,19,fast
trees_20.newick,37,42,78,21,163,19,19,fast
trees_20.newick,37,43,77,21,141,19,19,fast
trees_20.newick,37,44,76,21,151,19,19,fast
trees_20.newick,37,45,76,21,138,19,19,fast
trees_20.newick,37,46,76,21,145,19,19,fast
trees_20.newick,37,47,76,21,156,19,19,fast
trees_20.newick,37,48,76,21,139,19,19,fast
trees_20.newick,37,49,77,21,150,19,19,fast
trees_20.newick,38,39,78,21,140,19,19,fast
trees_20.newick,38,40,101,21,161,19,19,fast
trees_20.newick,38,41,84,21,165,19,19,fast
trees_20.newick,38,42,80,21,163,19,19,fast
trees_20.newick,38,43,78,21,151,19,19,fast
trees_20.newick,38,44,78,21,150,19,19,fast
trees_20.newick,38,45,81,21,169,19,19,fast
trees_20.newick,38,46,73,21,111,19,19,fast
trees_20.newick,38,47,77,21,159,19,19,fast
trees_20.newick,38,48,78,21,164,19,19,fast
trees_20.newick,38,49,76,21,145,19,19,fast
trees_20.newick,39,40,77,21,140,19,19,fast
trees_20.newick,39,41,81,21,165,19,19,fast
trees_20.newick,39,42,77,21,144,19,19,fast
trees_20.newick,39,43,77,21,146,19,19,fast
trees_20.newick,39,44,76,21,142,19,19,fast
trees_20.newick,39,45,80,21,168,19,19,fast
trees_20.newick,39,46,75,21,129,19,19,fast
trees_20.newick,39,47,74,21,139,19,19,fast
trees_20.newick,39,48,78,21,140,19,19,fast
trees_20.newick,39,49,79,21,142,19,19,fast
trees_20.newick,40,41,78,21,138,19,19,fast
trees_20.newick,40,42,79,21,159,19,19,fast
trees_20.newick,40,43,76,21,148,19,19,fast
trees_20.newick,40,44,78,21,165,19,19,fast
trees_20.newick,40,45,77,21,157,19,19,fast
trees_20.newick,40,46,77,21,159,19,19,fast
trees_20.newick,40,47,72,21,128,19,19,fast
trees_20.newick,40,48,76,21,151,19,19,fast
trees_20.newick,40,49,76,21,154,19,19,fast
trees_20.newick,41,42,80,21,162,19,19,fast
trees_20.newick,41,43,79,21,150,19,19,fast
trees_20.newick,41,44,79,21,165,19,19,fast
trees_20.newick,41,45,81,21,171,19,19,fast
trees_20.newick,41,46,79,21,168,19,19,fast
trees_20.newick,41,47,77,21,164,19,19,fast
trees_20.newick,41,48,82,21,178,19,19,fast
trees_20.newick,41,49,79,21,126,19,19,fast
trees_20.newick,42,43,78,21,146,19,19,fast
trees_20.newick,42,44,79,21,166,19,19,fast
trees_20.newick,42,45,81,21,176,19,19,fast
trees_20.newick,42,46,78,21,165,19,19,fast
trees_20.newick,42,47,75,21,155,19,19,fast
trees_20.newick,42,48,74,21,139,19,19,fast
trees_20.newick,42,49,100,21,141,19,19,fast
trees_20.newick,43,44,79,21,152,19,19,fast
trees_20.newick,43,45,78,21,131,19,19,fast
trees_20.newick,43,46,76,21,142,19,19,fast
trees_20.newick,43,47,76,21,164,19,19,fast
trees_20.newick,43,48,75,21,139,19,19,fast
trees_20.newick,43,49,76,21,144,19,19,fast
trees_20.newick,44,45,83,21,166,19,19,fast
trees_20.newick,44,46,78,21,151,19,19,fast
trees_20.newick,44,47,78,21,162,19,19,fast
trees_20.newick,44,48,78,21,152,19,19,fast
trees_20.newick,44,49,75,21,132,19,19,fast
trees_20.newick,45,46,80,21,158,19,19,fast
trees_20.newick,45,47,79,21,170,19,19,fast
trees_20.newick,45,48,79,21,163,19,19,fast
trees_20.newick,45,49,75,21,127,19,19,fast
trees_20.newick,46,47,78,21,161,19,19,fast
trees_20.newick,46,48,79,21,157,19,19,fast
trees_20.newick,46,49,79,21,175,19,19,fast
trees_20.newick,47,48,76,21,135,19,19,fast
trees_20.newick,47,49,76,21,150,19,19,fast
trees_20.newick,48,49,77,21,138,19,19,fast
trees_500.newick,0,1,4816,501,19774,499,499,fast
trees_500.newick,0,2,4712,501,19692,499,499,fast
trees_500.newick,0,3,4747,501,19948,499,499,fast
trees_500.newick,0,4,4799,501,19941,499,499,fast
trees_500.newick,0,5,4771,501,19712,499,499,fast
trees_500.newick,0,6,4727,501,19751,499,499,fast
trees_500.newick,0,7,4803,501,19899,499,499,fast
trees_500.newick,0,8,4724,501,19641,499,499,fast
trees_500.newick,0,9,4753,501,19818,499,499,fast
trees_500.newick,0,10,4838,501,19993,499,499,fast
trees_500.newick,0,11,4708,501,19708,499,499,fast
trees_500.newick,0,12,4773,501,19749,499,499,fast
trees_500.newick,0,13,4772,501,19894,499,499,fast
trees_500.newick,0,14,5864,501,19699,499,499,fast
trees_500.newick,0,15,4745,501,19606,499,499,fast
trees_500.newick,0,16,4859,501,19782,499,499,fast
trees_500.newick,0,17,4743,501,19714,499,499,fast
trees_500.newick,0,18,4744,501,19746,499,499,fast
trees_500.newick,0,19,4806,501,19577,499,499,fast
trees_500.newick,0,20,4809,501,19930,499,499,fast
trees_500.newick,0,21,4805,501,19855,499,499,fast
trees_500.newick,0,22,4771,501,19685,499,499,fast
trees_500.newick,0,23,4900,501,20035,499,499,fast
trees_500.newick,0,24,4863,501,19802,499,499,fast
trees_500.newick,0,25,4936,501,19648,499,499,fast
trees_500.newick,0,26,4316,501,19738,499,499,fast
trees_500.newick,0,27,4264,501,19674,499,499,fast
trees_500.newick,0,28,4238,501,20029,499,499,fast
trees_500.newick,0,29,4458,501,19613,499,499,fast
trees_500.newick,0,30,4197,501,19526,499,499,fast
trees_500.newick,0,31,4769,501,19743,499,499,fast
trees_500.newick,0,32,4282,501,19785,499,499,fast
trees_500.newick,0,33,4779,501,19733,499,499,fast
trees_500.newick,0,34,4229,501,19982,499,499,fast
trees_500.newick,0,35,4320,501,19850,499,499,fast
trees_500.newick,0,36,4274,501,19809,499,499,fast
trees_500.newick,0,37,4213,501,19859,499,499,fast
trees_500.newick,0,38,4206,501,19750,499,499,fast
trees_500.newick,0,39,4259,501,19623,499,499,fast
trees_500.newick,0,40,4194,501,19461,499,499,fast
trees_500.newick,0,41,4206,501,19541,499,499,fast
trees_500.newick,0,42,4249,501,19966,499,499,fast
trees_500.newick,0,43,4193,501,19683,499,499,fast
trees_500.newick,0,44,4250,501,19835,499,499,fast
trees_500.newick,0,45,4209,501,19495,499,499,fast
trees_500.newick,0,46,4311,501,19606,499,499,fast
trees_500.newick,0,47,4198,501,19641,499,499,fast
trees_500.newick,0,48,4237,501,19832,499,499,fast
trees_500.newick,0,49,4169,501,19562,499,499,fast
trees_500.newick,1,2,4287,501,20035,499,499,fast
trees_500.newick,1,3,4199,501,19972,499,499,fast
trees_500.newick,1,4,4236,501,19496,499,499,fast
trees_500.newick,1,5,4234,501,19670,499,499,fast
trees_500.newick,1,6,4240,501,19945,499,499,fast
trees_500.newick,1,7,4218,501,19742,499,499,fast
trees_500.newick,1,8,4220,501,19708,499,499,fast
trees_500.newick,1,9,4221,501,19757,499,499,fast
trees_500.newick,1,10,4278,501,19993,499,499,fast
trees_500.newick,1,11,4175,501,19651,499,499,fast
trees_500.newick,1,12,4250,501,20183,499,499,fast
trees_500.newick,1,13,4753,501,19707,499,499,fast
trees_500.newick,1,14,4219,501,19505,499,499,fast
trees_500.newick,1,15,4216,501,19566,499,499,fast
trees_500.newick,1,16,4264,501,20048,499,499,fast
trees_500.newick,1,17,4238,501,19937,499,499,fast
trees_500.newick,1,18,4246,501,20090,499,499,fast
trees_500.newick,1,19,4253,501,19842,499,499,fast
trees_500.newick,1,20,4276,501,19986,499,499,fast
trees_500.newick,1,21,4264,501,19883,499,499,fast
trees_500.newick,1,22,4193,501,19680,499,499,fast
trees_500.newick,1,23,4245,501,19804,499,499,fast
trees_500.newick,1,24,4247,501,19738,499,499,fast
trees_500.newick,1,25,4251,501,19958,499,499,fast
trees_500.newick,1,26,4234,501,19779,499,499,fast
trees_500.newick,1,27,4200,501,19824,499,499,fast
trees_500.newick,1,28,4207,501,19725,499,499,fast
trees_500.newick,1,29,4225,501,19804,499,499,fast
trees_500.newick,1,30,4254,501,19959,499,499,fast
trees_500.newick,1,31,4231,501,19474,499,499,fast
trees_500.newick,1,32,4273,501,19689,499,499,fast
trees_500.newick,1,33,4198,501,19755,499,499,fast
trees_500.newick,1,34,4235,501,19889,499,499,fast
trees_500.newick,1,35,4244,501,19766,499,499,fast
trees_500.newick,1,36,4573,501,19952,499,499,fast
trees_500.newick,1,37,4575,501,19906,499,499,fast
trees_500.newick,1,38,4561,501,20037,499,499,fast
trees_500.newick,1,39,4868,501,19509,499,499,fast
trees_500.newick,1,40,4705,501,19972,499,499,fast
trees_500.newick,1,41,4351,501,19785,499,499,fast
trees_500.newick,1,42,4322,501,20053,499,499,fast
trees_500.newick,1,43,4673,501,19700,499,499,fast
trees_500.newick,1,44,4727,501,19858,499,499,fast
trees_500.newick,1,45,4397,501,20102,499,499,fast
trees_500.newick,1,46,4775,501,19649,499,499,fast
trees_500.newick,1,47,4236,501,19823,499,499,fast
trees_500.newick,1,48,4977,501,19846,499,499,fast
trees_500.newick,1,49,4256,501,20084,499,499,fast
trees_500.newick,2,3,4751,501,19809,499,499,fast
trees_500.newick,2,4,4243,501,19955,499,499,fast
trees_500.newick,2,5,4255,501,19594,499,499,fast
trees_500.newick,2,6,4290,501,19930,499,499,fast
trees_500.newick,2,7,4256,501,19839,499,499,fast
trees_500.newick,2,8,4214,501,19438,499,499,fast
trees_500.newick,2,9,4243,501,19638,499,499,fast
trees_500.newick,2,10,4332,501,19946,499,499,fast
trees_500.newick,2,11,4180,501,19483,499,499,fast
trees_500.newick,2,12,4239,501,19738,499,499,fast
trees_500.newick,2,13,4255,501,19589,499,499,fast
trees_500.newick,2,14,4224,501,19610,499,499,fast
trees_500.newick,2,15,4330,501,19901,499,499,fast
trees_500.newick,2,16,4247,501,19564,499,499,fast
trees_500.newick,2,17,4205,501,19790,499,499,fast
trees_500.newick,2,18,4214,501,19837,499,499,fast
trees_500.newick,2,19,4188,501,19548,499,499,fast
trees_500.newick,2,20,4279,501,19816,499,499,fast
trees_500.newick,2,21,4240,501,19849,499,499,fast
trees_500.newick,2,22,4218,501,19684,499,499,fast
trees_500.newick,2,23,4234,501,19793,499,499,fast
trees_500.newick,2,24,4274,501,19835,499,499,fast
trees_500.newick,2,25,4180,501,19365,499,499,fast
trees_500.newick,2,26,4178,501,19420,499,499,fast
trees_500.newick,2,27,4199,501,19863,499,499,fast
trees_500.newick,2,28,4194,501,19778,499,499,fast
trees_500.newick,2,29,4195,501,19613,499,499,fast
trees_500.newick,2,30,4206,501,19624,499,499,fast
trees_500.newick,2,31,4245,501,19696,499,499,fast
trees_500.newick,2,32,4197,501,19717,499,499,fast
trees_500.newick,2,33,4180,501,19395,499,499,fast
trees_500.newick,2,34,4180,501,19735,499,499,fast
trees_500.newick,2,35,4220,501,19726,499,499,fast
trees_500.newick,2,36,4218,501,19590,499,499,fast
trees_500.newick,2,37,4172,501,19691,499,499,fast
trees_500.newick,2,38,4201,501,19747,499,499,fast
trees_500.newick,2,39,4248,501,19739,499,499,fast
trees_500.newick,2,40,4188,501,19570,499,499,fast
trees_500.newick,2,41,4205,501,19522,499,499,fast
trees_500.newick,2,42,4646,501,19816,499,499,fast
trees_500.newick,2,43,4201,501,19691,499,499,fast
trees_500.newick,2,44,4281,501,19946,499,499,fast
trees_500.newick,2,45,4199,501,19630,499,499,fast
trees_500.newick,2,46,4229,501,19742,499,499,fast
trees_500.newick,2,47,4197,501,19647,499,499,fast
trees_500.newick,2,48,4234,501,19735,499,499,fast
trees_500.newick,2,49,4221,501,20091,499,499,fast
trees_500.newick,3,4,4604,501,19696,499,499,fast
trees_500.newick,3,5,4235,501,19847,499,499,fast
trees_500.newick,3,6,4678,501,20131,499,499,fast
trees_500.newick,3,7,4727,501,19850,499,499,fast
trees_500.newick,3,8,4252,501,19867,499,499,fast
trees_500.newick,3,9,4207,501,19752,499,499,fast
trees_500.newick,3,10,4347,501,20116,499,499,fast
trees_500.newick,3,11,4135,501,19622,499,499,fast
trees_500.newick,3,12,4198,501,19601,499,499,fast
trees_500.newick,3,13,4251,501,20050,499,499,fast
trees_500.newick,3,14,4259,501,19873,499,499,fast
trees_500.newick,3,15,4229,501,19997,499,499,fast
trees_500.newick,3,16,4250,501,19921,499,499,fast
trees_500.newick,3,17,4189,501,19603,499,499,fast
trees_500.newick,3,18,4173,501,19740,499,499,fast
trees_500.newick,3,19,4191,501,19711,499,499,fast
trees_500.newick,3,20,4240,501,19879,499,499,fast
trees_500.newick,3,21,4271,501,19884,499,499,fast
trees_500.newick,3,22,4215,501,19947,499,499,fast
trees_500.newick,3,23,4797,501,20087,499,499,fast
trees_500.newick,3,24,4671,501,19767,499,499,fast
trees_500.newick,3,25,4242,501,19845,499,499,fast
trees_500.newick,3,26,4228,501,19909,499,499,fast
trees_500.newick,3,27,4238,501,19881,499,499,fast
trees_500.newick,3,28,4176,501,19695,499,499,fast
trees_500.newick,3,29,5213,501,19754,499,499,fast
trees_500.newick,3,30,4185,501,19717,499,499,fast
trees_500.newick,3,31,4284,501,19863,499,499,fast
trees_500.newick,3,32,4204,501,19912,499,499,fast
trees_500.newick,3,33,4187,501,19706,499,499,fast
trees_500.newick,3,34,4166,501,19971,499,499,fast
trees_500.newick,3,35,4198,501,19793,499,499,fast
trees_500.newick,3,36,4245,501,19773,499,499,fast
trees_500.newick,3,37,4158,501,19828,499,499,fast
trees_500.newick,3,38,4174,501,19720,499,499,fast
trees_500.newick,3,39,4196,501,19515,499,499,fast
trees_500.newick,3,40,4210,501,19687,499,499,fast
trees_500.newick,3,41,4218,501,20061,499,499,fast
trees_500.newick,3,42,4669,501,19883,499,499,fast
trees_500.newick,3,43,4187,501,19760,499,499,fast
trees_500.newick,3,44,4275,501,20016,499,499,fast
trees_500.newick,3,45,4689,501,19899,499,499,fast
trees_500.newick,3,46,4199,501,19914,499,499,fast
trees_500.newick,3,47,4212,501,19896,499,499,fast
trees_500.newick,3,48,4809,501,20024,499,499,fast
trees_500.newick,3,49,4606,501,19737,499,499,fast
trees_500.newick,4,5,4380,501,19607,499,499,fast
trees_500.newick,4,6,5054,501,20251,499,499,fast
trees_500.newick,4,7,4883,501,19914,499,499,fast
trees_500.newick,4,8,5120,501,20003,499,499,fast
trees_500.newick,4,9,4282,501,19867,499,499,fast
trees_500.newick,4,10,4443,501,19991,499,499,fast
trees_500.newick,4,11,4709,501,19713,499,499,fast
trees_500.newick,4,12,4346,501,19807,499,499,fast
trees_500.newick,4,13,4328,501,20086,499,499,fast
trees_500.newick,4,14,4858,501,19712,499,499,fast
trees_500.newick,4,15,4263,501,20052,499,499,fast
trees_500.newick,4,16,4777,501,20050,499,499,fast
trees_500.newick,4,17,4723,501,19982,499,499,fast
trees_500.newick,4,18,4209,501,19529,499,499,fast
trees_500.newick,4,19,4245,501,19761,499,499,fast
trees_500.newick,4,20,4252,501,19773,499,499,fast
trees_500.newick,4,21,4263,501,20007,499,499,fast
trees_500.newick,4,22,4729,501,19759,499,499,fast
trees_500.newick,4,23,4250,501,19875,499,499,fast
trees_500.newick,4,24,4252,501,19721,499,499,fast
trees_500.newick,4,25,4225,501,19678,499,499,fast
trees_500.newick,4,26,4261,501,20011,499,499,fast
trees_500.newick,4,27,4726,501,19784,499,499,fast
trees_500.newick,4,28,4202,501,19744,499,499,fast
trees_500.newick,4,29,4235,501,19643,499,499,fast
trees_500.newick,4,30,4231,501,19902,499,499,fast
trees_500.newick,4,31,4264,501,19698,499,499,fast
trees_500.newick,4,32,4221,501,19854,499,499,fast
trees_500.newick,4,33,4224,501,19734,499,499,fast
trees_500.newick,4,34,4241,501,19931,499,499,fast
trees_500.newick,4,35,4393,501,19674,499,499,fast
trees_500.newick,4,36,4396,501,19838,499,499,fast
trees_500.newick,4,37,4377,501,19905,499,499,fast
trees_500.newick,4,38,4265,501,19840,499,499,fast
trees_500.newick,4,39,4387,501,19683,499,499,fast
trees_500.newick,4,40,4360,501,19826,499,499,fast
trees_500.newick,4,41,4323,501,19965,499,499,fast
trees_500.newick,4,42,4768,501,19776,499,499,fast
trees_500.newick,4,43,4289,501,19842,499,499,fast
trees_500.newick,4,44,4340,501,19917,499,499,fast
trees_500.newick,4,45,4281,501,19781,499,499,fast
trees_500.newick,4,46,4245,501,19950,499,499,fast
trees_500.newick,4,47,4721,501,19962,499,499,fast
trees_500.newick,4,48,4405,501,20027,499,499,fast
trees_500.newick,4,49,5073,501,19901,499,499,fast
trees_500.newick,5,6,4444,501,20023,499,499,fast
trees_500.newick,5,7,5193,501,19808,499,499,fast
trees_500.newick,5,8,5028,501,19753,499,499,fast
trees_500.newick,5,9,4770,501,19693,499,499,fast
trees_500.newick,5,10,4730,501,19934,499,499,fast
trees_500.newick,5,11,5846,501,19802,499,499,fast
trees_500.newick,5,12,4315,501,19940,499,499,fast
trees_500.newick,5,13,4253,501,19761,499,499,fast
trees_500.newick,5,14,4242,501,19755,499,499,fast
trees_500.newick,5,15,4207,501,19477,499,499,fast
trees_500.newick,5,16,4245,501,19729,499,499,fast
trees_500.newick,5,17,5487,501,20025,499,499,fast
trees_500.newick,5,18,4738,501,19591,499,499,fast
trees_500.newick,5,19,4645,501,19710,499,499,fast
trees_500.newick,5,20,4542,501,19790,499,499,fast
trees_500.newick,5,21,4222,501,19297,499,499,fast
trees_500.newick,5,22,4209,501,19747,499,499,fast
trees_500.newick,5,23,4324,501,19786,499,499,fast
trees_500.newick,5,24,4286,501,19393,499,499,fast
trees_500.newick,5,25,4339,501,19606,499,499,fast
trees_500.newick,5,26,4259,501,19488,499,499,fast
trees_500.newick,5,27,4254,501,20002,499,499,fast
trees_500.newick,5,28,4717,501,19862,499,499,fast
trees_500.newick,5,29,4278,501,19743,499,499,fast
trees_500.newick,5,30,4230,501,19777,499,499,fast
trees_500.newick,5,31,4232,501,19448,499,499,fast
trees_500.newick,5,32,4195,501,19627,499,499,fast
trees_500.newick,5,33,4182,501,19513,499,499,fast
trees_500.newick,5,34,4173,501,19621,499,499,fast
trees_500.newick,5,35,4210,501,19904,499,499,fast
trees_500.newick,5,36,4236,501,19642,499,499,fast
trees_500.newick,5,37,4161,501,19679,499,499,fast
trees_500.newick,5,38,5237,501,19704,499,499,fast
trees_500.newick,5,39,4278,501,19646,499,499,fast
trees_500.newick,5,40,4244,501,19648,499,499,fast
trees_500.newick,5,41,4220,501,19779,499,499,fast
trees_500.newick,5,42,4240,501,19688,499,499,fast
trees_500.newick,5,43,4195,501,19716,499,499,fast
trees_500.newick,5,44,4266,501,19765,499,499,fast
trees_500.newick,5,45,4207,501,19552,499,499,fast
trees_500.newick,5,46,4240,501,19759,499,499,fast
trees_500.newick,5,47,4256,501,19548,499,499,fast
trees_500.newick,5,48,4285,501,19876,499,499,fast
trees_500.newick,5,49,4193,501,19606,499,499,fast
trees_500.newick,6,7,4274,501,20028,499,499,fast
trees_500.newick,6,8,4719,501,19706,499,499,fast
trees_500.newick,6,9,4513,501,19763,499,499,fast
trees_500.newick,6,10,4376,501,19956,499,499,fast
trees_500.newick,6,11,4733,501,19932,499,499,fast
trees_500.newick,6,12,4778,501,19837,499,499,fast
trees_500.newick,6,13,4339,501,20170,499,499,fast
trees_500.newick,6,14,4807,501,19762,499,499,fast
trees_500.newick,6,15,4322,501,19803,499,499,fast
trees_500.newick,6,16,4363,501,20030,499,499,fast
trees_500.newick,6,17,4820,501,20313,499,499,fast
trees_500.newick,6,18,4820,501,19850,499,499,fast
trees_500.newick,6,19,4560,501,19914,499,499,fast
trees_500.newick,6,20,4817,501,19777,499,499,fast
trees_500.newick,6,21,5542,501,19862,499,499,fast
trees_500.newick,6,22,4229,501,19554,499,499,fast
trees_500.newick,6,23,5732,501,19842,499,499,fast
trees_500.newick,6,24,4279,501,19681,499,499,fast
trees_500.newick,6,25,4303,501,19749,499,499,fast
trees_500.newick,6,26,4348,501,19931,499,499,fast
trees_500.newick,6,27,4921,501,19730,499,499,fast
trees_500.newick,6,28,4225,501,19764,499,499,fast
trees_500.newick,6,29,5685,501,19591,499,499,fast
trees_500.newick,6,30,4282,501,19633,499,499,fast
trees_500.newick,6,31,4492,501,19713,499,499,fast
trees_500.newick,6,32,4254,501,19803,499,499,fast
trees_500.newick,6,33,4280,501,19832,499,499,fast
trees_500.newick,6,34,4200,501,19884,499,499,fast
trees_500.newick,6,35,4292,501,20038,499,499,fast
trees_500.newick,6,36,4766,501,19616,499,499,fast
trees_500.newick,6,37,5116,501,19722,499,499,fast
trees_500.newick,6,38,5336,501,19966,499,499,fast
trees_500.newick,6,39,5555,501,19834,499,499,fast
trees_500.newick,6,40,4667,501,19817,499,499,fast
trees_500.newick,6,41,4519,501,19581,499,499,fast
trees_500.newick,6,42,4428,501,19840,499,499,fast
trees_500.newick,6,43,4572,501,20061,499,499,fast
trees_500.newick,6,44,5754,501,19964,499,499,fast
trees_500.newick,6,45,4966,501,19726,499,499,fast
trees_500.newick,6,46,4294,501,19795,499,499,fast
trees_500.newick,6,47,4232,501,19638,499,499,fast
trees_500.newick,6,48,4385,501,19658,499,499,fast
trees_500.newick,6,49,4320,501,19875,499,499,fast
trees_500.newick,7,8,4434,501,19928,499,499,fast
trees_500.newick,7,9,4410,501,19866,499,499,fast
trees_500.newick,7,10,4869,501,19735,499,499,fast
trees_500.newick,7,11,4212,501,19750,499,499,fast
trees_500.newick,7,12,4360,501,19689,499,499,fast
trees_500.newick,7,13,4243,501,19705,499,499,fast
trees_500.newick,7,14,4286,501,19463,499,499,fast
trees_500.newick,7,15,4220,501,19540,499,499,fast
trees_500.newick,7,16,4401,501,20036,499,499,fast
trees_500.newick,7,17,4812,501,20124,499,499,fast
trees_500.newick,7,18,4861,501,19949,499,499,fast
trees_500.newick,7,19,4808,501,19813,499,499,fast
trees_500.newick,7,20,5628,501,19909,499,499,fast
trees_500.newick,7,21,6248,501,19937,499,499,fast
trees_500.newick,7,22,5499,501,19962,499,499,fast
trees_500.newick,7,23,5242,501,19676,499,499,fast
trees_500.newick,7,24,4738,501,19972,499,499,fast
trees_500.newick,7,25,6597,501,19785,499,499,fast
trees_500.newick,7,26,5173,501,19828,499,499,fast
trees_500.newick,7,27,4789,501,19983,499,499,fast
trees_500.newick,7,28,4973,501,19969,499,499,fast
trees_500.newick,7,29,4970,501,19677,499,499,fast
trees_500.newick,7,30,4378,501,19790,499,499,fast
trees_500.newick,7,31,5590,501,19579,499,499,fast
trees_500.newick,7,32,4507,501,19750,499,499,fast
trees_500.newick,7,33,5380,501,19709,499,499,fast
trees_500.newick,7,34,4284,501,19681,499,499,fast
trees_500.newick,7,35,4282,501,20161,499,499,fast
trees_500.newick,7,36,4771,501,19692,499,499,fast
trees_500.newick,7,37,4487,501,20042,499,499,fast
trees_500.newick,7,38,4767,501,19950,499,499,fast
trees_500.newick,7,39,4713,501,19412,499,499,fast
trees_500.newick,7,40,4267,501,19681,499,499,fast
trees_500.newick,7,41,4319,501,20110,499,499,fast
trees_500.newick,7,42,4725,501,19900,499,499,fast
trees_500.newick,7,43,5646,501,19844,499,499,fast
trees_500.newick,7,44,4792,501,20048,499,499,fast
trees_500.newick,7,45,4797,501,19716,499,499,fast
trees_500.newick,7,46,4811,501,20089,499,499,fast
trees_500.newick,7,47,4785,501,19832,499,499,fast
trees_500.newick,7,48,5713,501,19985,499,499,fast
trees_500.newick,7,49,4870,501,20042,499,499,fast
trees_500.newick,8,9,4750,501,19742,499,499,fast
trees_500.newick,8,10,4277,501,20099,499,499,fast
trees_500.newick,8,11,4708,501,19987,499,499,fast
trees_500.newick,8,12,4673,501,19581,499,499,fast
trees_500.newick,8,13,4260,501,20027,499,499,fast
trees_500.newick,8,14,4763,501,19914,499,499,fast
trees_500.newick,8,15,4660,501,19270,499,499,fast
trees_500.newick,8,16,4234,501,19923,499,499,fast
trees_500.newick,8,17,4757,501,19902,499,499,fast
trees_500.newick,8,18,4769,501,19908,499,499,fast
trees_500.newick,8,19,4730,501,19969,499,499,fast
trees_500.newick,8,20,4751,501,19641,499,499,fast
trees_500.newick,8,21,4162,501,19463,499,499,fast
trees_500.newick,8,22,4229,501,19962,499,499,fast
trees_500.newick,8,23,4753,501,19905,499,499,fast
trees_500.newick,8,24,4916,501,19822,499,499,fast
trees_500.newick,8,25,4904,501,19747,499,499,fast
trees_500.newick,8,26,4364,501,19805,499,499,fast
trees_500.newick,8,27,4691,501,19744,499,499,fast
trees_500.newick,8,28,4227,501,19802,499,499,fast
trees_500.newick,8,29,4567,501,19871,499,499,fast
trees_500.newick,8,30,5465,501,19716,499,499,fast
trees_500.newick,8,31,5577,501,19826,499,499,fast
trees_500.newick,8,32,4797,501,19385,499,499,fast
trees_500.newick,8,33,4326,501,19884,499,499,fast
trees_500.newick,8,34,4730,501,19805,499,499,fast
trees_500.newick,8,35,4781,501,20039,499,499,fast
trees_500.newick,8,36,4752,501,19787,499,499,fast
trees_500.newick,8,37,4671,501,19749,499,499,fast
trees_500.newick,8,38,4688,501,19908,499,499,fast
trees_500.newick,8,39,4784,501,19924,499,499,fast
trees_500.newick,8,40,4718,501,19788,499,499,fast
trees_500.newick,8,41,4239,501,19700,499,499,fast
trees_500.newick,8,42,4224,501,19788,499,499,fast
trees_500.newick,8,43,4832,501,19940,499,499,fast
trees_500.newick,8,44,4779,501,19879,499,499,fast
trees_500.newick,8,45,4793,501,19930,499,499,fast
trees_500.newick,8,46,4740,501,19976,499,499,fast
trees_500.newick,8,47,4754,501,19749,499,499,fast
trees_500.newick,8,48,4236,501,19818,499,499,fast
trees_500.newick,8,49,4720,501,20038,499,499,fast
trees_500.newick,9,10,4861,501,20356,499,499,fast
trees_500.newick,9,11,4684,501,19676,499,499,fast
trees_500.newick,9,12,4190,501,19646,499,499,fast
trees_500.newick,9,13,4248,501,19786,499,499,fast
trees_500.newick,9,14,4742,501,19785,499,499,fast
trees_500.newick,9,15,4734,501,19950,499,499,fast
trees_500.newick,9,16,4736,501,19741,499,499,fast
trees_500.newick,9,17,4733,501,19881,499,499,fast
trees_500.newick,9,18,4771,501,19955,499,499,fast
trees_500.newick,9,19,4729,501,19890,499,499,fast
trees_500.newick,9,20,4841,501,19986,499,499,fast
trees_500.newick,9,21,4713,501,19759,499,499,fast
trees_500.newick,9,22,4655,501,20037,499,499,fast
trees_500.newick,9,23,4753,501,19795,499,499,fast
trees_500.newick,9,24,4742,501,19648,499,499,fast
trees_500.newick,9,25,4217,501,19707,499,499,fast
trees_500.newick,9,26,4239,501,19689,499,499,fast
trees_500.newick,9,27,4183,501,19908,499,499,fast
trees_500.newick,9,28,4768,501,19551,499,499,fast
trees_500.newick,9,29,4264,501,19975,499,499,fast
trees_500.newick,9,30,4839,501,19940,499,499,fast
trees_500.newick,9,31,4759,501,19668,499,499,fast
trees_500.newick,9,32,4221,501,19870,499,499,fast
trees_500.newick,9,33,4692,501,19468,499,499,fast
trees_500.newick,9,34,4374,501,19829,499,499,fast
trees_500.newick,9,35,4738,501,19940,499,499,fast
trees_500.newick,9,36,4743,501,19588,499,499,fast
trees_500.newick,9,37,4175,501,19874,499,499,fast
trees_500.newick,9,38,4824,501,19883,499,499,fast
trees_500.newick,9,39,4837,501,20068,499,499,fast
trees_500.newick,9,40,4895,501,19837,499,499,fast
trees_500.newick,9,41,4792,501,19630,499,499,fast
trees_500.newick,9,42,4472,501,19603,499,499,fast
trees_500.newick,9,43,4646,501,19818,499,499,fast
trees_500.newick,9,44,5076,501,20061,499,499,fast
trees_500.newick,9,45,5065,501,19826,499,499,fast
trees_500.newick,9,46,5620,501,19678,499,499,fast
trees_500.newick,9,47,5035,501,19850,499,499,fast
trees_500.newick,9,48,5108,501,19751,499,499,fast
trees_500.newick,9,49,5373,501,19833,499,499,fast
trees_500.newick,10,11,4812,501,19820,499,499,fast
trees_500.newick,10,12,4253,501,19725,499,499,fast
trees_500.newick,10,13,4341,501,19751,499,499,fast
trees_500.newick,10,14,4804,501,19877,499,499,fast
trees_500.newick,10,15,4757,501,19648,499,499,fast
trees_500.newick,10,16,4264,501,19752,499,499,fast
trees_500.newick,10,17,4208,501,20052,499,499,fast
trees_500.newick,10,18,4769,501,20088,499,499,fast
trees_500.newick,10,19,4770,501,19763,499,499,fast
trees_500.newick,10,20,5032,501,19930,499,499,fast
trees_500.newick,10,21,4743,501,19861,499,499,fast
trees_500.newick,10,22,4755,501,19966,499,499,fast
trees_500.newick,10,23,4810,501,20093,499,499,fast
trees_500.newick,10,24,4714,501,19527,499,499,fast
trees_500.newick,10,25,4248,501,19947,499,499,fast
trees_500.newick,10,26,4742,501,19712,499,499,fast
trees_500.newick,10,27,4187,501,19909,499,499,fast
trees_500.newick,10,28,4740,501,20086,499,499,fast
trees_500.newick,10,29,4726,501,19691,499,499,fast
trees_500.newick,10,30,4328,501,20056,499,499,fast
trees_500.newick,10,31,4818,501,19952,499,499,fast
trees_500.newick,10,32,4755,501,19958,499,499,fast
trees_500.newick,10,33,4739,501,19864,499,499,fast
trees_500.newick,10,34,4708,501,19875,499,499,fast
trees_500.newick,10,35,4729,501,19900,499,499,fast
trees_500.newick,10,36,4789,501,19982,499,499,fast
trees_500.newick,10,37,4683,501,19651,499,499,fast
trees_500.newick,10,38,4309,501,20086,499,499,fast
trees_500.newick,10,39,4841,501,19801,499,499,fast
trees_500.newick,10,40,4764,501,19945,499,499,fast
trees_500.newick,10,41,4783,501,20172,499,499,fast
trees_500.newick,10,42,4842,501,19857,499,499,fast
trees_500.newick,10,43,4705,501,19766,499,499,fast
trees_500.newick,10,44,4321,501,20122,499,499,fast
trees_500.newick,10,45,4806,501,20017,499,499,fast
trees_500.newick,10,46,4758,501,19869,499,499,fast
trees_500.newick,10,47,4769,501,19739,499,499,fast
trees_500.newick,10,48,4244,501,19917,499,499,fast
trees_500.newick,10,49,4773,501,20284,499,499,fast
trees_500.newick,11,12,4716,501,19938,499,499,fast
trees_500.newick,11,13,4799,501,19709,499,499,fast
trees_500.newick,11,14,4222,501,19668,499,499,fast
trees_500.newick,11,15,4240,501,19604,499,499,fast
trees_500.newick,11,16,4300,501,19860,499,499,fast
trees_500.newick,11,17,5011,501,19898,499,499,fast
trees_500.newick,11,18,4917,501,19715,499,499,fast
trees_500.newick,11,19,5973,501,19763,499,499,fast
trees_500.newick,11,20,5104,501,19619,499,499,fast
trees_500.newick,11,21,5140,501,19792,499,499,fast
trees_500.newick,11,22,4742,501,19669,499,499,fast
trees_500.newick,11,23,4229,501,19682,499,499,fast
trees_500.newick,11,24,4259,501,19812,499,499,fast
trees_500.newick,11,25,4617,501,19398,499,499,fast
trees_500.newick,11,26,4223,501,19894,499,499,fast
trees_500.newick,11,27,4576,501,19604,499,499,fast
trees_500.newick,11,28,4189,501,19620,499,499,fast
trees_500.newick,11,29,4183,501,19483,499,499,fast
trees_500.newick,11,30,4179,501,19603,499,499,fast
trees_500.newick,11,31,4261,501,19661,499,499,fast
trees_500.newick,11,32,4194,501,19611,499,499,fast
trees_500.newick,11,33,4202,501,19710,499,499,fast
trees_500.newick,11,34,4434,501,19588,499,499,fast
trees_500.newick,11,35,4220,501,19848,499,499,fast
trees_500.newick,11,36,4677,501,19786,499,499,fast
trees_500.newick,11,37,4688,501,19735,499,499,fast
trees_500.newick,11,38,4172,501,19779,499,499,fast
trees_500.newick,11,39,4666,501,19608,499,499,fast
trees_500.newick,11,40,4221,501,19974,499,499,fast
trees_500.newick,11,41,4657,501,19723,499,499,fast
trees_500.newick,11,42,4200,501,19772,499,499,fast
trees_500.newick,11,43,4656,501,19980,499,499,fast
trees_500.newick,11,44,4688,501,19823,499,499,fast
trees_500.newick,11,45,4811,501,19528,499,499,fast
trees_500.newick,11,46,4165,501,19512,499,499,fast
trees_500.newick,11,47,4177,501,19459,499,499,fast
trees_500.newick,11,48,4187,501,19781,499,499,fast
trees_500.newick,11,49,4663,501,19981,499,499,fast
trees_500.newick,12,13,4749,501,19673,499,499,fast
trees_500.newick,12,14,4395,501,19841,499,499,fast
trees_500.newick,12,15,4683,501,19740,499,499,fast
trees_500.newick,12,16,4307,501,19970,499,499,fast
trees_500.newick,12,17,4698,501,20026,499,499,fast
trees_500.newick,12,18,4725,501,19670,499,499,fast
trees_500.newick,12,19,4279,501,20111,499,499,fast
trees_500.newick,12,20,4778,501,20055,499,499,fast
trees_500.newick,12,21,4715,501,19912,499,499,fast
trees_500.newick,12,22,4830,501,19909,499,499,fast
trees_500.newick,12,23,4691,501,19877,499,499,fast
trees_500.newick,12,24,4746,501,19855,499,499,fast
trees_500.newick,12,25,4704,501,19612,499,499,fast
trees_500.newick,12,26,4339,501,19678,499,499,fast
trees_500.newick,12,27,4243,501,20054,499,499,fast
trees_500.newick,12,28,4750,501,20016,499,499,fast
trees_500.newick,12,29,4736,501,19909,499,499,fast
trees_500.newick,12,30,4727,501,19835,499,499,fast
trees_500.newick,12,31,4733,501,19426,499,499,fast
trees_500.newick,12,32,4211,501,19665,499,499,fast
trees_500.newick,12,33,4228,501,19695,499,499,fast
trees_500.newick,12,34,4243,501,19837,499,499,fast
trees_500.newick,12,35,4203,501,19741,499,499,fast
trees_500.newick,12,36,4243,501,19456,499,499,fast
trees_500.newick,12,37,4203,501,19807,499,499,fast
trees_500.newick,12,38,4253,501,19836,499,499,fast
trees_500.newick,12,39,4761,501,19842,499,499,fast
trees_500.newick,12,40,5198,501,19920,499,499,fast
trees_500.newick,12,41,5467,501,19842,499,499,fast
trees_500.newick,12,42,6040,501,19975,499,499,fast
trees_500.newick,12,43,5814,501,19652,499,499,fast
trees_500.newick,12,44,5176,501,20012,499,499,fast
trees_500.newick,12,45,4780,501,19784,499,499,fast
trees_500.newick,12,46,5306,501,19740,499,499,fast
trees_500.newick,12,47,4806,501,19822,499,499,fast
trees_500.newick,12,48,4745,501,19829,499,499,fast
trees_500.newick,12,49,4722,501,19860,499,499,fast
trees_500.newick,13,14,4753,501,19619,499,499,fast
trees_500.newick,13,15,4241,501,20011,499,499,fast
trees_500.newick,13,16,4787,501,20047,499,499,fast
trees_500.newick,13,17,4717,501,20001,499,499,fast
trees_500.newick,13,18,4724,501,19697,499,499,fast
trees_500.newick,13,19,4221,501,19620,499,499,fast
trees_500.newick,13,20,4248,501,19827,499,499,fast
trees_500.newick,13,21,4764,501,19924,499,499,fast
trees_500.newick,13,22,4792,501,20051,499,499,fast
trees_500.newick,13,23,4751,501,19824,499,499,fast
trees_500.newick,13,24,4769,501,19655,499,499,fast
trees_500.newick,13,25,4242,501,19553,499,499,fast
trees_500.newick,13,26,4317,501,19913,499,499,fast
trees_500.newick,13,27,4717,501,19810,499,499,fast
trees_500.newick,13,28,4742,501,19851,499,499,fast
trees_500.newick,13,29,4745,501,19752,499,499,fast
trees_500.newick,13,30,4300,501,19768,499,499,fast
trees_500.newick,13,31,5234,501,19638,499,499,fast
trees_500.newick,13,32,4300,501,20122,499,499,fast
trees_500.newick,13,33,4835,501,19840,499,499,fast
trees_500.newick,13,34,4843,501,19758,499,499,fast
trees_500.newick,13,35,4476,501,20028,499,499,fast
trees_500.newick,13,36,4830,501,19688,499,499,fast
trees_500.newick,13,37,4243,501,19880,499,499,fast
trees_500.newick,13,38,4775,501,20049,499,499,fast
trees_500.newick,13,39,4918,501,19896,499,499,fast
trees_500.newick,13,40,5796,501,19739,499,499,fast
trees_500.newick,13,41,5277,501,20006,499,499,fast
trees_500.newick,13,42,5191,501,19760,499,499,fast
trees_500.newick,13,43,5877,501,19772,499,499,fast
trees_500.newick,13,44,4925,501,19780,499,499,fast
trees_500.newick,13,45,4829,501,19714,499,499,fast
trees_500.newick,13,46,4559,501,19711,499,499,fast
trees_500.newick,13,47,4418,501,19797,499,499,fast
trees_500.newick,13,48,5082,501,19924,499,499,fast
trees_500.newick,13,49,4774,501,19940,499,499,fast
trees_500.newick,14,15,4970,501,19738,499,499,fast
trees_500.newick,14,16,4762,501,19779,499,499,fast
trees_500.newick,14,17,4741,501,19837,499,499,fast
trees_500.newick,14,18,5553,501,19754,499,499,fast
trees_500.newick,14,19,4508,501,19727,499,499,fast
trees_500.newick,14,20,5182,501,19552,499,499,fast
trees_500.newick,14,21,5260,501,19763,499,499,fast
trees_500.newick,14,22,5567,501,19832,499,499,fast
trees_500.newick,14,23,5158,501,19845,499,499,fast
trees_500.newick,14,24,4860,501,19689,499,499,fast
trees_500.newick,14,25,4987,501,19252,499,499,fast
trees_500.newick,14,26,5441,501,19760,499,499,fast
trees_500.newick,14,27,6748,501,20032,499,499,fast
trees_500.newick,14,28,4896,501,19520,499,499,fast
trees_500.newick,14,29,5278,501,19764,499,499,fast
trees_500.newick,14,30,6249,501,19678,499,499,fast
trees_500.newick,14,31,4499,501,19577,499,499,fast
trees_500.newick,14,32,4598,501,19706,499,499,fast
trees_500.newick,14,33,4662,501,19541,499,499,fast
trees_500.newick,14,34,5184,501,19672,499,499,fast
trees_500.newick,14,35,4748,501,19930,499,499,fast
trees_500.newick,14,36,5043,501,19480,499,499,fast
trees_500.newick,14,37,4393,501,19790,499,499,fast
trees_500.newick,14,38,5552,501,19675,499,499,fast
trees_500.newick,14,39,4442,501,19902,499,499,fast
trees_500.newick,14,40,7089,501,19528,499,499,fast
trees_500.newick,14,41,5009,501,19673,499,499,fast
trees_500.newick,14,42,4759,501,19846,499,499,fast
trees_500.newick,14,43,5195,501,19734,499,499,fast
trees_500.newick,14,44,4412,501,19902,499,499,fast
trees_500.newick,14,45,4869,501,19871,499,499,fast
trees_500.newick,14,46,4833,501,19745,499,499,fast
trees_500.newick,14,47,4763,501,19403,499,499,fast
trees_500.newick,14,48,4342,501,19888,499,499,fast
trees_500.newick,14,49,4763,501,19925,499,499,fast
trees_500.newick,15,16,4881,501,19930,499,499,fast
trees_500.newick,15,17,4752,501,19967,499,499,fast
trees_500.newick,15,18,4734,501,19730,499,499,fast
trees_500.newick,15,19,4291,501,19636,499,499,fast
trees_500.newick,15,20,4224,501,19763,499,499,fast
trees_500.newick,15,21,4262,501,19726,499,499,fast
trees_500.newick,15,22,4220,501,19887,499,499,fast
trees_500.newick,15,23,4809,501,19887,499,499,fast
trees_500.newick,15,24,4785,501,19833,499,499,fast
trees_500.newick,15,25,4769,501,19748,499,499,fast
trees_500.newick,15,26,4244,501,19675,499,499,fast
trees_500.newick,15,27,4224,501,19641,499,499,fast
trees_500.newick,15,28,4689,501,19493,499,499,fast
trees_500.newick,15,29,4258,501,19852,499,499,fast
trees_500.newick,15,30,4859,501,19925,499,499,fast
trees_500.newick,15,31,4800,501,19535,499,499,fast
trees_500.newick,15,32,4250,501,19838,499,499,fast
trees_500.newick,15,33,4818,501,19849,499,499,fast
trees_500.newick,15,34,4682,501,19620,499,499,fast
trees_500.newick,15,35,4188,501,19740,499,499,fast
trees_500.newick,15,36,4259,501,19938,499,499,fast
trees_500.newick,15,37,4163,501,19780,499,499,fast
trees_500.newick,15,38,4195,501,19810,499,499,fast
trees_500.newick,15,39,4255,501,19613,499,499,fast
trees_500.newick,15,40,4235,501,19731,499,499,fast
trees_500.newick,15,41,4378,501,19770,499,499,fast
trees_500.newick,15,42,4245,501,19898,499,499,fast
trees_500.newick,15,43,4547,501,19547,499,499,fast
trees_500.newick,15,44,4275,501,19952,499,499,fast
trees_500.newick,15,45,4217,501,19626,499,499,fast
trees_500.newick,15,46,4217,501,19789,499,499,fast
trees_500.newick,15,47,4306,501,19431,499,499,fast
trees_500.newick,15,48,4220,501,19752,499,499,fast
trees_500.newick,15,49,4204,501,19674,499,499,fast
trees_500.newick,16,17,4252,501,20007,499,499,fast
trees_500.newick,16,18,4241,501,19838,499,499,fast
trees_500.newick,16,19,4318,501,20059,499,499,fast
trees_500.newick,16,20,4297,501,20005,499,499,fast
trees_500.newick,16,21,4238,501,19810,499,499,fast
trees_500.newick,16,22,4608,501,19837,499,499,fast
trees_500.newick,16,23,4361,501,19840,499,499,fast
trees_500.newick,16,24,4328,501,19696,499,499,fast
trees_500.newick,16,25,4327,501,19940,499,499,fast
trees_500.newick,16,26,4348,501,19730,499,499,fast
trees_500.newick,16,27,4546,501,19828,499,499,fast
trees_500.newick,16,28,4278,501,20057,499,499,fast
trees_500.newick,16,29,4663,501,19893,499,499,fast
trees_500.newick,16,30,4287,501,19739,499,499,fast
trees_500.newick,16,31,4284,501,19555,499,499,fast
trees_500.newick,16,32,4270,501,20147,499,499,fast
trees_500.newick,16,33,4260,501,19864,499,499,fast
trees_500.newick,16,34,4224,501,19865,499,499,fast
trees_500.newick,16,35,4261,501,19944,499,499,fast
trees_500.newick,16,36,4241,501,19585,499,499,fast
trees_500.newick,16,37,4247,501,19993,499,499,fast
trees_500.newick,16,38,4215,501,19869,499,499,fast
trees_500.newick,16,39,4223,501,19418,499,499,fast
trees_500.newick,16,40,4215,501,19511,499,499,fast
trees_500.newick,16,41,4259,501,19927,499,499,fast
trees_500.newick,16,42,4306,501,20041,499,499,fast
trees_500.newick,16,43,4243,501,19743,499,499,fast
trees_500.newick,16,44,4297,501,20152,499,499,fast
trees_500.newick,16,45,4735,501,19809,499,499,fast
trees_500.newick,16,46,4262,501,20014,499,499,fast
trees_500.newick,16,47,4245,501,19922,499,499,fast
trees_500.newick,16,48,4218,501,19707,499,499,fast
trees_500.newick,16,49,4210,501,19782,499,499,fast
trees_500.newick,17,18,4292,501,19831,499,499,fast
trees_500.newick,17,19,4307,501,20360,499,499,fast
trees_500.newick,17,20,4804,501,19767,499,499,fast
trees_500.newick,17,21,4242,501,19914,499,499,fast
trees_500.newick,17,22,4323,501,20049,499,499,fast
trees_500.newick,17,23,4285,501,19834,499,499,fast
trees_500.newick,17,24,4282,501,19882,499,499,fast
trees_500.newick,17,25,4257,501,19903,499,499,fast
trees_500.newick,17,26,4355,501,20360,499,499,fast
trees_500.newick,17,27,4789,501,20086,499,499,fast
trees_500.newick,17,28,4236,501,19789,499,499,fast
trees_500.newick,17,29,4288,501,19884,499,499,fast
trees_500.newick,17,30,4974,501,20150,499,499,fast
trees_500.newick,17,31,4425,501,19858,499,499,fast
trees_500.newick,17,32,4668,501,19974,499,499,fast
trees_500.newick,17,33,5974,501,19855,499,499,fast
trees_500.newick,17,34,4389,501,19931,499,499,fast
trees_500.newick,17,35,4422,501,20073,499,499,fast
trees_500.newick,17,36,4577,501,19850,499,499,fast
trees_500.newick,17,37,4281,501,20297,499,499,fast
trees_500.newick,17,38,4716,501,20117,499,499,fast
trees_500.newick,17,39,4267,501,19751,499,499,fast
trees_500.newick,17,40,4250,501,19886,499,499,fast
trees_500.newick,17,41,4275,501,19819,499,499,fast
trees_500.newick,17,42,4280,501,20230,499,499,fast
trees_500.newick,17,43,4688,501,19785,499,499,fast
trees_500.newick,17,44,4305,501,19940,499,499,fast
trees_500.newick,17,45,4322,501,19888,499,499,fast
trees_500.newick,17,46,4292,501,19940,499,499,fast
trees_500.newick,17,47,4578,501,19527,499,499,fast
trees_500.newick,17,48,4291,501,19747,499,499,fast
trees_500.newick,17,49,4328,501,20052,499,499,fast
trees_500.newick,18,19,4264,501,19669,499,499,fast
trees_500.newick,18,20,4293,501,19849,499,499,fast
trees_500.newick,18,21,4441,501,19579,499,499,fast
trees_500.newick,18,22,4231,501,19716,499,499,fast
trees_500.newick,18,23,4323,501,20004,499,499,fast
trees_500.newick,18,24,4247,501,19720,499,499,fast
trees_500.newick,18,25,4720,501,19599,499,499,fast
trees_500.newick,18,26,4778,501,20007,499,499,fast
trees_500.newick,18,27,4545,501,19831,499,499,fast
trees_500.newick,18,28,4275,501,19921,499,499,fast
trees_500.newick,18,29,4334,501,19696,499,499,fast
trees_500.newick,18,30,4411,501,19739,499,499,fast
trees_500.newick,18,31,4377,501,19640,499,499,fast
trees_500.newick,18,32,4218,501,19394,499,499,fast
trees_500.newick,18,33,4250,501,19829,499,499,fast
trees_500.newick,18,34,4214,501,19865,499,499,fast
trees_500.newick,18,35,4319,501,19895,499,499,fast
trees_500.newick,18,36,4227,501,19553,499,499,fast
trees_500.newick,18,37,4214,501,19731,499,499,fast
trees_500.newick,18,38,4209,501,19769,499,499,fast
trees_500.newick,18,39,4217,501,19487,499,499,fast
trees_500.newick,18,40,4237,501,19688,499,499,fast
trees_500.newick,18,41,4300,501,20105,499,499,fast
trees_500.newick,18,42,4804,501,20042,499,499,fast
trees_500.newick,18,43,4217,501,19827,499,499,fast
trees_500.newick,18,44,4247,501,19856,499,499,fast
trees_500.newick,18,45,4219,501,19632,499,499,fast
trees_500.newick,18,46,4481,501,19910,499,499,fast
trees_500.newick,18,47,4220,501,19848,499,499,fast
trees_500.newick,18,48,4229,501,19900,499,499,fast
trees_500.newick,18,49,4197,501,19774,499,499,fast
trees_500.newick,19,20,4287,501,19828,499,499,fast
trees_500.newick,19,21,4241,501,19961,499,499,fast
trees_500.newick,19,22,4255,501,19983,499,499,fast
trees_500.newick,19,23,4241,501,19785,499,499,fast
trees_500.newick,19,24,4290,501,19873,499,499,fast
trees_500.newick,19,25,4219,501,19633,499,499,fast
trees_500.newick,19,26,4211,501,19652,499,499,fast
trees_500.newick,19,27,4329,501,19928,499,499,fast
trees_500.newick,19,28,4221,501,19786,499,499,fast
trees_500.newick,19,29,4371,501,19653,499,499,fast
trees_500.newick,19,30,4215,501,19807,499,499,fast
trees_500.newick,19,31,4258,501,19718,499,499,fast
trees_500.newick,19,32,4315,501,19501,499,499,fast
trees_500.newick,19,33,4225,501,19874,499,499,fast
trees_500.newick,19,34,4345,501,19866,499,499,fast
trees_500.newick,19,35,4212,501,19862,499,499,fast
trees_500.newick,19,36,4246,501,19649,499,499,fast
trees_500.newick,19,37,4248,501,19845,499,499,fast
trees_500.newick,19,38,4191,501,19707,499,499,fast
trees_500.newick,19,39,4263,501,19806,499,499,fast
trees_500.newick,19,40,4208,501,19451,499,499,fast
trees_500.newick,19,41,4239,501,19751,499,499,fast
trees_500.newick,19,42,4253,501,20057,499,499,fast
trees_500.newick,19,43,4253,501,19911,499,499,fast
trees_500.newick,19,44,4290,501,19978,499,499,fast
trees_500.newick,19,45,4220,501,19764,499,499,fast
trees_500.newick,19,46,4221,501,19908,499,499,fast
trees_500.newick,19,47,4212,501,19702,499,499,fast
trees_500.newick,19,48,4266,501,19815,499,499,fast
trees_500.newick,19,49,4324,501,19938,499,499,fast
trees_500.newick,20,21,4295,501,19744,499,499,fast
trees_500.newick,20,22,4220,501,19665,499,499,fast
trees_500.newick,20,23,4575,501,19535,499,499,fast
trees_500.newick,20,24,4333,501,19666,499,499,fast
trees_500.newick,20,25,4466,501,20163,499,499,fast
trees_500.newick,20,26,4850,501,19952,499,499,fast
trees_500.newick,20,27,4226,501,19585,499,499,fast
trees_500.newick,20,28,4220,501,19875,499,499,fast
trees_500.newick,20,29,4330,501,19578,499,499,fast
trees_500.newick,20,30,4286,501,19734,499,499,fast
trees_500.newick,20,31,4545,501,19681,499,499,fast
trees_500.newick,20,32,4247,501,19690,499,499,fast
trees_500.newick,20,33,4250,501,19804,499,499,fast
trees_500.newick,20,34,4193,501,19727,499,499,fast
trees_500.newick,20,35,4253,501,20086,499,499,fast
trees_500.newick,20,36,4236,501,19513,499,499,fast
trees_500.newick,20,37,4280,501,19996,499,499,fast
trees_500.newick,20,38,4202,501,19611,499,499,fast
trees_500.newick,20,39,4539,501,19952,499,499,fast
trees_500.newick,20,40,4224,501,19677,499,499,fast
trees_500.newick,20,41,4469,501,19704,499,499,fast
trees_500.newick,20,42,4972,501,19977,499,499,fast
trees_500.newick,20,43,5452,501,19670,499,499,fast
trees_500.newick,20,44,5333,501,19998,499,499,fast
trees_500.newick,20,45,5378,501,19920,499,499,fast
trees_500.newick,20,46,4216,501,19706,499,499,fast
trees_500.newick,20,47,4280,501,19745,499,499,fast
trees_500.newick,20,48,4252,501,19849,499,499,fast
trees_500.newick,20,49,4269,501,19896,499,499,fast
trees_500.newick,21,22,4270,501,19858,499,499,fast
trees_500.newick,21,23,4340,501,19800,499,499,fast
trees_500.newick,21,24,5261,501,19627,499,499,fast
trees_500.newick,21,25,5741,501,19851,499,499,fast
trees_500.newick,21,26,4308,501,19815,499,499,fast
trees_500.newick,21,27,4480,501,19822,499,499,fast
trees_500.newick,21,28,4219,501,19668,499,499,fast
trees_500.newick,21,29,4339,501,19615,499,499,fast
trees_500.newick,21,30,4274,501,19968,499,499,fast
trees_500.newick,21,31,4266,501,19388,499,499,fast
trees_500.newick,21,32,4246,501,19779,499,499,fast
trees_500.newick,21,33,4448,501,19605,499,499,fast
trees_500.newick,21,34,4229,501,19896,499,499,fast
trees_500.newick,21,35,4329,501,19890,499,499,fast
trees_500.newick,21,36,4369,501,19948,499,499,fast
trees_500.newick,21,37,4344,501,19836,499,499,fast
trees_500.newick,21,38,4233,501,19698,499,499,fast
trees_500.newick,21,39,4248,501,19657,499,499,fast
trees_500.newick,21,40,4223,501,19678,499,499,fast
trees_500.newick,21,41,4234,501,19680,499,499,fast
trees_500.newick,21,42,4246,501,19935,499,499,fast
trees_500.newick,21,43,4231,501,19900,499,499,fast
trees_500.newick,21,44,4264,501,19897,499,499,fast
trees_500.newick,21,45,4229,501,19702,499,499,fast
trees_500.newick,21,46,4237,501,19854,499,499,fast
trees_500.newick,21,47,4211,501,19552,499,499,fast
trees_500.newick,21,48,4273,501,20230,499,499,fast
trees_500.newick,21,49,4745,501,19848,499,499,fast
trees_500.newick,22,23,4219,501,19514,499,499,fast
trees_500.newick,22,24,4239,501,19501,499,499,fast
trees_500.newick,22,25,4260,501,19655,499,499,fast
trees_500.newick,22,26,4254,501,19793,499,499,fast
trees_500.newick,22,27,4511,501,19690,499,499,fast
trees_500.newick,22,28,4190,501,19746,499,499,fast
trees_500.newick,22,29,4232,501,19783,499,499,fast
trees_500.newick,22,30,4239,501,19787,499,499,fast
trees_500.newick,22,31,4239,501,19597,499,499,fast
trees_500.newick,22,32,4206,501,19727,499,499,fast
trees_500.newick,22,33,4217,501,19670,499,499,fast
trees_500.newick,22,34,4189,501,19858,499,499,fast
trees_500.newick,22,35,4177,501,19540,499,499,fast
trees_500.newick,22,36,4237,501,19709,499,499,fast
trees_500.newick,22,37,4160,501,19676,499,499,fast
trees_500.newick,22,38,4220,501,19842,499,499,fast
trees_500.newick,22,39,4263,501,19881,499,499,fast
trees_500.newick,22,40,4238,501,19578,499,499,fast
trees_500.newick,22,41,4243,501,19781,499,499,fast
trees_500.newick,22,42,4695,501,19925,499,499,fast
trees_500.newick,22,43,4212,501,19965,499,499,fast
trees_500.newick,22,44,4267,501,19855,499,499,fast
trees_500.newick,22,45,4192,501,19559,499,499,fast
trees_500.newick,22,46,4253,501,19806,499,499,fast
trees_500.newick,22,47,4247,501,19946,499,499,fast
trees_500.newick,22,48,4239,501,19822,499,499,fast
trees_500.newick,22,49,4228,501,20086,499,499,fast
trees_500.newick,23,24,4263,501,19725,499,499,fast
trees_500.newick,23,25,4238,501,19448,499,499,fast
trees_500.newick,23,26,4230,501,19712,499,499,fast
trees_500.newick,23,27,4292,501,19921,499,499,fast
trees_500.newick,23,28,4359,501,19707,499,499,fast
trees_500.newick,23,29,4344,501,19734,499,499,fast
trees_500.newick,23,30,4318,501,19990,499,499,fast
trees_500.newick,23,31,4274,501,19709,499,499,fast
trees_500.newick,23,32,4216,501,19866,499,499,fast
trees_500.newick,23,33,4211,501,19667,499,499,fast
trees_500.newick,23,34,4188,501,19841,499,499,fast
trees_500.newick,23,35,4228,501,19849,499,499,fast
trees_500.newick,23,36,4226,501,19468,499,499,fast
trees_500.newick,23,37,4216,501,20019,499,499,fast
trees_500.newick,23,38,4248,501,19761,499,499,fast
trees_500.newick,23,39,4364,501,19625,499,499,fast
trees_500.newick,23,40,4313,501,19704,499,499,fast
trees_500.newick,23,41,4273,501,19971,499,499,fast
trees_500.newick,23,42,4296,501,20145,499,499,fast
trees_500.newick,23,43,4707,501,19630,499,499,fast
trees_500.newick,23,44,4272,501,19846,499,499,fast
trees_500.newick,23,45,4691,501,19515,499,499,fast
trees_500.newick,23,46,4257,501,19704,499,499,fast
trees_500.newick,23,47,4262,501,19690,499,499,fast
trees_500.newick,23,48,4209,501,19582,499,499,fast
trees_500.newick,23,49,4246,501,19955,499,499,fast
trees_500.newick,24,25,4260,501,19725,499,499,fast
trees_500.newick,24,26,4194,501,19537,499,499,fast
trees_500.newick,24,27,4163,501,19668,499,499,fast
trees_500.newick,24,28,4210,501,19862,499,499,fast
trees_500.newick,24,29,4194,501,19610,499,499,fast
trees_500.newick,24,30,4203,501,19679,499,499,fast
trees_500.newick,24,31,4219,501,19615,499,499,fast
trees_500.newick,24,32,4175,501,19557,499,499,fast
trees_500.newick,24,33,4198,501,19581,499,499,fast
trees_500.newick,24,34,4122,501,19349,499,499,fast
trees_500.newick,24,35,4245,501,19688,499,499,fast
trees_500.newick,24,36,4250,501,19638,499,499,fast
trees_500.newick,24,37,4192,501,19669,499,499,fast
trees_500.newick,24,38,4183,501,19748,499,499,fast
trees_500.newick,24,39,4232,501,19279,499,499,fast
trees_500.newick,24,40,4181,501,19558,499,499,fast
trees_500.newick,24,41,4201,501,19664,499,499,fast
trees_500.newick,24,42,4221,501,19924,499,499,fast
trees_500.newick,24,43,4183,501,19536,499,499,fast
trees_500.newick,24,44,4220,501,19460,499,499,fast
trees_500.newick,24,45,4193,501,19558,499,499,fast
trees_500.newick,24,46,4249,501,19710,499,499,fast
trees_500.newick,24,47,4528,501,19746,499,499,fast
trees_500.newick,24,48,4489,501,19578,499,499,fast
trees_500.newick,24,49,4207,501,19953,499,499,fast
trees_500.newick,25,26,4301,501,19804,499,499,fast
trees_500.newick,25,27,4183,501,19861,499,499,fast
trees_500.newick,25,28,4232,501,19749,499,499,fast
trees_500.newick,25,29,4202,501,19690,499,499,fast
trees_500.newick,25,30,4226,501,19710,499,499,fast
trees_500.newick,25,31,4210,501,19498,499,499,fast
trees_500.newick,25,32,4263,501,19822,499,499,fast
trees_500.newick,25,33,4924,501,19798,499,499,fast
trees_500.newick,25,34,4189,501,19674,499,499,fast
trees_500.newick,25,35,4192,501,19791,499,499,fast
trees_500.newick,25,36,4242,501,19663,499,499,fast
trees_500.newick,25,37,4151,501,19726,499,499,fast
trees_500.newick,25,38,4182,501,19740,499,499,fast
trees_500.newick,25,39,4239,501,19504,499,499,fast
trees_500.newick,25,40,4181,501,19222,499,499,fast
trees_500.newick,25,41,4221,501,19872,499,499,fast
trees_500.newick,25,42,4240,501,19879,499,499,fast
trees_500.newick,25,43,4240,501,19864,499,499,fast
trees_500.newick,25,44,4289,501,19982,499,499,fast
trees_500.newick,25,45,4591,501,19910,499,499,fast
trees_500.newick,25,46,4184,501,19473,499,499,fast
trees_500.newick,25,47,4234,501,19749,499,499,fast
trees_500.newick,25,48,4212,501,19620,499,499,fast
trees_500.newick,25,49,4199,501,19680,499,499,fast
trees_500.newick,26,27,4211,501,19787,499,499,fast
trees_500.newick,26,28,4187,501,19569,499,499,fast
trees_500.newick,26,29,4243,501,19647,499,499,fast
trees_500.newick,26,30,4226,501,19843,499,499,fast
trees_500.newick,26,31,4287,501,19557,499,499,fast
trees_500.newick,26,32,4233,501,19953,499,499,fast
trees_500.newick,26,33,4229,501,19741,499,499,fast
trees_500.newick,26,34,4198,501,19930,499,499,fast
trees_500.newick,26,35,4224,501,19881,499,499,fast
trees_500.newick,26,36,4224,501,19594,499,499,fast
trees_500.newick,26,37,4467,501,20107,499,499,fast
trees_500.newick,26,38,4215,501,20065,499,499,fast
trees_500.newick,26,39,4251,501,19585,499,499,fast
trees_500.newick,26,40,4230,501,19957,499,499,fast
trees_500.newick,26,41,4267,501,20018,499,499,fast
trees_500.newick,26,42,4223,501,19825,499,499,fast
trees_500.newick,26,43,4196,501,19631,499,499,fast
trees_500.newick,26,44,4278,501,19856,499,499,fast
trees_500.newick,26,45,4263,501,19946,499,499,fast
trees_500.newick,26,46,4244,501,19817,499,499,fast
trees_500.newick,26,47,4191,501,19326,499,499,fast
trees_500.newick,26,48,4250,501,19942,499,499,fast
trees_500.newick,26,49,4205,501,19829,499,499,fast
trees_500.newick,27,28,4208,501,19604,499,499,fast
trees_500.newick,27,29,4203,501,19649,499,499,fast
trees_500.newick,27,30,4264,501,19812,499,499,fast
trees_500.newick,27,31,4211,501,19553,499,499,fast
trees_500.newick,27,32,4159,501,19230,499,499,fast
trees_500.newick,27,33,4192,501,19705,499,499,fast
trees_500.newick,27,34,4244,501,19735,499,499,fast
trees_500.newick,27,35,4210,501,20061,499,499,fast
trees_500.newick,27,36,4245,501,19846,499,499,fast
trees_500.newick,27,37,4180,501,19951,499,499,fast
trees_500.newick,27,38,4196,501,19860,499,499,fast
trees_500.newick,27,39,4275,501,19696,499,499,fast
trees_500.newick,27,40,4211,501,19774,499,499,fast
trees_500.newick,27,41,4193,501,19692,499,499,fast
trees_500.newick,27,42,4220,501,19763,499,499,fast
trees_500.newick,27,43,4181,501,19578,499,499,fast
trees_500.newick,27,44,4250,501,19816,499,499,fast
trees_500.newick,27,45,4229,501,19555,499,499,fast
trees_500.newick,27,46,4217,501,19980,499,499,fast
trees_500.newick,27,47,4203,501,19510,499,499,fast
trees_500.newick,27,48,4213,501,19873,499,499,fast
trees_500.newick,27,49,4214,501,19909,499,499,fast
trees_500.newick,28,29,4216,501,19510,499,499,fast
trees_500.newick,28,30,4193,501,19789,499,499,fast
trees_500.newick,28,31,4261,501,19691,499,499,fast
trees_500.newick,28,32,4205,501,19847,499,499,fast
trees_500.newick,28,33,4161,501,19394,499,499,fast
trees_500.newick,28,34,4168,501,19645,499,499,fast
trees_500.newick,28,35,4243,501,20056,499,499,fast
trees_500.newick,28,36,4284,501,19948,499,499,fast
trees_500.newick,28,37,4272,501,19933,499,499,fast
trees_500.newick,28,38,4208,501,20051,499,499,fast
trees_500.newick,28,39,4282,501,19823,499,499,fast
trees_500.newick,28,40,4181,501,19770,499,499,fast
trees_500.newick,28,41,4217,501,19667,499,499,fast
trees_500.newick,28,42,4234,501,19885,499,499,fast
trees_500.newick,28,43,4478,501,19811,499,499,fast
trees_500.newick,28,44,4266,501,20074,499,499,fast
trees_500.newick,28,45,4205,501,19758,499,499,fast
trees_500.newick,28,46,4208,501,19932,499,499,fast
trees_500.newick,28,47,4203,501,19760,499,499,fast
trees_500.newick,28,48,4189,501,19612,499,499,fast
trees_500.newick,28,49,4175,501,19778,499,499,fast
trees_500.newick,29,30,4242,501,19772,499,499,fast
trees_500.newick,29,31,4239,501,19720,499,499,fast
trees_500.newick,29,32,4247,501,19748,499,499,fast
trees_500.newick,29,33,4190,501,19762,499,499,fast
trees_500.newick,29,34,4177,501,19660,499,499,fast
trees_500.newick,29,35,4194,501,19899,499,499,fast
trees_500.newick,29,36,4234,501,19643,499,499,fast
trees_500.newick,29,37,4155,501,19648,499,499,fast
trees_500.newick,29,38,4233,501,19861,499,499,fast
trees_500.newick,29,39,4192,501,19325,499,499,fast
trees_500.newick,29,40,4191,501,19495,499,499,fast
trees_500.newick,29,41,4218,501,19658,499,499,fast
trees_500.newick,29,42,4205,501,19580,499,499,fast
trees_500.newick,29,43,4240,501,19836,499,499,fast
trees_500.newick,29,44,4254,501,19615,499,499,fast
trees_500.newick,29,45,4191,501,19446,499,499,fast
trees_500.newick,29,46,4209,501,19687,499,499,fast
trees_500.newick,29,47,4240,501,19800,499,499,fast
trees_500.newick,29,48,4234,501,19665,499,499,fast
trees_500.newick,29,49,4256,501,19989,499,499,fast
trees_500.newick,30,31,4317,501,19821,499,499,fast
trees_500.newick,30,32,4207,501,19529,499,499,fast
trees_500.newick,30,33,4264,501,19710,499,499,fast
trees_500.newick,30,34,4299,501,19838,499,499,fast
trees_500.newick,30,35,4171,501,19707,499,499,fast
trees_500.newick,30,36,4224,501,19544,499,499,fast
trees_500.newick,30,37,4189,501,19754,499,499,fast
trees_500.newick,30,38,4196,501,19795,499,499,fast
trees_500.newick,30,39,4233,501,19599,499,499,fast
trees_500.newick,30,40,4211,501,19709,499,499,fast
trees_500.newick,30,41,4229,501,19618,499,499,fast
trees_500.newick,30,42,4264,501,19913,499,499,fast
trees_500.newick,30,43,4218,501,19991,499,499,fast
trees_500.newick,30,44,4317,501,20028,499,499,fast
trees_500.newick,30,45,4602,501,19470,499,499,fast
trees_500.newick,30,46,4192,501,19671,499,499,fast
trees_500.newick,30,47,4234,501,19697,499,499,fast
trees_500.newick,30,48,4162,501,19347,499,499,fast
trees_500.newick,30,49,4590,501,19990,499,499,fast
trees_500.newick,31,32,4234,501,19910,499,499,fast
trees_500.newick,31,33,4184,501,19490,499,499,fast
trees_500.newick,31,34,4177,501,19806,499,499,fast
trees_500.newick,31,35,4194,501,19707,499,499,fast
trees_500.newick,31,36,4233,501,19634,499,499,fast
trees_500.newick,31,37,4175,501,19888,499,499,fast
trees_500.newick,31,38,4182,501,19657,499,499,fast
trees_500.newick,31,39,4240,501,19566,499,499,fast
trees_500.newick,31,40,4237,501,19617,499,499,fast
trees_500.newick,31,41,4215,501,19664,499,499,fast
trees_500.newick,31,42,4222,501,19495,499,499,fast
trees_500.newick,31,43,4243,501,19840,499,499,fast
trees_500.newick,31,44,4378,501,20156,499,499,fast
trees_500.newick,31,45,4222,501,19742,499,499,fast
trees_500.newick,31,46,4289,501,19547,499,499,fast
trees_500.newick,31,47,4249,501,19448,499,499,fast
trees_500.newick,31,48,4441,501,19542,499,499,fast
trees_500.newick,31,49,4356,501,19614,499,499,fast
trees_500.newick,32,33,4367,501,19752,499,499,fast
trees_500.newick,32,34,4199,501,19791,499,499,fast
trees_500.newick,32,35,4201,501,19776,499,499,fast
trees_500.newick,32,36,4228,501,19584,499,499,fast
trees_500.newick,32,37,4155,501,19593,499,499,fast
trees_500.newick,32,38,4195,501,19741,499,499,fast
trees_500.newick,32,39,4223,501,19707,499,499,fast
trees_500.newick,32,40,4322,501,19798,499,499,fast
trees_500.newick,32,41,4239,501,19954,499,499,fast
trees_500.newick,32,42,4230,501,19542,499,499,fast
trees_500.newick,32,43,4190,501,19598,499,499,fast
trees_500.newick,32,44,4493,501,19790,499,499,fast
trees_500.newick,32,45,4274,501,19766,499,499,fast
trees_500.newick,32,46,4624,501,19605,499,499,fast
trees_500.newick,32,47,4256,501,19982,499,499,fast
trees_500.newick,32,48,4306,501,19622,499,499,fast
trees_500.newick,32,49,4254,501,19803,499,499,fast
trees_500.newick,33,34,4259,501,19781,499,499,fast
trees_500.newick,33,35,4200,501,19583,499,499,fast
trees_500.newick,33,36,4260,501,19594,499,499,fast
trees_500.newick,33,37,4169,501,19555,499,499,fast
trees_500.newick,33,38,4206,501,19649,499,499,fast
trees_500.newick,33,39,4229,501,19551,499,499,fast
trees_500.newick,33,40,4221,501,19674,499,499,fast
trees_500.newick,33,41,4242,501,19618,499,499,fast
trees_500.newick,33,42,4322,501,19871,499,499,fast
trees_500.newick,33,43,4225,501,19770,499,499,fast
trees_500.newick,33,44,4241,501,19665,499,499,fast
trees_500.newick,33,45,4621,501,19930,499,499,fast
trees_500.newick,33,46,4251,501,19918,499,499,fast
trees_500.newick,33,47,4321,501,19625,499,499,fast
trees_500.newick,33,48,4188,501,19524,499,499,fast
trees_500.newick,33,49,4670,501,19809,499,499,fast
trees_500.newick,34,35,4258,501,19970,499,499,fast
trees_500.newick,34,36,4223,501,19365,499,499,fast
trees_500.newick,34,37,4178,501,19907,499,499,fast
trees_500.newick,34,38,4294,501,19914,499,499,fast
trees_500.newick,34,39,4243,501,19682,499,499,fast
trees_500.newick,34,40,4304,501,19736,499,499,fast
trees_500.newick,34,41,4292,501,19923,499,499,fast
trees_500.newick,34,42,4238,501,19779,499,499,fast
trees_500.newick,34,43,4229,501,19510,499,499,fast
trees_500.newick,34,44,4261,501,19879,499,499,fast
trees_500.newick,34,45,4278,501,19731,499,499,fast
trees_500.newick,34,46,4243,501,19905,499,499,fast
trees_500.newick,34,47,4248,501,19748,499,499,fast
trees_500.newick,34,48,4241,501,19850,499,499,fast
trees_500.newick,34,49,4226,501,19878,499,499,fast
trees_500.newick,35,36,4232,501,19480,499,499,fast
trees_500.newick,35,37,4204,501,19730,499,499,fast
trees_500.newick,35,38,4243,501,19937,499,499,fast
trees_500.newick,35,39,4629,501,20094,499,499,fast
trees_500.newick,35,40,4249,501,19860,499,499,fast
trees_500.newick,35,41,4324,501,19974,499,499,fast
trees_500.newick,35,42,4291,501,19989,499,499,fast
trees_500.newick,35,43,4810,501,19795,499,499,fast
trees_500.newick,35,44,4292,501,19969,499,499,fast
trees_500.newick,35,45,4301,501,19846,499,499,fast
trees_500.newick,35,46,4234,501,19784,499,499,fast
trees_500.newick,35,47,4351,501,19667,499,499,fast
trees_500.newick,35,48,4249,501,19810,499,499,fast
trees_500.newick,35,49,4206,501,19632,499,499,fast
trees_500.newick,36,37,4216,501,19644,499,499,fast
trees_500.newick,36,38,4238,501,19713,499,499,fast
trees_500.newick,36,39,4404,501,19496,499,499,fast
trees_500.newick,36,40,4332,501,19512,499,499,fast
trees_500.newick,36,41,4263,501,19800,499,499,fast
trees_500.newick,36,42,4249,501,19574,499,499,fast
trees_500.newick,36,43,4223,501,19529,499,499,fast
trees_500.newick,36,44,4301,501,19821,499,499,fast
trees_500.newick,36,45,4317,501,19626,499,499,fast
trees_500.newick,36,46,4236,501,19653,499,499,fast
trees_500.newick,36,47,4237,501,19533,499,499,fast
trees_500.newick,36,48,4252,501,19731,499,499,fast
trees_500.newick,36,49,4227,501,19682,499,499,fast
trees_500.newick,37,38,4230,501,19728,499,499,fast
trees_500.newick,37,39,4300,501,19587,499,499,fast
trees_500.newick,37,40,4271,501,19704,499,499,fast
trees_500.newick,37,41,4329,501,19645,499,499,fast
trees_500.newick,37,42,4344,501,20149,499,499,fast
trees_500.newick,37,43,5208,501,19965,499,499,fast
trees_500.newick,37,44,4307,501,20166,499,499,fast
trees_500.newick,37,45,4343,501,19912,499,499,fast
trees_500.newick,37,46,4289,501,20139,499,499,fast
trees_500.newick,37,47,4401,501,19790,499,499,fast
trees_500.newick,37,48,4270,501,20014,499,499,fast
trees_500.newick,37,49,4239,501,19753,499,499,fast
trees_500.newick,38,39,4288,501,19553,499,499,fast
trees_500.newick,38,40,4289,501,19697,499,499,fast
trees_500.newick,38,41,4426,501,19798,499,499,fast
trees_500.newick,38,42,4387,501,19800,499,499,fast
trees_500.newick,38,43,4244,501,19860,499,499,fast
trees_500.newick,38,44,4432,501,19943,499,499,fast
trees_500.newick,38,45,4251,501,19838,499,499,fast
trees_500.newick,38,46,4258,501,19663,499,499,fast
trees_500.newick,38,47,4249,501,19849,499,499,fast
trees_500.newick,38,48,4249,501,19816,499,499,fast
trees_500.newick,38,49,4245,501,19890,499,499,fast
trees_500.newick,39,40,4261,501,19776,499,499,fast
trees_500.newick,39,41,4240,501,19518,499,499,fast
trees_500.newick,39,42,4267,501,19744,499,499,fast
trees_500.newick,39,43,4306,501,19555,499,499,fast
trees_500.newick,39,44,4287,501,19842,499,499,fast
trees_500.newick,39,45,4233,501,19559,499,499,fast
trees_500.newick,39,46,4197,501,19228,499,499,fast
trees_500.newick,39,47,4324,501,19368,499,499,fast
trees_500.newick,39,48,4238,501,19710,499,499,fast
trees_500.newick,39,49,4211,501,19513,499,499,fast
trees_500.newick,40,41,4279,501,19632,499,499,fast
trees_500.newick,40,42,4321,501,19864,499,499,fast
trees_500.newick,40,43,4220,501,19772,499,499,fast
trees_500.newick,40,44,4325,501,19904,499,499,fast
trees_500.newick,40,45,4278,501,19798,499,499,fast
trees_500.newick,40,46,4379,501,19923,499,499,fast
trees_500.newick,40,47,4250,501,19808,499,499,fast
trees_500.newick,40,48,4265,501,19887,499,499,fast
trees_500.newick,40,49,4252,501,19860,499,499,fast
trees_500.newick,41,42,4268,501,19812,499,499,fast
trees_500.newick,41,43,4250,501,19579,499,499,fast
trees_500.newick,41,44,4289,501,20033,499,499,fast
trees_500.newick,41,45,4272,501,19878,499,499,fast
trees_500.newick,41,46,4283,501,19906,499,499,fast
trees_500.newick,41,47,4221,501,19435,499,499,fast
trees_500.newick,41,48,4259,501,19867,499,499,fast
trees_500.newick,41,49,4434,501,19741,499,499,fast
trees_500.newick,42,43,4256,501,19712,499,499,fast
trees_500.newick,42,44,4312,501,20110,499,499,fast
trees_500.newick,42,45,4287,501,19932,499,499,fast
trees_500.newick,42,46,4331,501,19926,499,499,fast
trees_500.newick,42,47,4254,501,19568,499,499,fast
trees_500.newick,42,48,4466,501,19751,499,499,fast
trees_500.newick,42,49,4267,501,19940,499,499,fast
trees_500.newick,43,44,4413,501,20116,499,499,fast
trees_500.newick,43,45,4424,501,19608,499,499,fast
trees_500.newick,43,46,4390,501,19510,499,499,fast
trees_500.newick,43,47,4366,501,19558,499,499,fast
trees_500.newick,43,48,4500,501,19601,499,499,fast
trees_500.newick,43,49,4261,501,19967,499,499,fast
trees_500.newick,44,45,5476,501,19790,499,499,fast
trees_500.newick,44,46,4350,501,20090,499,499,fast
trees_500.newick,44,47,4397,501,19805,499,499,fast
trees_500.newick,44,48,4313,501,19837,499,499,fast
trees_500.newick,44,49,4334,501,20076,499,499,fast
trees_500.newick,45,46,4324,501,19487,499,499,fast
trees_500.newick,45,47,4314,501,19526,499,499,fast
trees_500.newick,45,48,4274,501,19561,499,499,fast
trees_500.newick,45,49,4320,501,19684,499,499,fast
trees_500.newick,46,47,4311,501,19885,499,499,fast
trees_500.newick,46,48,4979,501,19831,499,499,fast
trees_500.newick,46,49,4238,501,19921,499,499,fast
trees_500.newick,47,48,4265,501,19474,499,499,fast
trees_500.newick,47,49,4235,501,20048,499,499,fast
trees_500.newick,48,49,4307,501,19994,499,499,fast
trees_50.newick,0,1,304,51,743,49,49,fast
trees_50.newick,0,2,251,51,729,49,49,fast
trees_50.newick,0,3,252,51,715,49,49,fast
trees_50.newick,0,4,248,51,711,49,49,fast
trees_50.newick,0,5,250,51,675,49,49,fast
trees_50.newick,0,6,254,51,702,49,49,fast
trees_50.newick,0,7,341,51,741,49,49,fast
trees_50.newick,0,8,328,51,687,49,49,fast
trees_50.newick,0,9,410,51,660,49,49,fast
trees_50.newick,0,10,351,51,716,49,49,fast
trees_50.newick,0,11,394,51,733,49,49,fast
trees_50.newick,0,12,351,51,738,49,49,fast
trees_50.newick,0,13,323,51,720,49,49,fast
trees_50.newick,0,14,254,51,697,49,49,fast
trees_50.newick,0,15,252,51,690,49,49,fast
trees_50.newick,0,16,297,51,747,49,49,fast
trees_50.newick,0,17,267,51,767,49,49,fast
trees_50.newick,0,18,316,51,718,49,49,fast
trees_50.newick,0,19,282,51,764,49,49,fast
trees_50.newick,0,20,265,51,704,49,49,fast
trees_50.newick,0,21,262,51,713,49,49,fast
trees_50.newick,0,22,258,51,761,49,49,fast
trees_50.newick,0,23,254,51,738,49,49,fast
trees_50.newick,0,24,250,51,732,49,49,fast
trees_50.newick,0,25,250,51,735,49,49,fast
trees_50.newick,0,26,254,51,716,49,49,fast
trees_50.newick,0,27,249,51,689,49,49,fast
trees_50.newick,0,28,257,51,725,49,49,fast
trees_50.newick,0,29,249,51,701,49,49,fast
trees_50.newick,0,30,254,51,746,49,49,fast
trees_50.newick,0,31,261,51,775,49,49,fast
trees_50.newick,0,32,262,51,779,49,49,fast
trees_50.newick,0,33,250,51,721,49,49,fast
trees_50.newick,0,34,252,51,735,49,49,fast
trees_50.newick,0,35,241,51,660,49,49,fast
trees_50.newick,0,36,265,51,749,49,49,fast
trees_50.newick,0,37,252,51,713,49,49,fast
trees_50.newick,0,38,248,51,707,49,49,fast
trees_50.newick,0,39,244,51,667,49,49,fast
trees_50.newick,0,40,251,51,710,49,49,fast
trees_50.newick,0,41,267,51,746,49,49,fast
trees_50.newick,0,42,252,51,679,49,49,fast
trees_50.newick,0,43,258,51,733,49,49,fast
trees_50.newick,0,44,251,51,741,49,49,fast
trees_50.newick,0,45,351,51,746,49,49,fast
trees_50.newick,0,46,267,51,754,49,49,fast
trees_50.newick,0,47,259,51,701,49,49,fast
trees_50.newick,0,48,252,51,738,49,49,fast
trees_50.newick,0,49,247,51,703,49,49,fast
trees_50.newick,1,2,248,51,703,49,49,fast
trees_50.newick,1,3,256,51,712,49,49,fast
trees_50.newick,1,4,264,51,700,49,49,fast
trees_50.newick,1,5,241,51,664,49,49,fast
trees_50.newick,1,6,248,51,741,49,49,fast
trees_50.newick,1,7,254,51,750,49,49,fast
trees_50.newick,1,8,264,51,770,49,49,fast
trees_50.newick,1,9,255,51,706,49,49,fast
trees_50.newick,1,10,247,51,688,49,49,fast
trees_50.newick,1,11,246,51,699,49,49,fast
trees_50.newick,1,12,253,51,757,49,49,fast
trees_50.newick,1,13,251,51,711,49,49,fast
trees_50.newick,1,14,256,51,789,49,49,fast
trees_50.newick,1,15,324,51,730,49,49,fast
trees_50.newick,1,16,253,51,747,49,49,fast
trees_50.newick,1,17,249,51,698,49,49,fast
trees_50.newick,1,18,248,51,698,49,49,fast
trees_50.newick,1,19,260,51,754,49,49,fast
trees_50.newick,1,20,256,51,766,49,49,fast
trees_50.newick,1,21,248,51,694,49,49,fast
trees_50.newick,1,22,249,51,730,49,49,fast
trees_50.newick,1,23,253,51,767,49,49,fast
trees_50.newick,1,24,251,51,724,49,49,fast
trees_50.newick,1,25,248,51,729,49,49,fast
trees_50.newick,1,26,246,51,710,49,49,fast
trees_50.newick,1,27,250,51,714,49,49,fast
trees_50.newick,1,28,254,51,671,49,49,fast
trees_50.newick,1,29,251,51,713,49,49,fast
trees_50.newick,1,30,251,51,744,49,49,fast
trees_50.newick,1,31,251,51,746,49,49,fast
trees_50.newick,1,32,259,51,764,49,49,fast
trees_50.newick,1,33,261,51,705,49,49,fast
trees_50.newick,1,34,246,51,673,49,49,fast
trees_50.newick,1,35,260,51,720,49,49,fast
trees_50.newick,1,36,253,51,702,49,49,fast
trees_50.newick,1,37,255,51,739,49,49,fast
trees_50.newick,1,38,297,51,675,49,49,fast
trees_50.newick,1,39,249,51,661,49,49,fast
trees_50.newick,1,40,274,51,741,49,49,fast
trees_50.newick,1,41,268,51,744,49,49,fast
trees_50.newick,1,42,265,51,742,49,49,fast
trees_50.newick,1,43,262,51,738,49,49,fast
trees_50.newick,1,44,255,51,719,49,49,fast
trees_50.newick,1,45,252,51,740,49,49,fast
trees_50.newick,1,46,244,51,716,49,49,fast
trees_50.newick,1,47,243,51,653,49,49,fast
trees_50.newick,1,48,261,51,810,49,49,fast
trees_50.newick,1,49,255,51,779,49,49,fast
trees_50.newick,2,3,250,51,698,49,49,fast
trees_50.newick,2,4,244,51,686,49,49,fast
trees_50.newick,2,5,241,51,682,49,49,fast
trees_50.newick,2,6,251,51,713,49,49,fast
trees_50.newick,2,7,254,51,739,49,49,fast
trees_50.newick,2,8,257,51,774,49,49,fast
trees_50.newick,2,9,253,51,767,49,49,fast
trees_50.newick,2,10,246,51,687,49,49,fast
trees_50.newick,2,11,257,51,758,49,49,fast
trees_50.newick,2,12,248,51,709,49,49,fast
trees_50.newick,2,13,246,51,713,49,49,fast
trees_50.newick,2,14,249,51,705,49,49,fast
trees_50.newick,2,15,252,51,717,49,49,fast
trees_50.newick,2,16,249,51,703,49,49,fast
trees_50.newick,2,17,246,51,677,49,49,fast
trees_50.newick,2,18,246,51,697,49,49,fast
trees_50.newick,2,19,245,51,691,49,49,fast
trees_50.newick,2,20,244,51,664,49,49,fast
trees_50.newick,2,21,248,51,680,49,49,fast
trees_50.newick,2,22,250,51,748,49,49,fast
trees_50.newick,2,23,249,51,693,49,49,fast
trees_50.newick,2,24,245,51,730,49,49,fast
trees_50.newick,2,25,250,51,744,49,49,fast
trees_50.newick,2,26,257,51,756,49,49,fast
trees_50.newick,2,27,243,51,669,49,49,fast
trees_50.newick,2,28,256,51,711,49,49,fast
trees_50.newick,2,29,244,51,702,49,49,fast
trees_50.newick,2,30,246,51,694,49,49,fast
trees_50.newick,2,31,371,51,735,49,49,fast
trees_50.newick,2,32,477,51,765,49,49,fast
trees_50.newick,2,33,348,51,710,49,49,fast
trees_50.newick,2,34,251,51,660,49,49,fast
trees_50.newick,2,35,248,51,712,49,49,fast
trees_50.newick,2,36,254,51,696,49,49,fast
trees_50.newick,2,37,247,51,662,49,49,fast
trees_50.newick,2,38,244,51,696,49,49,fast
trees_50.newick,2,39,247,51,658,49,49,fast
trees_50.newick,2,40,248,51,712,49,49,fast
trees_50.newick,2,41,259,51,776,49,49,fast
trees_50.newick,2,42,257,51,740,49,49,fast
trees_50.newick,2,43,246,51,727,49,49,fast
trees_50.newick,2,44,243,51,671,49,49,fast
trees_50.newick,2,45,240,51,645,49,49,fast
trees_50.newick,2,46,240,51,702,49,49,fast
trees_50.newick,2,47,254,51,693,49,49,fast
trees_50.newick,2,48,248,51,742,49,49,fast
trees_50.newick,2,49,250,51,713,49,49,fast
trees_50.newick,3,4,251,51,714,49,49,fast
trees_50.newick,3,5,243,51,690,49,49,fast
trees_50.newick,3,6,254,51,733,49,49,fast
trees_50.newick,3,7,252,51,732,49,49,fast
trees_50.newick,3,8,263,51,754,49,49,fast
trees_50.newick,3,9,244,51,667,49,49,fast
trees_50.newick,3,10,256,51,745,49,49,fast
trees_50.newick,3,11,252,51,713,49,49,fast
trees_50.newick,3,12,254,51,765,49,49,fast
trees_50.newick,3,13,257,51,732,49,49,fast
trees_50.newick,3,14,246,51,667,49,49,fast
trees_50.newick,3,15,247,51,699,49,49,fast
trees_50.newick,3,16,259,51,782,49,49,fast
trees_50.newick,3,17,254,51,744,49,49,fast
trees_50.newick,3,18,259,51,734,49,49,fast
trees_50.newick,3,19,257,51,781,49,49,fast
trees_50.newick,3,20,251,51,705,49,49,fast
trees_50.newick,3,21,252,51,692,49,49,fast
trees_50.newick,3,22,243,51,652,49,49,fast
trees_50.newick,3,23,257,51,729,49,49,fast
trees_50.newick,3,24,251,51,739,49,49,fast
trees_50.newick,3,25,247,51,722,49,49,fast
trees_50.newick,3,26,266,51,734,49,49,fast
trees_50.newick,3,27,249,51,683,49,49,fast
trees_50.newick,3,28,262,51,717,49,49,fast
trees_50.newick,3,29,253,51,717,49,49,fast
trees_50.newick,3,30,258,51,719,49,49,fast
trees_50.newick,3,31,267,51,788,49,49,fast
trees_50.newick,3,32,257,51,699,49,49,fast
trees_50.newick,3,33,264,51,738,49,49,fast
trees_50.newick,3,34,248,51,679,49,49,fast
trees_50.newick,3,35,238,51,645,49,49,fast
trees_50.newick,3,36,261,51,726,49,49,fast
trees_50.newick,3,37,258,51,754,49,49,fast
trees_50.newick,3,38,257,51,737,49,49,fast
trees_50.newick,3,39,251,51,711,49,49,fast
trees_50.newick,3,40,249,51,716,49,49,fast
trees_50.newick,3,41,264,51,744,49,49,fast
trees_50.newick,3,42,251,51,681,49,49,fast
trees_50.newick,3,43,262,51,695,49,49,fast
trees_50.newick,3,44,252,51,732,49,49,fast
trees_50.newick,3,45,288,51,694,49,49,fast
trees_50.newick,3,46,256,51,760,49,49,fast
trees_50.newick,3,47,254,51,744,49,49,fast
trees_50.newick,3,48,242,51,613,49,49,fast
trees_50.newick,3,49,244,51,680,49,49,fast
trees_50.newick,4,5,247,51,724,49,49,fast
trees_50.newick,4,6,251,51,728,49,49,fast
trees_50.newick,4,7,250,51,767,49,49,fast
trees_50.newick,4,8,264,51,809,49,49,fast
trees_50.newick,4,9,252,51,760,49,49,fast
trees_50.newick,4,10,252,51,766,49,49,fast
trees_50.newick,4,11,255,51,755,49,49,fast
trees_50.newick,4,12,248,51,752,49,49,fast
trees_50.newick,4,13,246,51,649,49,49,fast
trees_50.newick,4,14,247,51,735,49,49,fast
trees_50.newick,4,15,249,51,733,49,49,fast
trees_50.newick,4,16,240,51,653,49,49,fast
trees_50.newick,4,17,245,51,694,49,49,fast
trees_50.newick,4,18,258,51,763,49,49,fast
trees_50.newick,4,19,250,51,740,49,49,fast
trees_50.newick,4,20,249,51,721,49,49,fast
trees_50.newick,4,21,243,51,686,49,49,fast
trees_50.newick,4,22,244,51,691,49,49,fast
trees_50.newick,4,23,247,51,684,49,49,fast
trees_50.newick,4,24,249,51,743,49,49,fast
trees_50.newick,4,25,253,51,738,49,49,fast
trees_50.newick,4,26,265,51,706,49,49,fast
trees_50.newick,4,27,247,51,700,49,49,fast
trees_50.newick,4,28,260,51,719,49,49,fast
trees_50.newick,4,29,249,51,754,49,49,fast
trees_50.newick,4,30,250,51,730,49,49,fast
trees_50.newick,4,31,253,51,742,49,49,fast
trees_50.newick,4,32,254,51,752,49,49,fast
trees_50.newick,4,33,253,51,727,49,49,fast
trees_50.newick,4,34,245,51,700,49,49,fast
trees_50.newick,4,35,242,51,684,49,49,fast
trees_50.newick,4,36,248,51,661,49,49,fast
trees_50.newick,4,37,256,51,759,49,49,fast
trees_50.newick,4,38,239,51,694,49,49,fast
trees_50.newick,4,39,244,51,681,49,49,fast
trees_50.newick,4,40,243,51,692,49,49,fast
trees_50.newick,4,41,255,51,743,49,49,fast
trees_50.newick,4,42,252,51,697,49,49,fast
trees_50.newick,4,43,246,51,733,49,49,fast
trees_50.newick,4,44,243,51,710,49,49,fast
trees_50.newick,4,45,244,51,670,49,49,fast
trees_50.newick,4,46,248,51,775,49,49,fast
trees_50.newick,4,47,250,51,701,49,49,fast
trees_50.newick,4,48,241,51,682,49,49,fast
trees_50.newick,4,49,249,51,711,49,49,fast
trees_50.newick,5,6,245,51,726,49,49,fast
trees_50.newick,5,7,241,51,678,49,49,fast
trees_50.newick,5,8,246,51,651,49,49,fast
trees_50.newick,5,9,242,51,677,49,49,fast
trees_50.newick,5,10,248,51,687,49,49,fast
trees_50.newick,5,11,241,51,692,49,49,fast
trees_50.newick,5,12,243,51,695,49,49,fast
trees_50.newick,5,13,245,51,701,49,49,fast
trees_50.newick,5,14,241,51,699,49,49,fast
trees_50.newick,5,15,252,51,707,49,49,fast
trees_50.newick,5,16,242,51,701,49,49,fast
trees_50.newick,5,17,245,51,704,49,49,fast
trees_50.newick,5,18,243,51,701,49,49,fast
trees_50.newick,5,19,244,51,702,49,49,fast
trees_50.newick,5,20,243,51,662,49,49,fast
trees_50.newick,5,21,261,51,717,49,49,fast
trees_50.newick,5,22,248,51,741,49,49,fast
trees_50.newick,5,23,246,51,723,49,49,fast
trees_50.newick,5,24,240,51,665,49,49,fast
trees_50.newick,5,25,243,51,688,49,49,fast
trees_50.newick,5,26,242,51,665,49,49,fast
trees_50.newick,5,27,246,51,669,49,49,fast
trees_50.newick,5,28,261,51,644,49,49,fast
trees_50.newick,5,29,253,51,750,49,49,fast
trees_50.newick,5,30,248,51,738,49,49,fast
trees_50.newick,5,31,247,51,726,49,49,fast
trees_50.newick,5,32,251,51,718,49,49,fast
trees_50.newick,5,33,240,51,661,49,49,fast
trees_50.newick,5,34,253,51,726,49,49,fast
trees_50.newick,5,35,238,51,673,49,49,fast
trees_50.newick,5,36,248,51,707,49,49,fast
trees_50.newick,5,37,243,51,662,49,49,fast
trees_50.newick,5,38,241,51,700,49,49,fast
trees_50.newick,5,39,244,51,680,49,49,fast
trees_50.newick,5,40,246,51,741,49,49,fast
trees_50.newick,5,41,251,51,695,49,49,fast
trees_50.newick,5,42,243,51,695,49,49,fast
trees_50.newick,5,43,242,51,713,49,49,fast
trees_50.newick,5,44,245,51,704,49,49,fast
trees_50.newick,5,45,246,51,734,49,49,fast
trees_50.newick,5,46,239,51,726,49,49,fast
trees_50.newick,5,47,243,51,706,49,49,fast
trees_50.newick,5,48,235,51,660,49,49,fast
trees_50.newick,5,49,238,51,685,49,49,fast
trees_50.newick,6,7,243,51,648,49,49,fast
trees_50.newick,6,8,254,51,752,49,49,fast
trees_50.newick,6,9,241,51,659,49,49,fast
trees_50.newick,6,10,252,51,750,49,49,fast
trees_50.newick,6,11,239,51,627,49,49,fast
trees_50.newick,6,12,254,51,733,49,49,fast
trees_50.newick,6,13,254,51,754,49,49,fast
trees_50.newick,6,14,249,51,736,49,49,fast
trees_50.newick,6,15,246,51,686,49,49,fast
trees_50.newick,6,16,244,51,721,49,49,fast
trees_50.newick,6,17,253,51,719,49,49,fast
trees_50.newick,6,18,257,51,776,49,49,fast
trees_50.newick,6,19,251,51,738,49,49,fast
trees_50.newick,6,20,250,51,729,49,49,fast
trees_50.newick,6,21,274,51,691,49,49,fast
trees_50.newick,6,22,259,51,778,49,49,fast
trees_50.newick,6,23,256,51,736,49,49,fast
trees_50.newick,6,24,252,51,761,49,49,fast
trees_50.newick,6,25,255,51,746,49,49,fast
trees_50.newick,6,26,257,51,700,49,49,fast
trees_50.newick,6,27,255,51,696,49,49,fast
trees_50.newick,6,28,259,51,684,49,49,fast
trees_50.newick,6,29,250,51,671,49,49,fast
trees_50.newick,6,30,259,51,759,49,49,fast
trees_50.newick,6,31,250,51,743,49,49,fast
trees_50.newick,6,32,265,51,807,49,49,fast
trees_50.newick,6,33,255,51,726,49,49,fast
trees_50.newick,6,34,247,51,707,49,49,fast
trees_50.newick,6,35,238,51,654,49,49,fast
trees_50.newick,6,36,252,51,722,49,49,fast
trees_50.newick,6,37,256,51,702,49,49,fast
trees_50.newick,6,38,247,51,676,49,49,fast
trees_50.newick,6,39,240,51,652,49,49,fast
trees_50.newick,6,40,245,51,689,49,49,fast
trees_50.newick,6,41,257,51,778,49,49,fast
trees_50.newick,6,42,255,51,734,49,49,fast
trees_50.newick,6,43,245,51,647,49,49,fast
trees_50.newick,6,44,243,51,686,49,49,fast
trees_50.newick,6,45,249,51,734,49,49,fast
trees_50.newick,6,46,248,51,778,49,49,fast
trees_50.newick,6,47,255,51,744,49,49,fast
trees_50.newick,6,48,253,51,745,49,49,fast
trees_50.newick,6,49,244,51,720,49,49,fast
trees_50.newick,7,8,255,51,741,49,49,fast
trees_50.newick,7,9,243,51,670,49,49,fast
trees_50.newick,7,10,251,51,706,49,49,fast
trees_50.newick,7,11,244,51,694,49,49,fast
trees_50.newick,7,12,240,51,666,49,49,fast
trees_50.newick,7,13,241,51,671,49,49,fast
trees_50.newick,7,14,241,51,674,49,49,fast
trees_50.newick,7,15,248,51,715,49,49,fast
trees_50.newick,7,16,241,51,700,49,49,fast
trees_50.newick,7,17,249,51,731,49,49,fast
trees_50.newick,7,18,243,51,676,49,49,fast
trees_50.newick,7,19,241,51,648,49,49,fast
trees_50.newick,7,20,249,51,730,49,49,fast
trees_50.newick,7,21,277,51,711,49,49,fast
trees_50.newick,7,22,257,51,737,49,49,fast
trees_50.newick,7,23,249,51,720,49,49,fast
trees_50.newick,7,24,250,51,745,49,49,fast
trees_50.newick,7,25,247,51,712,49,49,fast
trees_50.newick,7,26,248,51,677,49,49,fast
trees_50.newick,7,27,257,51,752,49,49,fast
trees_50.newick,7,28,248,51,701,49,49,fast
trees_50.newick,7,29,245,51,724,49,49,fast
trees_50.newick,7,30,247,51,719,49,49,fast
trees_50.newick,7,31,249,51,694,49,49,fast
trees_50.newick,7,32,262,51,758,49,49,fast
trees_50.newick,7,33,243,51,675,49,49,fast
trees_50.newick,7,34,241,51,677,49,49,fast
trees_50.newick,7,35,242,51,706,49,49,fast
trees_50.newick,7,36,252,51,698,49,49,fast
trees_50.newick,7,37,246,51,662,49,49,fast
trees_50.newick,7,38,242,51,697,49,49,fast
trees_50.newick,7,39,247,51,699,49,49,fast
trees_50.newick,7,40,248,51,730,49,49,fast
trees_50.newick,7,41,257,51,758,49,49,fast
trees_50.newick,7,42,242,51,609,49,49,fast
trees_50.newick,7,43,244,51,704,49,49,fast
trees_50.newick,7,44,246,51,740,49,49,fast
trees_50.newick,7,45,249,51,727,49,49,fast
trees_50.newick,7,46,239,51,718,49,49,fast
trees_50.newick,7,47,244,51,686,49,49,fast
trees_50.newick,7,48,247,51,745,49,49,fast
trees_50.newick,7,49,242,51,708,49,49,fast
trees_50.newick,8,9,254,51,725,49,49,fast
trees_50.newick,8,10,250,51,718,49,49,fast
trees_50.newick,8,11,253,51,745,49,49,fast
trees_50.newick,8,12,256,51,782,49,49,fast
trees_50.newick,8,13,251,51,736,49,49,fast
trees_50.newick,8,14,256,51,777,49,49,fast
trees_50.newick,8,15,252,51,728,49,49,fast
trees_50.newick,8,16,246,51,693,49,49,fast
trees_50.newick,8,17,256,51,759,49,49,fast
trees_50.newick,8,18,255,51,760,49,49,fast
trees_50.newick,8,19,255,51,766,49,49,fast
trees_50.newick,8,20,255,51,727,49,49,fast
trees_50.newick,8,21,257,51,761,49,49,fast
trees_50.newick,8,22,252,51,760,49,49,fast
trees_50.newick,8,23,249,51,721,49,49,fast
trees_50.newick,8,24,299,51,649,49,49,fast
trees_50.newick,8,25,337,51,679,49,49,fast
trees_50.newick,8,26,254,51,680,49,49,fast
trees_50.newick,8,27,276,51,710,49,49,fast
trees_50.newick,8,28,251,51,689,49,49,fast
trees_50.newick,8,29,245,51,697,49,49,fast
trees_50.newick,8,30,259,51,761,49,49,fast
trees_50.newick,8,31,262,51,763,49,49,fast
trees_50.newick,8,32,259,51,786,49,49,fast
trees_50.newick,8,33,250,51,726,49,49,fast
trees_50.newick,8,34,250,51,725,49,49,fast
trees_50.newick,8,35,248,51,699,49,49,fast
trees_50.newick,8,36,264,51,757,49,49,fast
trees_50.newick,8,37,249,51,699,49,49,fast
trees_50.newick,8,38,243,51,709,49,49,fast
trees_50.newick,8,39,252,51,752,49,49,fast
trees_50.newick,8,40,254,51,731,49,49,fast
trees_50.newick,8,41,260,51,726,49,49,fast
trees_50.newick,8,42,254,51,726,49,49,fast
trees_50.newick,8,43,250,51,747,49,49,fast
trees_50.newick,8,44,244,51,707,49,49,fast
trees_50.newick,8,45,252,51,700,49,49,fast
trees_50.newick,8,46,252,51,728,49,49,fast
trees_50.newick,8,47,252,51,719,49,49,fast
trees_50.newick,8,48,251,51,753,49,49,fast
trees_50.newick,8,49,246,51,729,49,49,fast
trees_50.newick,9,10,249,51,712,49,49,fast
trees_50.newick,9,11,246,51,708,49,49,fast
trees_50.newick,9,12,254,51,775,49,49,fast
trees_50.newick,9,13,245,51,712,49,49,fast
trees_50.newick,9,14,253,51,760,49,49,fast
trees_50.newick,9,15,244,51,672,49,49,fast
trees_50.newick,9,16,244,51,703,49,49,fast
trees_50.newick,9,17,249,51,714,49,49,fast
trees_50.newick,9,18,246,51,703,49,49,fast
trees_50.newick,9,19,251,51,756,49,49,fast
trees_50.newick,9,20,246,51,689,49,49,fast
trees_50.newick,9,21,247,51,685,49,49,fast
trees_50.newick,9,22,258,51,738,49,49,fast
trees_50.newick,9,23,253,51,759,49,49,fast
trees_50.newick,9,24,245,51,736,49,49,fast
trees_50.newick,9,25,249,51,756,49,49,fast
trees_50.newick,9,26,241,51,664,49,49,fast
trees_50.newick,9,27,248,51,737,49,49,fast
trees_50.newick,9,28,254,51,752,49,49,fast
trees_50.newick,9,29,244,51,708,49,49,fast
trees_50.newick,9,30,249,51,723,49,49,fast
trees_50.newick,9,31,259,51,767,49,49,fast
trees_50.newick,9,32,254,51,761,49,49,fast
trees_50.newick,9,33,240,51,640,49,49,fast
trees_50.newick,9,34,254,51,760,49,49,fast
trees_50.newick,9,35,244,51,716,49,49,fast
trees_50.newick,9,36,259,51,753,49,49,fast
trees_50.newick,9,37,257,51,729,49,49,fast
trees_50.newick,9,38,248,51,751,49,49,fast
trees_50.newick,9,39,253,51,756,49,49,fast
trees_50.newick,9,40,243,51,697,49,49,fast
trees_50.newick,9,41,263,51,758,49,49,fast
trees_50.newick,9,42,254,51,701,49,49,fast
trees_50.newick,9,43,243,51,692,49,49,fast
trees_50.newick,9,44,254,51,792,49,49,fast
trees_50.newick,9,45,241,51,661,49,49,fast
trees_50.newick,9,46,245,51,708,49,49,fast
trees_50.newick,9,47,254,51,707,49,49,fast
trees_50.newick,9,48,251,51,755,49,49,fast
trees_50.newick,9,49,242,51,688,49,49,fast
trees_50.newick,10,11,250,51,737,49,49,fast
trees_50.newick,10,12,251,51,711,49,49,fast
trees_50.newick,10,13,254,51,719,49,49,fast
trees_50.newick,10,14,244,51,681,49,49,fast
trees_50.newick,10,15,249,51,728,49,49,fast
trees_50.newick,10,16,244,51,699,49,49,fast
trees_50.newick,10,17,256,51,734,49,49,fast
trees_50.newick,10,18,253,51,710,49,49,fast
trees_50.newick,10,19,250,51,716,49,49,fast
trees_50.newick,10,20,246,51,681,49,49,fast
trees_50.newick,10,21,248,51,697,49,49,fast
trees_50.newick,10,22,251,51,764,49,49,fast
trees_50.newick,10,23,258,51,760,49,49,fast
trees_50.newick,10,24,247,51,737,49,49,fast
trees_50.newick,10,25,248,51,733,49,49,fast
trees_50.newick,10,26,266,51,714,49,49,fast
trees_50.newick,10,27,253,51,706,49,49,fast
trees_50.newick,10,28,259,51,733,49,49,fast
trees_50.newick,10,29,244,51,703,49,49,fast
trees_50.newick,10,30,245,51,706,49,49,fast
trees_50.newick,10,31,250,51,749,49,49,fast
trees_50.newick,10,32,259,51,794,49,49,fast
trees_50.newick,10,33,257,51,747,49,49,fast
trees_50.newick,10,34,245,51,698,49,49,fast
trees_50.newick,10,35,234,51,633,49,49,fast
trees_50.newick,10,36,257,51,758,49,49,fast
trees_50.newick,10,37,248,51,702,49,49,fast
trees_50.newick,10,38,243,51,698,49,49,fast
trees_50.newick,10,39,249,51,740,49,49,fast
trees_50.newick,10,40,252,51,755,49,49,fast
trees_50.newick,10,41,246,51,696,49,49,fast
trees_50.newick,10,42,256,51,768,49,49,fast
trees_50.newick,10,43,248,51,720,49,49,fast
trees_50.newick,10,44,245,51,725,49,49,fast
trees_50.newick,10,45,253,51,732,49,49,fast
trees_50.newick,10,46,244,51,734,49,49,fast
trees_50.newick,10,47,242,51,671,49,49,fast
trees_50.newick,10,48,252,51,755,49,49,fast
trees_50.newick,10,49,243,51,705,49,49,fast
trees_50.newick,11,12,248,51,732,49,49,fast
trees_50.newick,11,13,242,51,702,49,49,fast
trees_50.newick,11,14,243,51,673,49,49,fast
trees_50.newick,11,15,253,51,735,49,49,fast
trees_50.newick,11,16,253,51,773,49,49,fast
trees_50.newick,11,17,244,51,693,49,49,fast
trees_50.newick,11,18,251,51,755,49,49,fast
trees_50.newick,11,19,239,51,641,49,49,fast
trees_50.newick,11,20,253,51,734,49,49,fast
trees_50.newick,11,21,256,51,753,49,49,fast
trees_50.newick,11,22,243,51,703,49,49,fast
trees_50.newick,11,23,252,51,770,49,49,fast
trees_50.newick,11,24,251,51,745,49,49,fast
trees_50.newick,11,25,295,51,749,49,49,fast
trees_50.newick,11,26,257,51,734,49,49,fast
trees_50.newick,11,27,343,51,776,49,49,fast
trees_50.newick,11,28,249,51,700,49,49,fast
trees_50.newick,11,29,354,51,769,49,49,fast
trees_50.newick,11,30,248,51,705,49,49,fast
trees_50.newick,11,31,349,51,779,49,49,fast
trees_50.newick,11,32,461,51,781,49,49,fast
trees_50.newick,11,33,310,51,720,49,49,fast
trees_50.newick,11,34,254,51,757,49,49,fast
trees_50.newick,11,35,246,51,681,49,49,fast
trees_50.newick,11,36,389,51,738,49,49,fast
trees_50.newick,11,37,356,51,752,49,49,fast
trees_50.newick,11,38,443,51,685,49,49,fast
trees_50.newick,11,39,340,51,726,49,49,fast
trees_50.newick,11,40,347,51,771,49,49,fast
trees_50.newick,11,41,261,51,808,49,49,fast
trees_50.newick,11,42,248,51,703,49,49,fast
trees_50.newick,11,43,256,51,788,49,49,fast
trees_50.newick,11,44,253,51,768,49,49,fast
trees_50.newick,11,45,249,51,720,49,49,fast
trees_50.newick,11,46,246,51,715,49,49,fast
trees_50.newick,11,47,337,51,750,49,49,fast
trees_50.newick,11,48,409,51,746,49,49,fast
trees_50.newick,11,49,411,51,752,49,49,fast
trees_50.newick,12,13,369,51,741,49,49,fast
trees_50.newick,12,14,255,51,700,49,49,fast
trees_50.newick,12,15,256,51,739,49,49,fast
trees_50.newick,12,16,262,51,759,49,49,fast
trees_50.newick,12,17,272,51,744,49,49,fast
trees_50.newick,12,18,258,51,789,49,49,fast
trees_50.newick,12,19,251,51,722,49,49,fast
trees_50.newick,12,20,260,51,722,49,49,fast
trees_50.newick,12,21,261,51,713,49,49,fast
trees_50.newick,12,22,251,51,759,49,49,fast
trees_50.newick,12,23,253,51,734,49,49,fast
trees_50.newick,12,24,478,51,756,49,49,fast
trees_50.newick,12,25,484,51,748,49,49,fast
trees_50.newick,12,26,473,51,749,49,49,fast
trees_50.newick,12,27,482,51,712,49,49,fast
trees_50.newick,12,28,483,51,730,49,49,fast
trees_50.newick,12,29,488,51,806,49,49,fast
trees_50.newick,12,30,299,51,713,49,49,fast
trees_50.newick,12,31,250,51,735,49,49,fast
trees_50.newick,12,32,263,51,800,49,49,fast
trees_50.newick,12,33,261,51,687,49,49,fast
trees_50.newick,12,34,259,51,746,49,49,fast
trees_50.newick,12,35,253,51,683,49,49,fast
trees_50.newick,12,36,262,51,717,49,49,fast
trees_50.newick,12,37,259,51,754,49,49,fast
trees_50.newick,12,38,249,51,698,49,49,fast
trees_50.newick,12,39,258,51,714,49,49,fast
trees_50.newick,12,40,263,51,782,49,49,fast
trees_50.newick,12,41,265,51,838,49,49,fast
trees_50.newick,12,42,246,51,712,49,49,fast
trees_50.newick,12,43,248,51,741,49,49,fast
trees_50.newick,12,44,253,51,716,49,49,fast
trees_50.newick,12,45,256,51,718,49,49,fast
trees_50.newick,12,46,243,51,721,49,49,fast
trees_50.newick,12,47,247,51,713,49,49,fast
trees_50.newick,12,48,244,51,711,49,49,fast
trees_50.newick,12,49,254,51,766,49,49,fast
trees_50.newick,13,14,260,51,728,49,49,fast
trees_50.newick,13,15,248,51,695,49,49,fast
trees_50.newick,13,16,239,51,674,49,49,fast
trees_50.newick,13,17,248,51,723,49,49,fast
trees_50.newick,13,18,250,51,689,49,49,fast
trees_50.newick,13,19,301,51,678,49,49,fast
trees_50.newick,13,20,265,51,701,49,49,fast
trees_50.newick,13,21,257,51,704,49,49,fast
trees_50.newick,13,22,260,51,737,49,49,fast
trees_50.newick,13,23,248,51,679,49,49,fast
trees_50.newick,13,24,250,51,707,49,49,fast
trees_50.newick,13,25,247,51,723,49,49,fast
trees_50.newick,13,26,244,51,681,49,49,fast
trees_50.newick,13,27,239,51,648,49,49,fast
trees_50.newick,13,28,257,51,743,49,49,fast
trees_50.newick,13,29,253,51,716,49,49,fast
trees_50.newick,13,30,247,51,699,49,49,fast
trees_50.newick,13,31,254,51,718,49,49,fast
trees_50.newick,13,32,268,51,778,49,49,fast
trees_50.newick,13,33,254,51,689,49,49,fast
trees_50.newick,13,34,256,51,712,49,49,fast
trees_50.newick,13,35,242,51,705,49,49,fast
trees_50.newick,13,36,250,51,710,49,49,fast
trees_50.newick,13,37,248,51,699,49,49,fast
trees_50.newick,13,38,240,51,677,49,49,fast
trees_50.newick,13,39,251,51,683,49,49,fast
trees_50.newick,13,40,248,51,737,49,49,fast
trees_50.newick,13,41,256,51,765,49,49,fast
trees_50.newick,13,42,240,51,656,49,49,fast
trees_50.newick,13,43,249,51,750,49,49,fast
trees_50.newick,13,44,248,51,670,49,49,fast
trees_50.newick,13,45,251,51,737,49,49,fast
trees_50.newick,13,46,239,51,683,49,49,fast
trees_50.newick,13,47,251,51,748,49,49,fast
trees_50.newick,13,48,240,51,682,49,49,fast
trees_50.newick,13,49,247,51,751,49,49,fast
trees_50.newick,14,15,259,51,764,49,49,fast
trees_50.newick,14,16,243,51,688,49,49,fast
trees_50.newick,14,17,249,51,692,49,49,fast
trees_50.newick,14,18,246,51,692,49,49,fast
trees_50.newick,14,19,255,51,711,49,49,fast
trees_50.newick,14,20,252,51,729,49,49,fast
trees_50.newick,14,21,250,51,702,49,49,fast
trees_50.newick,14,22,248,51,720,49,49,fast
trees_50.newick,14,23,249,51,734,49,49,fast
trees_50.newick,14,24,251,51,705,49,49,fast
trees_50.newick,14,25,473,51,701,49,49,fast
trees_50.newick,14,26,471,51,706,49,49,fast
trees_50.newick,14,27,291,51,693,49,49,fast
trees_50.newick,14,28,248,51,699,49,49,fast
trees_50.newick,14,29,246,51,715,49,49,fast
trees_50.newick,14,30,248,51,710,49,49,fast
trees_50.newick,14,31,245,51,704,49,49,fast
trees_50.newick,14,32,266,51,784,49,49,fast
trees_50.newick,14,33,251,51,739,49,49,fast
trees_50.newick,14,34,247,51,684,49,49,fast
trees_50.newick,14,35,241,51,695,49,49,fast
trees_50.newick,14,36,255,51,719,49,49,fast
trees_50.newick,14,37,257,51,715,49,49,fast
trees_50.newick,14,38,240,51,654,49,49,fast
trees_50.newick,14,39,248,51,720,49,49,fast
trees_50.newick,14,40,249,51,737,49,49,fast
trees_50.newick,14,41,258,51,769,49,49,fast
trees_50.newick,14,42,248,51,643,49,49,fast
trees_50.newick,14,43,251,51,720,49,49,fast
trees_50.newick,14,44,244,51,716,49,49,fast
trees_50.newick,14,45,244,51,697,49,49,fast
trees_50.newick,14,46,242,51,703,49,49,fast
trees_50.newick,14,47,255,51,736,49,49,fast
trees_50.newick,14,48,242,51,623,49,49,fast
trees_50.newick,14,49,244,51,717,49,49,fast
trees_50.newick,15,16,239,51,641,49,49,fast
trees_50.newick,15,17,254,51,761,49,49,fast
trees_50.newick,15,18,249,51,740,49,49,fast
trees_50.newick,15,19,258,51,755,49,49,fast
trees_50.newick,15,20,244,51,679,49,49,fast
trees_50.newick,15,21,246,51,710,49,49,fast
trees_50.newick,15,22,249,51,730,49,49,fast
trees_50.newick,15,23,231,51,601,49,49,fast
trees_50.newick,15,24,244,51,699,49,49,fast
trees_50.newick,15,25,241,51,714,49,49,fast
trees_50.newick,15,26,246,51,716,49,49,fast
trees_50.newick,15,27,240,51,656,49,49,fast
trees_50.newick,15,28,250,51,714,49,49,fast
trees_50.newick,15,29,247,51,714,49,49,fast
trees_50.newick,15,30,241,51,667,49,49,fast
trees_50.newick,15,31,248,51,760,49,49,fast
trees_50.newick,15,32,484,51,727,49,49,fast
trees_50.newick,15,33,242,51,631,49,49,fast
trees_50.newick,15,34,248,51,718,49,49,fast
trees_50.newick,15,35,244,51,676,49,49,fast
trees_50.newick,15,36,247,51,688,49,49,fast
trees_50.newick,15,37,245,51,668,49,49,fast
trees_50.newick,15,38,247,51,703,49,49,fast
trees_50.newick,15,39,247,51,730,49,49,fast
trees_50.newick,15,40,247,51,714,49,49,fast
trees_50.newick,15,41,281,51,788,49,49,fast
trees_50.newick,15,42,250,51,738,49,49,fast
trees_50.newick,15,43,248,51,667,49,49,fast
trees_50.newick,15,44,249,51,683,49,49,fast
trees_50.newick,15,45,261,51,697,49,49,fast
trees_50.newick,15,46,249,51,699,49,49,fast
trees_50.newick,15,47,253,51,700,49,49,fast
trees_50.newick,15,48,253,51,702,49,49,fast
trees_50.newick,15,49,244,51,714,49,49,fast
trees_50.newick,16,17,253,51,712,49,49,fast
trees_50.newick,16,18,251,51,724,49,49,fast
trees_50.newick,16,19,249,51,688,49,49,fast
trees_50.newick,16,20,256,51,708,49,49,fast
trees_50.newick,16,21,243,51,669,49,49,fast
trees_50.newick,16,22,251,51,754,49,49,fast
trees_50.newick,16,23,250,51,720,49,49,fast
trees_50.newick,16,24,241,51,678,49,49,fast
trees_50.newick,16,25,252,51,722,49,49,fast
trees_50.newick,16,26,242,51,665,49,49,fast
trees_50.newick,16,27,253,51,739,49,49,fast
trees_50.newick,16,28,256,51,734,49,49,fast
trees_50.newick,16,29,253,51,765,49,49,fast
trees_50.newick,16,30,263,51,742,49,49,fast
trees_50.newick,16,31,275,51,754,49,49,fast
trees_50.newick,16,32,479,51,735,49,49,fast
trees_50.newick,16,33,469,51,711,49,49,fast
trees_50.newick,16,34,402,51,683,49,49,fast
trees_50.newick,16,35,332,51,695,49,49,fast
trees_50.newick,16,36,346,51,700,49,49,fast
trees_50.newick,16,37,311,51,733,49,49,fast
trees_50.newick,16,38,248,51,716,49,49,fast
trees_50.newick,16,39,254,51,711,49,49,fast
trees_50.newick,16,40,365,51,724,49,49,fast
trees_50.newick,16,41,514,51,752,49,49,fast
trees_50.newick,16,42,465,51,723,49,49,fast
trees_50.newick,16,43,255,51,747,49,49,fast
trees_50.newick,16,44,243,51,690,49,49,fast
trees_50.newick,16,45,256,51,761,49,49,fast
trees_50.newick,16,46,287,51,762,49,49,fast
trees_50.newick,16,47,249,51,697,49,49,fast
trees_50.newick,16,48,247,51,711,49,49,fast
trees_50.newick,16,49,255,51,723,49,49,fast
trees_50.newick,17,18,261,51,733,49,49,fast
trees_50.newick,17,19,254,51,723,49,49,fast
trees_50.newick,17,20,245,51,598,49,49,fast
trees_50.newick,17,21,296,51,675,49,49,fast
trees_50.newick,17,22,335,51,733,49,49,fast
trees_50.newick,17,23,320,51,730,49,49,fast
trees_50.newick,17,24,355,51,776,49,49,fast
trees_50.newick,17,25,398,51,757,49,49,fast
trees_50.newick,17,26,361,51,751,49,49,fast
trees_50.newick,17,27,357,51,744,49,49,fast
trees_50.newick,17,28,253,51,718,49,49,fast
trees_50.newick,17,29,248,51,710,49,49,fast
trees_50.newick,17,30,254,51,690,49,49,fast
trees_50.newick,17,31,252,51,775,49,49,fast
trees_50.newick,17,32,285,51,720,49,49,fast
trees_50.newick,17,33,345,51,747,49,49,fast
trees_50.newick,17,34,325,51,732,49,49,fast
trees_50.newick,17,35,329,51,751,49,49,fast
trees_50.newick,17,36,425,51,723,49,49,fast
trees_50.newick,17,37,489,51,708,49,49,fast
trees_50.newick,17,38,479,51,682,49,49,fast
trees_50.newick,17,39,425,51,720,49,49,fast
trees_50.newick,17,40,480,51,667,49,49,fast
trees_50.newick,17,41,262,51,766,49,49,fast
trees_50.newick,17,42,305,51,737,49,49,fast
trees_50.newick,17,43,254,51,740,49,49,fast
trees_50.newick,17,44,253,51,755,49,49,fast
trees_50.newick,17,45,285,51,711,49,49,fast
trees_50.newick,17,46,243,51,724,49,49,fast
trees_50.newick,17,47,256,51,723,49,49,fast
trees_50.newick,17,48,292,51,684,49,49,fast
trees_50.newick,17,49,245,51,700,49,49,fast
trees_50.newick,18,19,260,51,715,49,49,fast
trees_50.newick,18,20,251,51,724,49,49,fast
trees_50.newick,18,21,265,51,657,49,49,fast
trees_50.newick,18,22,320,51,733,49,49,fast
trees_50.newick,18,23,261,51,679,49,49,fast
trees_50.newick,18,24,256,51,754,49,49,fast
trees_50.newick,18,25,273,51,737,49,49,fast
trees_50.newick,18,26,251,51,669,49,49,fast
trees_50.newick,18,27,484,51,745,49,49,fast
trees_50.newick,18,28,315,51,752,49,49,fast
trees_50.newick,18,29,360,51,725,49,49,fast
trees_50.newick,18,30,250,51,719,49,49,fast
trees_50.newick,18,31,248,51,731,49,49,fast
trees_50.newick,18,32,260,51,724,49,49,fast
trees_50.newick,18,33,252,51,746,49,49,fast
trees_50.newick,18,34,258,51,726,49,49,fast
trees_50.newick,18,35,243,51,704,49,49,fast
trees_50.newick,18,36,255,51,716,49,49,fast
trees_50.newick,18,37,263,51,783,49,49,fast
trees_50.newick,18,38,245,51,707,49,49,fast
trees_50.newick,18,39,259,51,772,49,49,fast
trees_50.newick,18,40,255,51,733,49,49,fast
trees_50.newick,18,41,256,51,712,49,49,fast
trees_50.newick,18,42,294,51,688,49,49,fast
trees_50.newick,18,43,447,51,676,49,49,fast
trees_50.newick,18,44,437,51,755,49,49,fast
trees_50.newick,18,45,350,51,723,49,49,fast
trees_50.newick,18,46,246,51,761,49,49,fast
trees_50.newick,18,47,484,51,725,49,49,fast
trees_50.newick,18,48,317,51,731,49,49,fast
trees_50.newick,18,49,271,51,740,49,49,fast
trees_50.newick,19,20,293,51,744,49,49,fast
trees_50.newick,19,21,258,51,749,49,49,fast
trees_50.newick,19,22,252,51,777,49,49,fast
trees_50.newick,19,23,251,51,761,49,49,fast
trees_50.newick,19,24,368,51,686,49,49,fast
trees_50.newick,19,25,346,51,720,49,49,fast
trees_50.newick,19,26,345,51,758,49,49,fast
trees_50.newick,19,27,366,51,739,49,49,fast
trees_50.newick,19,28,357,51,735,49,49,fast
trees_50.newick,19,29,428,51,752,49,49,fast
trees_50.newick,19,30,353,51,766,49,49,fast
trees_50.newick,19,31,248,51,734,49,49,fast
trees_50.newick,19,32,256,51,785,49,49,fast
trees_50.newick,19,33,248,51,741,49,49,fast
trees_50.newick,19,34,252,51,745,49,49,fast
trees_50.newick,19,35,243,51,727,49,49,fast
trees_50.newick,19,36,248,51,686,49,49,fast
trees_50.newick,19,37,249,51,724,49,49,fast
trees_50.newick,19,38,245,51,727,49,49,fast
trees_50.newick,19,39,251,51,739,49,49,fast
trees_50.newick,19,40,248,51,757,49,49,fast
trees_50.newick,19,41,249,51,702,49,49,fast
trees_50.newick,19,42,239,51,633,49,49,fast
trees_50.newick,19,43,252,51,756,49,49,fast
trees_50.newick,19,44,252,51,793,49,49,fast
trees_50.newick,19,45,251,51,757,49,49,fast
trees_50.newick,19,46,244,51,721,49,49,fast
trees_50.newick,19,47,248,51,727,49,49,fast
trees_50.newick,19,48,258,51,772,49,49,fast
trees_50.newick,19,49,242,51,713,49,49,fast
trees_50.newick,20,21,250,51,717,49,49,fast
trees_50.newick,20,22,259,51,794,49,49,fast
trees_50.newick,20,23,316,51,688,49,49,fast
trees_50.newick,20,24,258,51,738,49,49,fast
trees_50.newick,20,25,246,51,698,49,49,fast
trees_50.newick,20,26,244,51,681,49,49,fast
trees_50.newick,20,27,248,51,716,49,49,fast
trees_50.newick,20,28,261,51,717,49,49,fast
trees_50.newick,20,29,252,51,729,49,49,fast
trees_50.newick,20,30,253,51,754,49,49,fast
trees_50.newick,20,31,254,51,772,49,49,fast
trees_50.newick,20,32,253,51,770,49,49,fast
trees_50.newick,20,33,251,51,723,49,49,fast
trees_50.newick,20,34,261,51,723,49,49,fast
trees_50.newick,20,35,248,51,714,49,49,fast
trees_50.newick,20,36,260,51,732,49,49,fast
trees_50.newick,20,37,248,51,700,49,49,fast
trees_50.newick,20,38,241,51,700,49,49,fast
trees_50.newick,20,39,256,51,723,49,49,fast
trees_50.newick,20,40,242,51,680,49,49,fast
trees_50.newick,20,41,260,51,811,49,49,fast
trees_50.newick,20,42,252,51,740,49,49,fast
trees_50.newick,20,43,246,51,733,49,49,fast
trees_50.newick,20,44,247,51,694,49,49,fast
trees_50.newick,20,45,246,51,701,49,49,fast
trees_50.newick,20,46,242,51,711,49,49,fast
trees_50.newick,20,47,243,51,668,49,49,fast
trees_50.newick,20,48,246,51,727,49,49,fast
trees_50.newick,20,49,246,51,682,49,49,fast
trees_50.newick,21,22,252,51,753,49,49,fast
trees_50.newick,21,23,247,51,725,49,49,fast
trees_50.newick,21,24,250,51,742,49,49,fast
trees_50.newick,21,25,248,51,749,49,49,fast
trees_50.newick,21,26,242,51,645,49,49,fast
trees_50.newick,21,27,244,51,707,49,49,fast
trees_50.newick,21,28,243,51,670,49,49,fast
trees_50.newick,21,29,247,51,703,49,49,fast
trees_50.newick,21,30,244,51,717,49,49,fast
trees_50.newick,21,31,244,51,736,49,49,fast
trees_50.newick,21,32,242,51,663,49,49,fast
trees_50.newick,21,33,237,51,630,49,49,fast
trees_50.newick,21,34,248,51,690,49,49,fast
trees_50.newick,21,35,324,51,623,49,49,fast
trees_50.newick,21,36,523,51,701,49,49,fast
trees_50.newick,21,37,512,51,726,49,49,fast
trees_50.newick,21,38,496,51,669,49,49,fast
trees_50.newick,21,39,508,51,689,49,49,fast
trees_50.newick,21,40,504,51,740,49,49,fast
trees_50.newick,21,41,525,51,742,49,49,fast
trees_50.newick,21,42,506,51,711,49,49,fast
trees_50.newick,21,43,496,51,670,49,49,fast
trees_50.newick,21,44,509,51,747,49,49,fast
trees_50.newick,21,45,504,51,725,49,49,fast
trees_50.newick,21,46,507,51,741,49,49,fast
trees_50.newick,21,47,505,51,715,49,49,fast
trees_50.newick,21,48,509,51,721,49,49,fast
trees_50.newick,21,49,499,51,705,49,49,fast
trees_50.newick,22,23,521,51,794,49,49,fast
trees_50.newick,22,24,527,51,786,49,49,fast
trees_50.newick,22,25,505,51,710,49,49,fast
trees_50.newick,22,26,507,51,678,49,49,fast
trees_50.newick,22,27,517,51,773,49,49,fast
trees_50.newick,22,28,508,51,701,49,49,fast
trees_50.newick,22,29,508,51,747,49,49,fast
trees_50.newick,22,30,502,51,740,49,49,fast
trees_50.newick,22,31,513,51,727,49,49,fast
trees_50.newick,22,32,507,51,716,49,49,fast
trees_50.newick,22,33,526,51,753,49,49,fast
trees_50.newick,22,34,499,51,678,49,49,fast
trees_50.newick,22,35,494,51,681,49,49,fast
trees_50.newick,22,36,265,51,728,49,49,fast
trees_50.newick,22,37,261,51,741,49,49,fast
trees_50.newick,22,38,237,51,621,49,49,fast
trees_50.newick,22,39,253,51,709,49,49,fast
trees_50.newick,22,40,245,51,716,49,49,fast
trees_50.newick,22,41,256,51,771,49,49,fast
trees_50.newick,22,42,256,51,751,49,49,fast
trees_50.newick,22,43,239,51,681,49,49,fast
trees_50.newick,22,44,244,51,709,49,49,fast
trees_50.newick,22,45,246,51,714,49,49,fast
trees_50.newick,22,46,240,51,727,49,49,fast
trees_50.newick,22,47,253,51,745,49,49,fast
trees_50.newick,22,48,244,51,737,49,49,fast
trees_50.newick,22,49,239,51,702,49,49,fast
trees_50.newick,23,24,250,51,750,49,49,fast
trees_50.newick,23,25,242,51,697,49,49,fast
trees_50.newick,23,26,249,51,697,49,49,fast
trees_50.newick,23,27,240,51,662,49,49,fast
trees_50.newick,23,28,256,51,779,49,49,fast
trees_50.newick,23,29,245,51,710,49,49,fast
trees_50.newick,23,30,252,51,767,49,49,fast
trees_50.newick,23,31,253,51,685,49,49,fast
trees_50.newick,23,32,367,51,749,49,49,fast
trees_50.newick,23,33,414,51,639,49,49,fast
trees_50.newick,23,34,445,51,719,49,49,fast
trees_50.newick,23,35,432,51,734,49,49,fast
trees_50.newick,23,36,436,51,684,49,49,fast
trees_50.newick,23,37,435,51,708,49,49,fast
trees_50.newick,23,38,465,51,769,49,49,fast
trees_50.newick,23,39,460,51,674,49,49,fast
trees_50.newick,23,40,457,51,695,49,49,fast
trees_50.newick,23,41,485,51,770,49,49,fast
trees_50.newick,23,42,466,51,734,49,49,fast
trees_50.newick,23,43,429,51,689,49,49,fast
trees_50.newick,23,44,413,51,667,49,49,fast
trees_50.newick,23,45,441,51,700,49,49,fast
trees_50.newick,23,46,434,51,681,49,49,fast
trees_50.newick,23,47,458,51,706,49,49,fast
trees_50.newick,23,48,469,51,753,49,49,fast
trees_50.newick,23,49,472,51,755,49,49,fast
trees_50.newick,24,25,336,51,728,49,49,fast
trees_50.newick,24,26,251,51,717,49,49,fast
trees_50.newick,24,27,248,51,714,49,49,fast
trees_50.newick,24,28,251,51,714,49,49,fast
trees_50.newick,24,29,252,51,796,49,49,fast
trees_50.newick,24,30,253,51,758,49,49,fast
trees_50.newick,24,31,247,51,736,49,49,fast
trees_50.newick,24,32,484,51,774,49,49,fast
trees_50.newick,24,33,469,51,685,49,49,fast
trees_50.newick,24,34,482,51,759,49,49,fast
trees_50.newick,24,35,244,51,683,49,49,fast
trees_50.newick,24,36,255,51,759,49,49,fast
trees_50.newick,24,37,247,51,708,49,49,fast
trees_50.newick,24,38,243,51,729,49,49,fast
trees_50.newick,24,39,246,51,742,49,49,fast
trees_50.newick,24,40,246,51,727,49,49,fast
trees_50.newick,24,41,258,51,732,49,49,fast
trees_50.newick,24,42,249,51,714,49,49,fast
trees_50.newick,24,43,251,51,768,49,49,fast
trees_50.newick,24,44,246,51,752,49,49,fast
trees_50.newick,24,45,248,51,732,49,49,fast
trees_50.newick,24,46,252,51,768,49,49,fast
trees_50.newick,24,47,245,51,706,49,49,fast
trees_50.newick,24,48,252,51,785,49,49,fast
trees_50.newick,24,49,246,51,736,49,49,fast
trees_50.newick,25,26,253,51,739,49,49,fast
trees_50.newick,25,27,260,51,756,49,49,fast
trees_50.newick,25,28,253,51,746,49,49,fast
trees_50.newick,25,29,255,51,781,49,49,fast
trees_50.newick,25,30,254,51,773,49,49,fast
trees_50.newick,25,31,248,51,750,49,49,fast
trees_50.newick,25,32,261,51,792,49,49,fast
trees_50.newick,25,33,248,51,741,49,49,fast
trees_50.newick,25,34,242,51,669,49,49,fast
trees_50.newick,25,35,241,51,681,49,49,fast
trees_50.newick,25,36,264,51,799,49,49,fast
trees_50.newick,25,37,256,51,718,49,49,fast
trees_50.newick,25,38,246,51,750,49,49,fast
trees_50.newick,25,39,250,51,743,49,49,fast
trees_50.newick,25,40,252,51,779,49,49,fast
trees_50.newick,25,41,254,51,768,49,49,fast
trees_50.newick,25,42,255,51,710,49,49,fast
trees_50.newick,25,43,241,51,695,49,49,fast
trees_50.newick,25,44,239,51,684,49,49,fast
trees_50.newick,25,45,502,51,718,49,49,fast
trees_50.newick,25,46,524,51,805,49,49,fast
trees_50.newick,25,47,511,51,753,49,49,fast
trees_50.newick,25,48,244,51,703,49,49,fast
trees_50.newick,25,49,244,51,737,49,49,fast
trees_50.newick,26,27,249,51,732,49,49,fast
trees_50.newick,26,28,247,51,683,49,49,fast
trees_50.newick,26,29,246,51,758,49,49,fast
trees_50.newick,26,30,251,51,759,49,49,fast
trees_50.newick,26,31,245,51,687,49,49,fast
trees_50.newick,26,32,253,51,772,49,49,fast
trees_50.newick,26,33,243,51,690,49,49,fast
trees_50.newick,26,34,240,51,682,49,49,fast
trees_50.newick,26,35,243,51,691,49,49,fast
trees_50.newick,26,36,251,51,698,49,49,fast
trees_50.newick,26,37,250,51,734,49,49,fast
trees_50.newick,26,38,244,51,756,49,49,fast
trees_50.newick,26,39,245,51,707,49,49,fast
trees_50.newick,26,40,251,51,738,49,49,fast
trees_50.newick,26,41,257,51,754,49,49,fast
trees_50.newick,26,42,244,51,684,49,49,fast
trees_50.newick,26,43,231,51,602,49,49,fast
trees_50.newick,26,44,243,51,727,49,49,fast
trees_50.newick,26,45,242,51,666,49,49,fast
trees_50.newick,26,46,245,51,740,49,49,fast
trees_50.newick,26,47,245,51,734,49,49,fast
trees_50.newick,26,48,246,51,739,49,49,fast
trees_50.newick,26,49,243,51,739,49,49,fast
trees_50.newick,27,28,253,51,698,49,49,fast
trees_50.newick,27,29,243,51,718,49,49,fast
trees_50.newick,27,30,248,51,742,49,49,fast
trees_50.newick,27,31,245,51,717,49,49,fast
trees_50.newick,27,32,262,51,751,49,49,fast
trees_50.newick,27,33,248,51,753,49,49,fast
trees_50.newick,27,34,242,51,698,49,49,fast
trees_50.newick,27,35,237,51,678,49,49,fast
trees_50.newick,27,36,253,51,744,49,49,fast
trees_50.newick,27,37,279,51,715,49,49,fast
trees_50.newick,27,38,236,51,637,49,49,fast
trees_50.newick,27,39,248,51,738,49,49,fast
trees_50.newick,27,40,239,51,668,49,49,fast
trees_50.newick,27,41,250,51,741,49,49,fast
trees_50.newick,27,42,247,51,702,49,49,fast
trees_50.newick,27,43,248,51,768,49,49,fast
trees_50.newick,27,44,247,51,739,49,49,fast
trees_50.newick,27,45,248,51,750,49,49,fast
trees_50.newick,27,46,243,51,740,49,49,fast
trees_50.newick,27,47,242,51,696,49,49,fast
trees_50.newick,27,48,253,51,798,49,49,fast
trees_50.newick,27,49,245,51,719,49,49,fast
trees_50.newick,28,29,243,51,651,49,49,fast
trees_50.newick,28,30,246,51,727,49,49,fast
trees_50.newick,28,31,248,51,758,49,49,fast
trees_50.newick,28,32,256,51,799,49,49,fast
trees_50.newick,28,33,252,51,748,49,49,fast
trees_50.newick,28,34,246,51,672,49,49,fast
trees_50.newick,28,35,240,51,695,49,49,fast
trees_50.newick,28,36,244,51,675,49,49,fast
trees_50.newick,28,37,242,51,663,49,49,fast
trees_50.newick,28,38,241,51,680,49,49,fast
trees_50.newick,28,39,253,51,727,49,49,fast
trees_50.newick,28,40,243,51,716,49,49,fast
trees_50.newick,28,41,247,51,714,49,49,fast
trees_50.newick,28,42,251,51,754,49,49,fast
trees_50.newick,28,43,243,51,663,49,49,fast
trees_50.newick,28,44,245,51,696,49,49,fast
trees_50.newick,28,45,249,51,739,49,49,fast
trees_50.newick,28,46,246,51,775,49,49,fast
trees_50.newick,28,47,245,51,725,49,49,fast
trees_50.newick,28,48,241,51,726,49,49,fast
trees_50.newick,28,49,241,51,707,49,49,fast
trees_50.newick,29,30,252,51,780,49,49,fast
trees_50.newick,29,31,243,51,750,49,49,fast
trees_50.newick,29,32,255,51,799,49,49,fast
trees_50.newick,29,33,245,51,758,49,49,fast
trees_50.newick,29,34,245,51,743,49,49,fast
trees_50.newick,29,35,237,51,693,49,49,fast
trees_50.newick,29,36,275,51,754,49,49,fast
trees_50.newick,29,37,247,51,737,49,49,fast
trees_50.newick,29,38,235,51,690,49,49,fast
trees_50.newick,29,39,245,51,750,49,49,fast
trees_50.newick,29,40,244,51,724,49,49,fast
trees_50.newick,29,41,258,51,820,49,49,fast
trees_50.newick,29,42,248,51,754,49,49,fast
trees_50.newick,29,43,242,51,741,49,49,fast
trees_50.newick,29,44,236,51,668,49,49,fast
trees_50.newick,29,45,248,51,752,49,49,fast
trees_50.newick,29,46,230,51,639,49,49,fast
trees_50.newick,29,47,246,51,748,49,49,fast
trees_50.newick,29,48,245,51,754,49,49,fast
trees_50.newick,29,49,248,51,751,49,49,fast
trees_50.newick,30,31,253,51,731,49,49,fast
trees_50.newick,30,32,254,51,771,49,49,fast
trees_50.newick,30,33,245,51,725,49,49,fast
trees_50.newick,30,34,244,51,697,49,49,fast
trees_50.newick,30,35,251,51,741,49,49,fast
trees_50.newick,30,36,256,51,718,49,49,fast
trees_50.newick,30,37,247,51,697,49,49,fast
trees_50.newick,30,38,241,51,718,49,49,fast
trees_50.newick,30,39,247,51,744,49,49,fast
trees_50.newick,30,40,255,51,763,49,49,fast
trees_50.newick,30,41,263,51,787,49,49,fast
trees_50.newick,30,42,249,51,707,49,49,fast
trees_50.newick,30,43,246,51,730,49,49,fast
trees_50.newick,30,44,249,51,782,49,49,fast
trees_50.newick,30,45,246,51,703,49,49,fast
trees_50.newick,30,46,243,51,689,49,49,fast
trees_50.newick,30,47,248,51,752,49,49,fast
trees_50.newick,30,48,247,51,732,49,49,fast
trees_50.newick,30,49,236,51,665,49,49,fast
trees_50.newick,31,32,255,51,722,49,49,fast
trees_50.newick,31,33,244,51,655,49,49,fast
trees_50.newick,31,34,249,51,743,49,49,fast
trees_50.newick,31,35,243,51,718,49,49,fast
trees_50.newick,31,36,256,51,759,49,49,fast
trees_50.newick,31,37,253,51,736,49,49,fast
trees_50.newick,31,38,246,51,722,49,49,fast
trees_50.newick,31,39,272,51,770,49,49,fast
trees_50.newick,31,40,248,51,721,49,49,fast
trees_50.newick,31,41,256,51,779,49,49,fast
trees_50.newick,31,42,257,51,775,49,49,fast
trees_50.newick,31,43,252,51,701,49,49,fast
trees_50.newick,31,44,245,51,728,49,49,fast
trees_50.newick,31,45,249,51,772,49,49,fast
trees_50.newick,31,46,235,51,663,49,49,fast
trees_50.newick,31,47,248,51,738,49,49,fast
trees_50.newick,31,48,252,51,778,49,49,fast
trees_50.newick,31,49,241,51,698,49,49,fast
trees_50.newick,32,33,254,51,750,49,49,fast
trees_50.newick,32,34,253,51,760,49,49,fast
trees_50.newick,32,35,247,51,731,49,49,fast
trees_50.newick,32,36,256,51,721,49,49,fast
trees_50.newick,32,37,254,51,730,49,49,fast
trees_50.newick,32,38,242,51,688,49,49,fast
trees_50.newick,32,39,252,51,761,49,49,fast
trees_50.newick,32,40,249,51,730,49,49,fast
trees_50.newick,32,41,256,51,750,49,49,fast
trees_50.newick,32,42,256,51,769,49,49,fast
trees_50.newick,32,43,256,51,803,49,49,fast
trees_50.newick,32,44,253,51,774,49,49,fast
trees_50.newick,32,45,257,51,781,49,49,fast
trees_50.newick,32,46,248,51,761,49,49,fast
trees_50.newick,32,47,253,51,765,49,49,fast
trees_50.newick,32,48,251,51,759,49,49,fast
trees_50.newick,32,49,249,51,755,49,49,fast
trees_50.newick,33,34,250,51,716,49,49,fast
trees_50.newick,33,35,245,51,743,49,49,fast
trees_50.newick,33,36,252,51,731,49,49,fast
trees_50.newick,33,37,245,51,673,49,49,fast
trees_50.newick,33,38,239,51,697,49,49,fast
trees_50.newick,33,39,242,51,688,49,49,fast
trees_50.newick,33,40,246,51,722,49,49,fast
trees_50.newick,33,41,255,51,770,49,49,fast
trees_50.newick,33,42,241,51,655,49,49,fast
trees_50.newick,33,43,241,51,680,49,49,fast
trees_50.newick,33,44,237,51,685,49,49,fast
trees_50.newick,33,45,253,51,732,49,49,fast
trees_50.newick,33,46,323,51,696,49,49,fast
trees_50.newick,33,47,333,51,685,49,49,fast
trees_50.newick,33,48,340,51,752,49,49,fast
trees_50.newick,33,49,336,51,764,49,49,fast
trees_50.newick,34,35,237,51,633,49,49,fast
trees_50.newick,34,36,252,51,712,49,49,fast
trees_50.newick,34,37,248,51,713,49,49,fast
trees_50.newick,34,38,235,51,657,49,49,fast
trees_50.newick,34,39,243,51,703,49,49,fast
trees_50.newick,34,40,241,51,684,49,49,fast
trees_50.newick,34,41,250,51,729,49,49,fast
trees_50.newick,34,42,250,51,752,49,49,fast
trees_50.newick,34,43,248,51,732,49,49,fast
trees_50.newick,34,44,246,51,714,49,49,fast
trees_50.newick,34,45,247,51,727,49,49,fast
trees_50.newick,34,46,245,51,759,49,49,fast
trees_50.newick,34,47,239,51,662,49,49,fast
trees_50.newick,34,48,247,51,727,49,49,fast
trees_50.newick,34,49,236,51,636,49,49,fast
trees_50.newick,35,36,253,51,696,49,49,fast
trees_50.newick,35,37,248,51,737,49,49,fast
trees_50.newick,35,38,236,51,713,49,49,fast
trees_50.newick,35,39,240,51,695,49,49,fast
trees_50.newick,35,40,242,51,696,49,49,fast
trees_50.newick,35,41,245,51,633,49,49,fast
trees_50.newick,35,42,253,51,716,49,49,fast
trees_50.newick,35,43,237,51,697,49,49,fast
trees_50.newick,35,44,239,51,729,49,49,fast
trees_50.newick,35,45,249,51,731,49,49,fast
trees_50.newick,35,46,242,51,708,49,49,fast
trees_50.newick,35,47,240,51,705,49,49,fast
trees_50.newick,35,48,233,51,657,49,49,fast
trees_50.newick,35,49,238,51,714,49,49,fast
trees_50.newick,36,37,256,51,741,49,49,fast
trees_50.newick,36,38,247,51,729,49,49,fast
trees_50.newick,36,39,248,51,740,49,49,fast
trees_50.newick,36,40,247,51,717,49,49,fast
trees_50.newick,36,41,255,51,752,49,49,fast
trees_50.newick,36,42,252,51,733,49,49,fast
trees_50.newick,36,43,286,51,730,49,49,fast
trees_50.newick,36,44,246,51,718,49,49,fast
trees_50.newick,36,45,246,51,693,49,49,fast
trees_50.newick,36,46,245,51,741,49,49,fast
trees_50.newick,36,47,251,51,733,49,49,fast
trees_50.newick,36,48,248,51,734,49,49,fast
trees_50.newick,36,49,244,51,718,49,49,fast
trees_50.newick,37,38,244,51,735,49,49,fast
trees_50.newick,37,39,237,51,646,49,49,fast
trees_50.newick,37,40,244,51,731,49,49,fast
trees_50.newick,37,41,261,51,770,49,49,fast
trees_50.newick,37,42,251,51,730,49,49,fast
trees_50.newick,37,43,243,51,699,49,49,fast
trees_50.newick,37,44,240,51,712,49,49,fast
trees_50.newick,37,45,247,51,726,49,49,fast
trees_50.newick,37,46,247,51,733,49,49,fast
trees_50.newick,37,47,250,51,717,49,49,fast
trees_50.newick,37,48,246,51,757,49,49,fast
trees_50.newick,37,49,243,51,700,49,49,fast
trees_50.newick,38,39,241,51,676,49,49,fast
trees_50.newick,38,40,244,51,710,49,49,fast
trees_50.newick,38,41,252,51,730,49,49,fast
trees_50.newick,38,42,247,51,730,49,49,fast
trees_50.newick,38,43,237,51,682,49,49,fast
trees_50.newick,38,44,247,51,778,49,49,fast
trees_50.newick,38,45,246,51,713,49,49,fast
trees_50.newick,38,46,244,51,706,49,49,fast
trees_50.newick,38,47,237,51,674,49,49,fast
trees_50.newick,38,48,239,51,712,49,49,fast
trees_50.newick,38,49,241,51,723,49,49,fast
trees_50.newick,39,40,240,51,668,49,49,fast
trees_50.newick,39,41,253,51,772,49,49,fast
trees_50.newick,39,42,252,51,774,49,49,fast
trees_50.newick,39,43,246,51,754,49,49,fast
trees_50.newick,39,44,234,51,653,49,49,fast
trees_50.newick,39,45,245,51,714,49,49,fast
trees_50.newick,39,46,242,51,765,49,49,fast
trees_50.newick,39,47,242,51,692,49,49,fast
trees_50.newick,39,48,244,51,742,49,49,fast
trees_50.newick,39,49,240,51,703,49,49,fast
trees_50.newick,40,41,247,51,731,49,49,fast
trees_50.newick,40,42,417,51,785,49,49,fast
trees_50.newick,40,43,244,51,694,49,49,fast
trees_50.newick,40,44,243,51,710,49,49,fast
trees_50.newick,40,45,251,51,756,49,49,fast
trees_50.newick,40,46,235,51,681,49,49,fast
trees_50.newick,40,47,244,51,698,49,49,fast
trees_50.newick,40,48,243,51,722,49,49,fast
trees_50.newick,40,49,242,51,719,49,49,fast
trees_50.newick,41,42,251,51,740,49,49,fast
trees_50.newick,41,43,250,51,768,49,49,fast
trees_50.newick,41,44,249,51,788,49,49,fast
trees_50.newick,41,45,250,51,752,49,49,fast
trees_50.newick,41,46,246,51,766,49,49,fast
trees_50.newick,41,47,243,51,683,49,49,fast
trees_50.newick,41,48,250,51,768,49,49,fast
trees_50.newick,41,49,243,51,704,49,49,fast
trees_50.newick,42,43,245,51,717,49,49,fast
trees_50.newick,42,44,245,51,745,49,49,fast
trees_50.newick,42,45,251,51,755,49,49,fast
trees_50.newick,42,46,242,51,725,49,49,fast
trees_50.newick,42,47,249,51,711,49,49,fast
trees_50.newick,42,48,245,51,704,49,49,fast
trees_50.newick,42,49,243,51,717,49,49,fast
trees_50.newick,43,44,235,51,678,49,49,fast
trees_50.newick,43,45,245,51,733,49,49,fast
trees_50.newick,43,46,238,51,714,49,49,fast
trees_50.newick,43,47,249,51,747,49,49,fast
trees_50.newick,43,48,241,51,742,49,49,fast
trees_50.newick,43,49,237,51,702,49,49,fast
trees_50.newick,44,45,242,51,715,49,49,fast
trees_50.newick,44,46,242,51,707,49,49,fast
trees_50.newick,44,47,252,51,749,49,49,fast
trees_50.newick,44,48,250,51,799,49,49,fast
trees_50.newick,44,49,243,51,744,49,49,fast
trees_50.newick,45,46,246,51,719,49,49,fast
trees_50.newick,45,47,250,51,703,49,49,fast
trees_50.newick,45,48,256,51,758,49,49,fast
trees_50.newick,45,49,242,51,697,49,49,fast
trees_50.newick,46,47,243,51,738,49,49,fast
trees_50.newick,46,48,277,51,748,49,49,fast
trees_50.newick,46,49,248,51,770,49,49,fast
trees_50.newick,47,48,253,51,772,49,49,fast
trees_50.newick,47,49,239,51,694,49,49,fast
trees_50.newick,48,49,247,51,793,49,49,fast
trees_1000.newick,0,1,238299,1001,48775,999,999,naive
trees_1000.newick,0,2,244684,1001,49221,999,999,naive
trees_1000.newick,0,3,239005,1001,49496,999,999,naive
trees_1000.newick,0,4,233413,1001,48762,999,999,naive
trees_1000.newick,0,5,236114,1001,49462,999,999,naive
trees_1000.newick,0,6,238333,1001,49356,999,999,naive
trees_1000.newick,0,7,245914,1001,49515,999,999,naive
trees_1000.newick,0,8,250599,1001,49316,999,999,naive
trees_1000.newick,0,9,242870,1001,49520,999,999,naive
trees_1000.newick,0,10,251700,1001,49155,999,999,naive
trees_1000.newick,0,11,245056,1001,49512,999,999,naive
trees_1000.newick,0,12,239292,1001,49197,999,999,naive
trees_1000.newick,0,13,241826,1001,49320,999,999,naive
trees_1000.newick,0,14,244135,1001,49407,999,999,naive
trees_1000.newick,0,15,242780,1001,49177,999,999,naive
trees_1000.newick,0,16,245532,1001,49236,999,999,naive
trees_1000.newick,0,17,240097,1001,49434,999,999,naive
trees_1000.newick,0,18,239257,1001,49423,999,999,naive
trees_1000.newick,0,19,239868,1001,49260,999,999,naive
trees_1000.newick,0,20,236773,1001,48759,999,999,naive
trees_1000.newick,0,21,241084,1001,49144,999,999,naive
trees_1000.newick,0,22,239929,1001,49460,999,999,naive
trees_1000.newick,0,23,237800,1001,49345,999,999,naive
trees_1000.newick,0,24,237907,1001,49311,999,999,naive
trees_1000.newick,0,25,241049,1001,49550,999,999,naive
trees_1000.newick,0,26,237017,1001,49368,999,999,naive
trees_1000.newick,0,27,241908,1001,49136,999,999,naive
trees_1000.newick,0,28,241309,1001,48990,999,999,naive
trees_1000.newick,0,29,236433,1001,49368,999,999,naive
trees_1000.newick,0,30,245420,1001,49782,999,999,naive
trees_1000.newick,0,31,240733,1001,49465,999,999,naive
trees_1000.newick,0,32,240847,1001,49702,999,999,naive
trees_1000.newick,0,33,237858,1001,49115,999,999,naive
trees_1000.newick,0,34,240416,1001,49279,999,999,naive
trees_1000.newick,0,35,241347,1001,49079,999,999,naive
trees_1000.newick,0,36,241648,1001,49677,999,999,naive
trees_1000.newick,0,37,234080,1001,48851,999,999,naive
trees_1000.newick,0,38,241501,1001,49086,999,999,naive
trees_1000.newick,0,39,243389,1001,49227,999,999,naive
trees_1000.newick,0,40,243540,1001,49623,999,999,naive
trees_1000.newick,0,41,272376,1001,49382,999,999,naive
trees_1000.newick,0,42,242985,1001,49244,999,999,naive
trees_1000.newick,0,43,239554,1001,49439,999,999,naive
trees_1000.newick,0,44,241369,1001,48822,999,999,naive
trees_1000.newick,0,45,237204,1001,49355,999,999,naive
trees_1000.newick,0,46,240841,1001,49443,999,999,naive
trees_1000.newick,0,47,241958,1001,48936,999,999,naive
trees_1000.newick,0,48,244112,1001,49365,999,999,naive
trees_1000.newick,0,49,253526,1001,49359,999,999,naive
trees_1000.newick,1,2,269063,1001,49088,999,999,naive
trees_1000.newick,1,3,257255,1001,48808,999,999,naive
trees_1000.newick,1,4,255556,1001,49063,999,999,naive
trees_1000.newick,1,5,257545,1001,48892,999,999,naive
trees_1000.newick,1,6,238223,1001,49204,999,999,naive
trees_1000.newick,1,7,246709,1001,49071,999,999,naive
trees_1000.newick,1,8,243325,1001,49142,999,999,naive
trees_1000.newick,1,9,245875,1001,48733,999,999,naive
trees_1000.newick,1,10,245459,1001,48833,999,999,naive
trees_1000.newick,1,11,240027,1001,49152,999,999,naive
trees_1000.newick,1,12,243131,1001,48750,999,999,naive
trees_1000.newick,1,13,247866,1001,48974,999,999,naive
trees_1000.newick,1,14,251608,1001,48888,999,999,naive
trees_1000.newick,1,15,244685,1001,48883,999,999,naive
trees_1000.newick,1,16,244461,1001,49488,999,999,naive
trees_1000.newick,1,17,243410,1001,48841,999,999,naive
trees_1000.newick,1,18,253044,1001,48946,999,999,naive
trees_1000.newick,1,19,244126,1001,49053,999,999,naive
trees_1000.newick,1,20,251775,1001,49003,999,999,naive
trees_1000.newick,1,21,258301,1001,48735,999,999,naive
trees_1000.newick,1,22,266909,1001,49178,999,999,naive
trees_1000.newick,1,23,247370,1001,49071,999,999,naive
trees_1000.newick,1,24,239517,1001,48755,999,999,naive
trees_1000.newick,1,25,244399,1001,49035,999,999,naive
trees_1000.newick,1,26,245511,1001,48810,999,999,naive
trees_1000.newick,1,27,245126,1001,48892,999,999,naive
trees_1000.newick,1,28,250288,1001,48902,999,999,naive
trees_1000.newick,1,29,239644,1001,48536,999,999,naive
trees_1000.newick,1,30,243363,1001,49145,999,999,naive
trees_1000.newick,1,31,242425,1001,49048,999,999,naive
trees_1000.newick,1,32,243403,1001,49251,999,999,naive
trees_1000.newick,1,33,244358,1001,49037,999,999,naive
trees_1000.newick,1,34,257915,1001,49303,999,999,naive
trees_1000.newick,1,35,240341,1001,48907,999,999,naive
trees_1000.newick,1,36,245573,1001,49641,999,999,naive
trees_1000.newick,1,37,241544,1001,48278,999,999,naive
trees_1000.newick,1,38,244648,1001,49040,999,999,naive
trees_1000.newick,1,39,242270,1001,48822,999,999,naive
trees_1000.newick,1,40,237247,1001,48876,999,999,naive
trees_1000.newick,1,41,252219,1001,48965,999,999,naive
trees_1000.newick,1,42,246095,1001,49087,999,999,naive
trees_1000.newick,1,43,243302,1001,48895,999,999,naive
trees_1000.newick,1,44,247177,1001,48613,999,999,naive
trees_1000.newick,1,45,237022,1001,48661,999,999,naive
trees_1000.newick,1,46,239823,1001,48686,999,999,naive
trees_1000.newick,1,47,239057,1001,48937,999,999,naive
trees_1000.newick,1,48,241474,1001,48889,999,999,naive
trees_1000.newick,1,49,239379,1001,48762,999,999,naive
trees_1000.newick,2,3,240104,1001,49278,999,999,naive
trees_1000.newick,2,4,237078,1001,49208,999,999,naive
trees_1000.newick,2,5,237097,1001,49432,999,999,naive
trees_1000.newick,2,6,237437,1001,49285,999,999,naive
trees_1000.newick,2,7,242082,1001,49151,999,999,naive
trees_1000.newick,2,8,242448,1001,49437,999,999,naive
trees_1000.newick,2,9,243523,1001,49345,999,999,naive
trees_1000.newick,2,10,240715,1001,49545,999,999,naive
trees_1000.newick,2,11,243457,1001,49850,999,999,naive
trees_1000.newick,2,12,242265,1001,49548,999,999,naive
trees_1000.newick,2,13,243292,1001,49469,999,999,naive
trees_1000.newick,2,14,241352,1001,49365,999,999,naive
trees_1000.newick,2,15,239833,1001,49519,999,999,naive
trees_1000.newick,2,16,240710,1001,49493,999,999,naive
trees_1000.newick,2,17,244015,1001,49354,999,999,naive
trees_1000.newick,2,18,244659,1001,49561,999,999,naive
trees_1000.newick,2,19,239242,1001,49317,999,999,naive
trees_1000.newick,2,20,241508,1001,49473,999,999,naive
trees_1000.newick,2,21,245773,1001,49173,999,999,naive
trees_1000.newick,2,22,242385,1001,49289,999,999,naive
trees_1000.newick,2,23,240692,1001,49866,999,999,naive
trees_1000.newick,2,24,238445,1001,49638,999,999,naive
trees_1000.newick,2,25,241376,1001,49567,999,999,naive
trees_1000.newick,2,26,259320,1001,49450,999,999,naive
trees_1000.newick,2,27,244959,1001,49268,999,999,naive
trees_1000.newick,2,28,238855,1001,49266,999,999,naive
trees_1000.newick,2,29,248715,1001,49678,999,999,naive
trees_1000.newick,2,30,243645,1001,49492,999,999,naive
trees_1000.newick,2,31,236526,1001,49616,999,999,naive
trees_1000.newick,2,32,245127,1001,49988,999,999,naive
trees_1000.newick,2,33,236142,1001,49490,999,999,naive
trees_1000.newick,2,34,243379,1001,49336,999,999,naive
trees_1000.newick,2,35,243247,1001,49156,999,999,naive
trees_1000.newick,2,36,244614,1001,49153,999,999,naive
trees_1000.newick,2,37,243849,1001,49200,999,999,naive
trees_1000.newick,2,38,243248,1001,49280,999,999,naive
trees_1000.newick,2,39,242089,1001,49437,999,999,naive
trees_1000.newick,2,40,241954,1001,49162,999,999,naive
trees_1000.newick,2,41,240210,1001,49594,999,999,naive
trees_1000.newick,2,42,243513,1001,49941,999,999,naive
trees_1000.newick,2,43,242970,1001,49698,999,999,naive
trees_1000.newick,2,44,237503,1001,49600,999,999,naive
trees_1000.newick,2,45,238161,1001,49188,999,999,naive
trees_1000.newick,2,46,240909,1001,49590,999,999,naive
trees_1000.newick,2,47,236312,1001,49185,999,999,naive
trees_1000.newick,2,48,243014,1001,49343,999,999,naive
trees_1000.newick,2,49,233711,1001,49382,999,999,naive
trees_1000.newick,3,4,237942,1001,49333,999,999,naive
trees_1000.newick,3,5,237712,1001,49363,999,999,naive
trees_1000.newick,3,6,240047,1001,49677,999,999,naive
trees_1000.newick,3,7,241156,1001,49526,999,999,naive
trees_1000.newick,3,8,244103,1001,49199,999,999,naive
trees_1000.newick,3,9,244646,1001,48859,999,999,naive
trees_1000.newick,3,10,238593,1001,49366,999,999,naive
trees_1000.newick,3,11,241970,1001,49081,999,999,naive
trees_1000.newick,3,12,238432,1001,49500,999,999,naive
trees_1000.newick,3,13,238342,1001,49966,999,999,naive
trees_1000.newick,3,14,243771,1001,49267,999,999,naive
trees_1000.newick,3,15,238440,1001,49364,999,999,naive
trees_1000.newick,3,16,240577,1001,48886,999,999,naive
trees_1000.newick,3,17,240400,1001,49159,999,999,naive
trees_1000.newick,3,18,239474,1001,49534,999,999,naive
trees_1000.newick,3,19,239041,1001,49311,999,999,naive
trees_1000.newick,3,20,240619,1001,49017,999,999,naive
trees_1000.newick,3,21,242281,1001,49537,999,999,naive
trees_1000.newick,3,22,242042,1001,49568,999,999,naive
trees_1000.newick,3,23,238313,1001,49163,999,999,naive
trees_1000.newick,3,24,240240,1001,48851,999,999,naive
trees_1000.newick,3,25,242962,1001,49072,999,999,naive
trees_1000.newick,3,26,237900,1001,49466,999,999,naive
trees_1000.newick,3,27,247009,1001,49604,999,999,naive
trees_1000.newick,3,28,244808,1001,48941,999,999,naive
trees_1000.newick,3,29,245845,1001,49483,999,999,naive
trees_1000.newick,3,30,242331,1001,49322,999,999,naive
trees_1000.newick,3,31,238724,1001,49447,999,999,naive
trees_1000.newick,3,32,240741,1001,49539,999,999,naive
trees_1000.newick,3,33,242556,1001,49267,999,999,naive
trees_1000.newick,3,34,244258,1001,49449,999,999,naive
trees_1000.newick,3,35,239459,1001,49479,999,999,naive
trees_1000.newick,3,36,241411,1001,49610,999,999,naive
trees_1000.newick,3,37,234004,1001,49192,999,999,naive
trees_1000.newick,3,38,242785,1001,49538,999,999,naive
trees_1000.newick,3,39,242929,1001,48785,999,999,naive
trees_1000.newick,3,40,240742,1001,49357,999,999,naive
trees_1000.newick,3,41,241999,1001,49131,999,999,naive
trees_1000.newick,3,42,242196,1001,49829,999,999,naive
trees_1000.newick,3,43,240901,1001,49346,999,999,naive
trees_1000.newick,3,44,243691,1001,49551,999,999,naive
trees_1000.newick,3,45,238150,1001,48937,999,999,naive
trees_1000.newick,3,46,242260,1001,49173,999,999,naive
trees_1000.newick,3,47,237031,1001,49132,999,999,naive
trees_1000.newick,3,48,241698,1001,49475,999,999,naive
trees_1000.newick,3,49,237978,1001,49336,999,999,naive
trees_1000.newick,4,5,237148,1001,49228,999,999,naive
trees_1000.newick,4,6,238031,1001,49206,999,999,naive
trees_1000.newick,4,7,242272,1001,49487,999,999,naive
trees_1000.newick,4,8,240022,1001,49122,999,999,naive
trees_1000.newick,4,9,242963,1001,49081,999,999,naive
trees_1000.newick,4,10,243636,1001,49266,999,999,naive
trees_1000.newick,4,11,240276,1001,49334,999,999,naive
trees_1000.newick,4,12,242494,1001,48932,999,999,naive
trees_1000.newick,4,13,239878,1001,49012,999,999,naive
trees_1000.newick,4,14,244683,1001,49756,999,999,naive
trees_1000.newick,4,15,243751,1001,49252,999,999,naive
trees_1000.newick,4,16,243836,1001,49242,999,999,naive
trees_1000.newick,4,17,245091,1001,49366,999,999,naive
trees_1000.newick,4,18,247056,1001,49143,999,999,naive
trees_1000.newick,4,19,241313,1001,49114,999,999,naive
trees_1000.newick,4,20,239341,1001,48935,999,999,naive
trees_1000.newick,4,21,239990,1001,49314,999,999,naive
trees_1000.newick,4,22,251417,1001,49590,999,999,naive
trees_1000.newick,4,23,244287,1001,49262,999,999,naive
trees_1000.newick,4,24,236527,1001,49016,999,999,naive
trees_1000.newick,4,25,241707,1001,49161,999,999,naive
trees_1000.newick,4,26,257826,1001,49654,999,999,naive
trees_1000.newick,4,27,250900,1001,48790,999,999,naive
trees_1000.newick,4,28,245133,1001,48976,999,999,naive
trees_1000.newick,4,29,238564,1001,49380,999,999,naive
trees_1000.newick,4,30,241735,1001,49240,999,999,naive
trees_1000.newick,4,31,241364,1001,49440,999,999,naive
trees_1000.newick,4,32,242490,1001,49753,999,999,naive
trees_1000.newick,4,33,238717,1001,49238,999,999,naive
trees_1000.newick,4,34,248061,1001,49507,999,999,naive
trees_1000.newick,4,35,240115,1001,48952,999,999,naive
trees_1000.newick,4,36,242150,1001,48997,999,999,naive
trees_1000.newick,4,37,235873,1001,48936,999,999,naive
trees_1000.newick,4,38,240683,1001,49270,999,999,naive
trees_1000.newick,4,39,243474,1001,49448,999,999,naive
trees_1000.newick,4,40,239297,1001,49220,999,999,naive
trees_1000.newick,4,41,236979,1001,49484,999,999,naive
trees_1000.newick,4,42,250494,1001,49416,999,999,naive
trees_1000.newick,4,43,249576,1001,49298,999,999,naive
trees_1000.newick,4,44,245662,1001,49326,999,999,naive
trees_1000.newick,4,45,241915,1001,48882,999,999,naive
trees_1000.newick,4,46,239586,1001,49374,999,999,naive
trees_1000.newick,4,47,241159,1001,48984,999,999,naive
trees_1000.newick,4,48,240374,1001,48770,999,999,naive
trees_1000.newick,4,49,234957,1001,49508,999,999,naive
trees_1000.newick,5,6,234359,1001,49947,999,999,naive
trees_1000.newick,5,7,239196,1001,49529,999,999,naive
trees_1000.newick,5,8,244042,1001,49291,999,999,naive
trees_1000.newick,5,9,239989,1001,49435,999,999,naive
trees_1000.newick,5,10,239922,1001,49511,999,999,naive
trees_1000.newick,5,11,239112,1001,49252,999,999,naive
trees_1000.newick,5,12,237643,1001,49138,999,999,naive
trees_1000.newick,5,13,240537,1001,49206,999,999,naive
trees_1000.newick,5,14,239372,1001,49347,999,999,naive
trees_1000.newick,5,15,240599,1001,49742,999,999,naive
trees_1000.newick,5,16,244266,1001,49386,999,999,naive
trees_1000.newick,5,17,238099,1001,49177,999,999,naive
trees_1000.newick,5,18,243208,1001,49791,999,999,naive
trees_1000.newick,5,19,238656,1001,49360,999,999,naive
trees_1000.newick,5,20,236349,1001,49448,999,999,naive
trees_1000.newick,5,21,241499,1001,49668,999,999,naive
trees_1000.newick,5,22,238944,1001,49618,999,999,naive
trees_1000.newick,5,23,238483,1001,49404,999,999,naive
trees_1000.newick,5,24,238308,1001,49451,999,999,naive
trees_1000.newick,5,25,243695,1001,49809,999,999,naive
trees_1000.newick,5,26,239538,1001,49472,999,999,naive
trees_1000.newick,5,27,243989,1001,49586,999,999,naive
trees_1000.newick,5,28,242083,1001,49322,999,999,naive
trees_1000.newick,5,29,242235,1001,49835,999,999,naive
trees_1000.newick,5,30,243063,1001,49301,999,999,naive
trees_1000.newick,5,31,237862,1001,49500,999,999,naive
trees_1000.newick,5,32,242999,1001,49358,999,999,naive
trees_1000.newick,5,33,240624,1001,49302,999,999,naive
trees_1000.newick,5,34,244688,1001,49635,999,999,naive
trees_1000.newick,5,35,245016,1001,49105,999,999,naive
trees_1000.newick,5,36,245284,1001,49640,999,999,naive
trees_1000.newick,5,37,236792,1001,48747,999,999,naive
trees_1000.newick,5,38,245012,1001,49019,999,999,naive
trees_1000.newick,5,39,243616,1001,49281,999,999,naive
trees_1000.newick,5,40,239417,1001,49157,999,999,naive
trees_1000.newick,5,41,239514,1001,49624,999,999,naive
trees_1000.newick,5,42,241605,1001,49758,999,999,naive
trees_1000.newick,5,43,246908,1001,49321,999,999,naive
trees_1000.newick,5,44,244080,1001,49068,999,999,naive
trees_1000.newick,5,45,240673,1001,49393,999,999,naive
trees_1000.newick,5,46,241586,1001,49630,999,999,naive
trees_1000.newick,5,47,243908,1001,49374,999,999,naive
trees_1000.newick,5,48,243910,1001,49210,999,999,naive
trees_1000.newick,5,49,240296,1001,49381,999,999,naive
trees_1000.newick,6,7,239590,1001,49277,999,999,naive
trees_1000.newick,6,8,241606,1001,49475,999,999,naive
trees_1000.newick,6,9,244039,1001,49209,999,999,naive
trees_1000.newick,6,10,238804,1001,49578,999,999,naive
trees_1000.newick,6,11,246253,1001,49255,999,999,naive
trees_1000.newick,6,12,239944,1001,49348,999,999,naive
trees_1000.newick,6,13,236366,1001,49500,999,999,naive
trees_1000.newick,6,14,252266,1001,49938,999,999,naive
trees_1000.newick,6,15,239970,1001,48903,999,999,naive
trees_1000.newick,6,16,242179,1001,49458,999,999,naive
trees_1000.newick,6,17,239964,1001,49131,999,999,naive
trees_1000.newick,6,18,242617,1001,49457,999,999,naive
trees_1000.newick,6,19,244351,1001,49361,999,999,naive
trees_1000.newick,6,20,240045,1001,49306,999,999,naive
trees_1000.newick,6,21,248320,1001,49871,999,999,naive
trees_1000.newick,6,22,242092,1001,49621,999,999,naive
trees_1000.newick,6,23,241498,1001,49282,999,999,naive
trees_1000.newick,6,24,239280,1001,49143,999,999,naive
trees_1000.newick,6,25,251585,1001,49154,999,999,naive
trees_1000.newick,6,26,249191,1001,49399,999,999,naive
trees_1000.newick,6,27,246040,1001,49523,999,999,naive
trees_1000.newick,6,28,245551,1001,49084,999,999,naive
trees_1000.newick,6,29,240201,1001,49741,999,999,naive
trees_1000.newick,6,30,243382,1001,49575,999,999,naive
trees_1000.newick,6,31,242313,1001,49605,999,999,naive
trees_1000.newick,6,32,239785,1001,49763,999,999,naive
trees_1000.newick,6,33,240589,1001,48835,999,999,naive
trees_1000.newick,6,34,239622,1001,49632,999,999,naive
trees_1000.newick,6,35,240225,1001,48840,999,999,naive
trees_1000.newick,6,36,242843,1001,50120,999,999,naive
trees_1000.newick,6,37,237215,1001,49100,999,999,naive
trees_1000.newick,6,38,241635,1001,49419,999,999,naive
trees_1000.newick,6,39,240079,1001,49126,999,999,naive
trees_1000.newick,6,40,235889,1001,49843,999,999,naive
trees_1000.newick,6,41,240817,1001,49370,999,999,naive
trees_1000.newick,6,42,243718,1001,49987,999,999,naive
trees_1000.newick,6,43,239270,1001,49270,999,999,naive
trees_1000.newick,6,44,249962,1001,49783,999,999,naive
trees_1000.newick,6,45,236630,1001,49144,999,999,naive
trees_1000.newick,6,46,242244,1001,49440,999,999,naive
trees_1000.newick,6,47,241031,1001,49322,999,999,naive
trees_1000.newick,6,48,241541,1001,49263,999,999,naive
trees_1000.newick,6,49,252033,1001,49819,999,999,naive
trees_1000.newick,7,8,241171,1001,49508,999,999,naive
trees_1000.newick,7,9,242166,1001,49544,999,999,naive
trees_1000.newick,7,10,239277,1001,49639,999,999,naive
trees_1000.newick,7,11,245400,1001,49294,999,999,naive
trees_1000.newick,7,12,240498,1001,49044,999,999,naive
trees_1000.newick,7,13,242406,1001,49310,999,999,naive
trees_1000.newick,7,14,246713,1001,49586,999,999,naive
trees_1000.newick,7,15,242793,1001,49983,999,999,naive
trees_1000.newick,7,16,239086,1001,49295,999,999,naive
trees_1000.newick,7,17,239015,1001,49211,999,999,naive
trees_1000.newick,7,18,241889,1001,49528,999,999,naive
trees_1000.newick,7,19,243222,1001,49268,999,999,naive
trees_1000.newick,7,20,238861,1001,49400,999,999,naive
trees_1000.newick,7,21,238745,1001,49226,999,999,naive
trees_1000.newick,7,22,240260,1001,49299,999,999,naive
trees_1000.newick,7,23,239969,1001,49398,999,999,naive
trees_1000.newick,7,24,236822,1001,49501,999,999,naive
trees_1000.newick,7,25,237850,1001,49418,999,999,naive
trees_1000.newick,7,26,244282,1001,49661,999,999,naive
trees_1000.newick,7,27,252454,1001,49576,999,999,naive
trees_1000.newick,7,28,244312,1001,49399,999,999,naive
trees_1000.newick,7,29,243588,1001,49693,999,999,naive
trees_1000.newick,7,30,243344,1001,49337,999,999,naive
trees_1000.newick,7,31,241187,1001,49789,999,999,naive
trees_1000.newick,7,32,240361,1001,49792,999,999,naive
trees_1000.newick,7,33,235805,1001,49220,999,999,naive
trees_1000.newick,7,34,242220,1001,49394,999,999,naive
trees_1000.newick,7,35,236093,1001,49078,999,999,naive
trees_1000.newick,7,36,242431,1001,49829,999,999,naive
trees_1000.newick,7,37,236393,1001,49267,999,999,naive
trees_1000.newick,7,38,238558,1001,49324,999,999,naive
trees_1000.newick,7,39,241559,1001,49868,999,999,naive
trees_1000.newick,7,40,236680,1001,49340,999,999,naive
trees_1000.newick,7,41,236782,1001,49754,999,999,naive
trees_1000.newick,7,42,240685,1001,49738,999,999,naive
trees_1000.newick,7,43,249695,1001,49671,999,999,naive
trees_1000.newick,7,44,243056,1001,49438,999,999,naive
trees_1000.newick,7,45,243083,1001,49423,999,999,naive
trees_1000.newick,7,46,239008,1001,49530,999,999,naive
trees_1000.newick,7,47,237977,1001,49636,999,999,naive
trees_1000.newick,7,48,241712,1001,49825,999,999,naive
trees_1000.newick,7,49,236235,1001,49283,999,999,naive
trees_1000.newick,8,9,239188,1001,49572,999,999,naive
trees_1000.newick,8,10,236345,1001,49655,999,999,naive
trees_1000.newick,8,11,240436,1001,49520,999,999,naive
trees_1000.newick,8,12,236713,1001,48991,999,999,naive
trees_1000.newick,8,13,241380,1001,49660,999,999,naive
trees_1000.newick,8,14,237918,1001,49819,999,999,naive
trees_1000.newick,8,15,236385,1001,49352,999,999,naive
trees_1000.newick,8,16,242840,1001,49450,999,999,naive
trees_1000.newick,8,17,237343,1001,49269,999,999,naive
trees_1000.newick,8,18,238361,1001,49101,999,999,naive
trees_1000.newick,8,19,242115,1001,49594,999,999,naive
trees_1000.newick,8,20,239911,1001,49029,999,999,naive
trees_1000.newick,8,21,246047,1001,49393,999,999,naive
trees_1000.newick,8,22,241970,1001,49177,999,999,naive
trees_1000.newick,8,23,238386,1001,49497,999,999,naive
trees_1000.newick,8,24,239722,1001,49489,999,999,naive
trees_1000.newick,8,25,240769,1001,49587,999,999,naive
trees_1000.newick,8,26,239403,1001,49159,999,999,naive
trees_1000.newick,8,27,244566,1001,49390,999,999,naive
trees_1000.newick,8,28,245330,1001,49271,999,999,naive
trees_1000.newick,8,29,241709,1001,49777,999,999,naive
trees_1000.newick,8,30,245520,1001,49076,999,999,naive
trees_1000.newick,8,31,241541,1001,49770,999,999,naive
trees_1000.newick,8,32,246379,1001,49609,999,999,naive
trees_1000.newick,8,33,240483,1001,48786,999,999,naive
trees_1000.newick,8,34,241321,1001,49038,999,999,naive
trees_1000.newick,8,35,243886,1001,49056,999,999,naive
trees_1000.newick,8,36,246371,1001,49646,999,999,naive
trees_1000.newick,8,37,238686,1001,48551,999,999,naive
trees_1000.newick,8,38,246569,1001,49196,999,999,naive
trees_1000.newick,8,39,242047,1001,49697,999,999,naive
trees_1000.newick,8,40,239409,1001,49312,999,999,naive
trees_1000.newick,8,41,246401,1001,49104,999,999,naive
trees_1000.newick,8,42,242996,1001,49722,999,999,naive
trees_1000.newick,8,43,245039,1001,49062,999,999,naive
trees_1000.newick,8,44,245172,1001,49436,999,999,naive
trees_1000.newick,8,45,236071,1001,48828,999,999,naive
trees_1000.newick,8,46,241326,1001,49510,999,999,naive
trees_1000.newick,8,47,236640,1001,49416,999,999,naive
trees_1000.newick,8,48,239810,1001,49411,999,999,naive
trees_1000.newick,8,49,238595,1001,49409,999,999,naive
trees_1000.newick,9,10,248650,1001,48934,999,999,naive
trees_1000.newick,9,11,240341,1001,49006,999,999,naive
trees_1000.newick,9,12,239317,1001,49389,999,999,naive
trees_1000.newick,9,13,239902,1001,49041,999,999,naive
trees_1000.newick,9,14,238391,1001,49274,999,999,naive
trees_1000.newick,9,15,238080,1001,48986,999,999,naive
trees_1000.newick,9,16,241386,1001,49043,999,999,naive
trees_1000.newick,9,17,243280,1001,49570,999,999,naive
trees_1000.newick,9,18,240285,1001,49386,999,999,naive
trees_1000.newick,9,19,239155,1001,49393,999,999,naive
trees_1000.newick,9,20,245303,1001,49423,999,999,naive
trees_1000.newick,9,21,242859,1001,49056,999,999,naive
trees_1000.newick,9,22,240308,1001,49159,999,999,naive
trees_1000.newick,9,23,238897,1001,49733,999,999,naive
trees_1000.newick,9,24,235654,1001,49017,999,999,naive
trees_1000.newick,9,25,241629,1001,49555,999,999,naive
trees_1000.newick,9,26,236444,1001,49159,999,999,naive
trees_1000.newick,9,27,242472,1001,49053,999,999,naive
trees_1000.newick,9,28,244824,1001,48936,999,999,naive
trees_1000.newick,9,29,237132,1001,49227,999,999,naive
trees_1000.newick,9,30,241193,1001,49188,999,999,naive
trees_1000.newick,9,31,242661,1001,49509,999,999,naive
trees_1000.newick,9,32,242047,1001,48810,999,999,naive
trees_1000.newick,9,33,243537,1001,49031,999,999,naive
trees_1000.newick,9,34,243838,1001,49462,999,999,naive
trees_1000.newick,9,35,242059,1001,48738,999,999,naive
trees_1000.newick,9,36,269961,1001,49606,999,999,naive
trees_1000.newick,9,37,236432,1001,48652,999,999,naive
trees_1000.newick,9,38,245449,1001,49308,999,999,naive
trees_1000.newick,9,39,241835,1001,49361,999,999,naive
trees_1000.newick,9,40,244360,1001,49187,999,999,naive
trees_1000.newick,9,41,241531,1001,49313,999,999,naive
trees_1000.newick,9,42,246140,1001,49747,999,999,naive
trees_1000.newick,9,43,247712,1001,49270,999,999,naive
trees_1000.newick,9,44,249950,1001,48859,999,999,naive
trees_1000.newick,9,45,254981,1001,48936,999,999,naive
trees_1000.newick,9,46,238538,1001,49300,999,999,naive
trees_1000.newick,9,47,245678,1001,49127,999,999,naive
trees_1000.newick,9,48,250082,1001,48908,999,999,naive
trees_1000.newick,9,49,237438,1001,49385,999,999,naive
trees_1000.newick,10,11,243807,1001,49216,999,999,naive
trees_1000.newick,10,12,246240,1001,49362,999,999,naive
trees_1000.newick,10,13,246867,1001,49803,999,999,naive
trees_1000.newick,10,14,237055,1001,49626,999,999,naive
trees_1000.newick,10,15,240341,1001,49403,999,999,naive
trees_1000.newick,10,16,241208,1001,48856,999,999,naive
trees_1000.newick,10,17,240295,1001,49435,999,999,naive
trees_1000.newick,10,18,246152,1001,49859,999,999,naive
trees_1000.newick,10,19,240317,1001,49610,999,999,naive
trees_1000.newick,10,20,241991,1001,49656,999,999,naive
trees_1000.newick,10,21,246023,1001,49192,999,999,naive
trees_1000.newick,10,22,239402,1001,49419,999,999,naive
trees_1000.newick,10,23,244004,1001,49614,999,999,naive
trees_1000.newick,10,24,241133,1001,49161,999,999,naive
trees_1000.newick,10,25,242044,1001,49382,999,999,naive
trees_1000.newick,10,26,243630,1001,49492,999,999,naive
trees_1000.newick,10,27,243319,1001,49638,999,999,naive
trees_1000.newick,10,28,239130,1001,49142,999,999,naive
trees_1000.newick,10,29,241851,1001,49543,999,999,naive
trees_1000.newick,10,30,249050,1001,49501,999,999,naive
trees_1000.newick,10,31,238497,1001,49476,999,999,naive
trees_1000.newick,10,32,240673,1001,49176,999,999,naive
trees_1000.newick,10,33,240289,1001,49223,999,999,naive
trees_1000.newick,10,34,243828,1001,49494,999,999,naive
trees_1000.newick,10,35,243478,1001,49211,999,999,naive
trees_1000.newick,10,36,242257,1001,50238,999,999,naive
trees_1000.newick,10,37,236666,1001,49333,999,999,naive
trees_1000.newick,10,38,238583,1001,49556,999,999,naive
trees_1000.newick,10,39,238081,1001,49348,999,999,naive
trees_1000.newick,10,40,240614,1001,49487,999,999,naive
trees_1000.newick,10,41,238107,1001,49241,999,999,naive
trees_1000.newick,10,42,240070,1001,49419,999,999,naive
trees_1000.newick,10,43,239430,1001,49055,999,999,naive
trees_1000.newick,10,44,239085,1001,49477,999,999,naive
trees_1000.newick,10,45,240405,1001,49243,999,999,naive
trees_1000.newick,10,46,238863,1001,49266,999,999,naive
trees_1000.newick,10,47,238532,1001,49076,999,999,naive
trees_1000.newick,10,48,245878,1001,49216,999,999,naive
trees_1000.newick,10,49,256887,1001,49853,999,999,naive
trees_1000.newick,11,12,237701,1001,48898,999,999,naive
trees_1000.newick,11,13,236482,1001,49430,999,999,naive
trees_1000.newick,11,14,240917,1001,49579,999,999,naive
trees_1000.newick,11,15,237744,1001,49646,999,999,naive
trees_1000.newick,11,16,239257,1001,49285,999,999,naive
trees_1000.newick,11,17,239527,1001,49434,999,999,naive
trees_1000.newick,11,18,240490,1001,49401,999,999,naive
trees_1000.newick,11,19,239391,1001,48986,999,999,naive
trees_1000.newick,11,20,237047,1001,49623,999,999,naive
trees_1000.newick,11,21,239911,1001,49240,999,999,naive
trees_1000.newick,11,22,241332,1001,49086,999,999,naive
trees_1000.newick,11,23,237778,1001,49415,999,999,naive
trees_1000.newick,11,24,240674,1001,49278,999,999,naive
trees_1000.newick,11,25,246710,1001,49108,999,999,naive
trees_1000.newick,11,26,239946,1001,49230,999,999,naive
trees_1000.newick,11,27,246806,1001,49149,999,999,naive
trees_1000.newick,11,28,239402,1001,49087,999,999,naive
trees_1000.newick,11,29,240275,1001,49515,999,999,naive
trees_1000.newick,11,30,244552,1001,49464,999,999,naive
trees_1000.newick,11,31,238431,1001,49369,999,999,naive
trees_1000.newick,11,32,244315,1001,49231,999,999,naive
trees_1000.newick,11,33,243237,1001,49446,999,999,naive
trees_1000.newick,11,34,246286,1001,49527,999,999,naive
trees_1000.newick,11,35,240443,1001,49227,999,999,naive
trees_1000.newick,11,36,242509,1001,49668,999,999,naive
trees_1000.newick,11,37,236538,1001,48960,999,999,naive
trees_1000.newick,11,38,242818,1001,49240,999,999,naive
trees_1000.newick,11,39,237731,1001,49095,999,999,naive
trees_1000.newick,11,40,237412,1001,49758,999,999,naive
trees_1000.newick,11,41,238937,1001,49136,999,999,naive
trees_1000.newick,11,42,240519,1001,49794,999,999,naive
trees_1000.newick,11,43,239732,1001,48960,999,999,naive
trees_1000.newick,11,44,237375,1001,49091,999,999,naive
trees_1000.newick,11,45,233718,1001,48922,999,999,naive
trees_1000.newick,11,46,240102,1001,48745,999,999,naive
trees_1000.newick,11,47,237399,1001,49000,999,999,naive
trees_1000.newick,11,48,238663,1001,49094,999,999,naive
trees_1000.newick,11,49,238184,1001,49472,999,999,naive
trees_1000.newick,12,13,235436,1001,49006,999,999,naive
trees_1000.newick,12,14,241458,1001,49218,999,999,naive
trees_1000.newick,12,15,237623,1001,49382,999,999,naive
trees_1000.newick,12,16,239012,1001,49689,999,999,naive
trees_1000.newick,12,17,240427,1001,49279,999,999,naive
trees_1000.newick,12,18,241195,1001,49383,999,999,naive
trees_1000.newick,12,19,235133,1001,49297,999,999,naive
trees_1000.newick,12,20,238882,1001,49501,999,999,naive
trees_1000.newick,12,21,240478,1001,49626,999,999,naive
trees_1000.newick,12,22,241333,1001,49448,999,999,naive
trees_1000.newick,12,23,240633,1001,49020,999,999,naive
trees_1000.newick,12,24,236320,1001,48984,999,999,naive
trees_1000.newick,12,25,241977,1001,48973,999,999,naive
trees_1000.newick,12,26,242362,1001,49588,999,999,naive
trees_1000.newick,12,27,241781,1001,49533,999,999,naive
trees_1000.newick,12,28,241403,1001,48811,999,999,naive
trees_1000.newick,12,29,235866,1001,49353,999,999,naive
trees_1000.newick,12,30,241814,1001,49287,999,999,naive
trees_1000.newick,12,31,241196,1001,49896,999,999,naive
trees_1000.newick,12,32,244951,1001,49832,999,999,naive
trees_1000.newick,12,33,240481,1001,49022,999,999,naive
trees_1000.newick,12,34,245341,1001,49204,999,999,naive
trees_1000.newick,12,35,237704,1001,49133,999,999,naive
trees_1000.newick,12,36,243196,1001,49812,999,999,naive
trees_1000.newick,12,37,234741,1001,49511,999,999,naive
trees_1000.newick,12,38,238032,1001,49238,999,999,naive
trees_1000.newick,12,39,241847,1001,48753,999,999,naive
trees_1000.newick,12,40,236060,1001,49150,999,999,naive
trees_1000.newick,12,41,238329,1001,48949,999,999,naive
trees_1000.newick,12,42,246316,1001,49699,999,999,naive
trees_1000.newick,12,43,239666,1001,49158,999,999,naive
trees_1000.newick,12,44,243203,1001,49310,999,999,naive
trees_1000.newick,12,45,239209,1001,49407,999,999,naive
trees_1000.newick,12,46,240931,1001,49402,999,999,naive
trees_1000.newick,12,47,242510,1001,48994,999,999,naive
trees_1000.newick,12,48,242203,1001,49362,999,999,naive
trees_1000.newick,12,49,237215,1001,49512,999,999,naive
trees_1000.newick,13,14,238895,1001,49276,999,999,naive
trees_1000.newick,13,15,241069,1001,49589,999,999,naive
trees_1000.newick,13,16,241703,1001,49021,999,999,naive
trees_1000.newick,13,17,240247,1001,49695,999,999,naive
trees_1000.newick,13,18,241369,1001,49729,999,999,naive
trees_1000.newick,13,19,237306,1001,49402,999,999,naive
trees_1000.newick,13,20,239102,1001,49355,999,999,naive
trees_1000.newick,13,21,242870,1001,49275,999,999,naive
trees_1000.newick,13,22,237199,1001,49250,999,999,naive
trees_1000.newick,13,23,238957,1001,49435,999,999,naive
trees_1000.newick,13,24,239153,1001,49357,999,999,naive
trees_1000.newick,13,25,238188,1001,49524,999,999,naive
trees_1000.newick,13,26,239533,1001,49478,999,999,naive
trees_1000.newick,13,27,242412,1001,48963,999,999,naive
trees_1000.newick,13,28,240047,1001,49469,999,999,naive
trees_1000.newick,13,29,240451,1001,49479,999,999,naive
trees_1000.newick,13,30,245226,1001,49559,999,999,naive
trees_1000.newick,13,31,239513,1001,49665,999,999,naive
trees_1000.newick,13,32,243857,1001,49412,999,999,naive
trees_1000.newick,13,33,235340,1001,49263,999,999,naive
trees_1000.newick,13,34,240398,1001,49070,999,999,naive
trees_1000.newick,13,35,243648,1001,49005,999,999,naive
trees_1000.newick,13,36,241435,1001,49724,999,999,naive
trees_1000.newick,13,37,238671,1001,49334,999,999,naive
trees_1000.newick,13,38,241393,1001,49418,999,999,naive
trees_1000.newick,13,39,240647,1001,49123,999,999,naive
trees_1000.newick,13,40,242193,1001,49502,999,999,naive
trees_1000.newick,13,41,240889,1001,49014,999,999,naive
trees_1000.newick,13,42,240660,1001,49142,999,999,naive
trees_1000.newick,13,43,239541,1001,49247,999,999,naive
trees_1000.newick,13,44,240168,1001,49430,999,999,naive
trees_1000.newick,13,45,241186,1001,49002,999,999,naive
trees_1000.newick,13,46,240086,1001,49067,999,999,naive
trees_1000.newick,13,47,239879,1001,49504,999,999,naive
trees_1000.newick,13,48,243714,1001,49617,999,999,naive
trees_1000.newick,13,49,239243,1001,49118,999,999,naive
trees_1000.newick,14,15,239081,1001,49506,999,999,naive
trees_1000.newick,14,16,238360,1001,49323,999,999,naive
trees_1000.newick,14,17,241476,1001,49771,999,999,naive
trees_1000.newick,14,18,237803,1001,49603,999,999,naive
trees_1000.newick,14,19,238493,1001,49351,999,999,naive
trees_1000.newick,14,20,237850,1001,49213,999,999,naive
trees_1000.newick,14,21,241786,1001,49587,999,999,naive
trees_1000.newick,14,22,243868,1001,49708,999,999,naive
trees_1000.newick,14,23,252000,1001,50071,999,999,naive
trees_1000.newick,14,24,240244,1001,49634,999,999,naive
trees_1000.newick,14,25,241141,1001,49635,999,999,naive
trees_1000.newick,14,26,237601,1001,49652,999,999,naive
trees_1000.newick,14,27,244361,1001,49679,999,999,naive
trees_1000.newick,14,28,246346,1001,49377,999,999,naive
trees_1000.newick,14,29,237804,1001,49672,999,999,naive
trees_1000.newick,14,30,244858,1001,49413,999,999,naive
trees_1000.newick,14,31,241014,1001,49955,999,999,naive
trees_1000.newick,14,32,243243,1001,49687,999,999,naive
trees_1000.newick,14,33,241501,1001,49290,999,999,naive
trees_1000.newick,14,34,239973,1001,49204,999,999,naive
trees_1000.newick,14,35,239784,1001,49506,999,999,naive
trees_1000.newick,14,36,242498,1001,49698,999,999,naive
trees_1000.newick,14,37,236432,1001,49446,999,999,naive
trees_1000.newick,14,38,244335,1001,49020,999,999,naive
trees_1000.newick,14,39,243181,1001,49698,999,999,naive
trees_1000.newick,14,40,237950,1001,49351,999,999,naive
trees_1000.newick,14,41,240020,1001,49731,999,999,naive
trees_1000.newick,14,42,237760,1001,49305,999,999,naive
trees_1000.newick,14,43,237075,1001,49453,999,999,naive
trees_1000.newick,14,44,240521,1001,49365,999,999,naive
trees_1000.newick,14,45,232941,1001,49433,999,999,naive
trees_1000.newick,14,46,242169,1001,49533,999,999,naive
trees_1000.newick,14,47,243065,1001,49292,999,999,naive
trees_1000.newick,14,48,240710,1001,49343,999,999,naive
trees_1000.newick,14,49,241562,1001,49715,999,999,naive
trees_1000.newick,15,16,242582,1001,49368,999,999,naive
trees_1000.newick,15,17,239583,1001,49402,999,999,naive
trees_1000.newick,15,18,243222,1001,49659,999,999,naive
trees_1000.newick,15,19,238240,1001,49639,999,999,naive
trees_1000.newick,15,20,236960,1001,49260,999,999,naive
trees_1000.newick,15,21,242679,1001,49243,999,999,naive
trees_1000.newick,15,22,239479,1001,49372,999,999,naive
trees_1000.newick,15,23,244100,1001,49426,999,999,naive
trees_1000.newick,15,24,240346,1001,49267,999,999,naive
trees_1000.newick,15,25,239156,1001,49369,999,999,naive
trees_1000.newick,15,26,242179,1001,49341,999,999,naive
trees_1000.newick,15,27,238469,1001,49416,999,999,naive
trees_1000.newick,15,28,245026,1001,49570,999,999,naive
trees_1000.newick,15,29,239182,1001,49500,999,999,naive
trees_1000.newick,15,30,241622,1001,49634,999,999,naive
trees_1000.newick,15,31,241744,1001,49724,999,999,naive
trees_1000.newick,15,32,244772,1001,49709,999,999,naive
trees_1000.newick,15,33,237797,1001,49099,999,999,naive
trees_1000.newick,15,34,244245,1001,48942,999,999,naive
trees_1000.newick,15,35,241962,1001,48936,999,999,naive
trees_1000.newick,15,36,241499,1001,50318,999,999,naive
trees_1000.newick,15,37,236422,1001,49125,999,999,naive
trees_1000.newick,15,38,238774,1001,49165,999,999,naive
trees_1000.newick,15,39,241039,1001,49514,999,999,naive
trees_1000.newick,15,40,240955,1001,49382,999,999,naive
trees_1000.newick,15,41,241060,1001,49115,999,999,naive
trees_1000.newick,15,42,244875,1001,49396,999,999,naive
trees_1000.newick,15,43,241352,1001,49266,999,999,naive
trees_1000.newick,15,44,243261,1001,49475,999,999,naive
trees_1000.newick,15,45,238835,1001,49514,999,999,naive
trees_1000.newick,15,46,236303,1001,49491,999,999,naive
trees_1000.newick,15,47,241243,1001,49353,999,999,naive
trees_1000.newick,15,48,243038,1001,49370,999,999,naive
trees_1000.newick,15,49,237908,1001,49534,999,999,naive
trees_1000.newick,16,17,237808,1001,49162,999,999,naive
trees_1000.newick,16,18,243933,1001,49153,999,999,naive
trees_1000.newick,16,19,240132,1001,49235,999,999,naive
trees_1000.newick,16,20,235414,1001,48982,999,999,naive
trees_1000.newick,16,21,243194,1001,49291,999,999,naive
trees_1000.newick,16,22,244695,1001,49332,999,999,naive
trees_1000.newick,16,23,242597,1001,49412,999,999,naive
trees_1000.newick,16,24,243161,1001,49282,999,999,naive
trees_1000.newick,16,25,236452,1001,49514,999,999,naive
trees_1000.newick,16,26,237356,1001,49447,999,999,naive
trees_1000.newick,16,27,243367,1001,49149,999,999,naive
trees_1000.newick,16,28,239780,1001,49092,999,999,naive
trees_1000.newick,16,29,241652,1001,49141,999,999,naive
trees_1000.newick,16,30,245438,1001,49305,999,999,naive
trees_1000.newick,16,31,238139,1001,49586,999,999,naive
trees_1000.newick,16,32,242120,1001,49536,999,999,naive
trees_1000.newick,16,33,238094,1001,49188,999,999,naive
trees_1000.newick,16,34,238697,1001,49247,999,999,naive
trees_1000.newick,16,35,241081,1001,48590,999,999,naive
trees_1000.newick,16,36,239659,1001,49357,999,999,naive
trees_1000.newick,16,37,233449,1001,49211,999,999,naive
trees_1000.newick,16,38,241936,1001,49231,999,999,naive
trees_1000.newick,16,39,238041,1001,49460,999,999,naive
trees_1000.newick,16,40,237385,1001,49400,999,999,naive
trees_1000.newick,16,41,240324,1001,49154,999,999,naive
trees_1000.newick,16,42,237335,1001,49663,999,999,naive
trees_1000.newick,16,43,237223,1001,48919,999,999,naive
trees_1000.newick,16,44,239573,1001,49440,999,999,naive
trees_1000.newick,16,45,237233,1001,49192,999,999,naive
trees_1000.newick,16,46,240167,1001,49278,999,999,naive
trees_1000.newick,16,47,235199,1001,48737,999,999,naive
trees_1000.newick,16,48,244049,1001,48999,999,999,naive
trees_1000.newick,16,49,241145,1001,49150,999,999,naive
trees_1000.newick,17,18,241560,1001,49038,999,999,naive
trees_1000.newick,17,19,238438,1001,48889,999,999,naive
trees_1000.newick,17,20,238666,1001,48837,999,999,naive
trees_1000.newick,17,21,238177,1001,49110,999,999,naive
trees_1000.newick,17,22,241011,1001,49364,999,999,naive
trees_1000.newick,17,23,238216,1001,49488,999,999,naive
trees_1000.newick,17,24,234649,1001,49373,999,999,naive
trees_1000.newick,17,25,240460,1001,49402,999,999,naive
trees_1000.newick,17,26,236379,1001,49186,999,999,naive
trees_1000.newick,17,27,240102,1001,49673,999,999,naive
trees_1000.newick,17,28,244096,1001,49292,999,999,naive
trees_1000.newick,17,29,235813,1001,49166,999,999,naive
trees_1000.newick,17,30,242418,1001,49197,999,999,naive
trees_1000.newick,17,31,239030,1001,49823,999,999,naive
trees_1000.newick,17,32,239273,1001,49662,999,999,naive
trees_1000.newick,17,33,237746,1001,48869,999,999,naive
trees_1000.newick,17,34,238264,1001,49084,999,999,naive
trees_1000.newick,17,35,239269,1001,49155,999,999,naive
trees_1000.newick,17,36,246376,1001,49692,999,999,naive
trees_1000.newick,17,37,236804,1001,48846,999,999,naive
trees_1000.newick,17,38,239819,1001,49593,999,999,naive
trees_1000.newick,17,39,242385,1001,49598,999,999,naive
trees_1000.newick,17,40,238203,1001,49644,999,999,naive
trees_1000.newick,17,41,240405,1001,49295,999,999,naive
trees_1000.newick,17,42,239991,1001,49155,999,999,naive
trees_1000.newick,17,43,237636,1001,49090,999,999,naive
trees_1000.newick,17,44,244346,1001,49379,999,999,naive
trees_1000.newick,17,45,238307,1001,49215,999,999,naive
trees_1000.newick,17,46,238102,1001,49433,999,999,naive
trees_1000.newick,17,47,241703,1001,49057,999,999,naive
trees_1000.newick,17,48,240131,1001,49305,999,999,naive
trees_1000.newick,17,49,240785,1001,49106,999,999,naive
trees_1000.newick,18,19,242715,1001,49691,999,999,naive
trees_1000.newick,18,20,242661,1001,49691,999,999,naive
trees_1000.newick,18,21,243889,1001,49646,999,999,naive
trees_1000.newick,18,22,241652,1001,49215,999,999,naive
trees_1000.newick,18,23,242354,1001,49288,999,999,naive
trees_1000.newick,18,24,237118,1001,49267,999,999,naive
trees_1000.newick,18,25,239472,1001,49414,999,999,naive
trees_1000.newick,18,26,242555,1001,49585,999,999,naive
trees_1000.newick,18,27,241848,1001,49507,999,999,naive
trees_1000.newick,18,28,240522,1001,49211,999,999,naive
trees_1000.newick,18,29,239283,1001,49579,999,999,naive
trees_1000.newick,18,30,241351,1001,49591,999,999,naive
trees_1000.newick,18,31,242415,1001,49966,999,999,naive
trees_1000.newick,18,32,242973,1001,49664,999,999,naive
trees_1000.newick,18,33,234745,1001,49409,999,999,naive
trees_1000.newick,18,34,239731,1001,49203,999,999,naive
trees_1000.newick,18,35,240527,1001,49211,999,999,naive
trees_1000.newick,18,36,240901,1001,49517,999,999,naive
trees_1000.newick,18,37,237746,1001,49066,999,999,naive
trees_1000.newick,18,38,241649,1001,49305,999,999,naive
trees_1000.newick,18,39,254067,1001,49550,999,999,naive
trees_1000.newick,18,40,241124,1001,49379,999,999,naive
trees_1000.newick,18,41,238983,1001,49393,999,999,naive
trees_1000.newick,18,42,242712,1001,49924,999,999,naive
trees_1000.newick,18,43,255954,1001,49659,999,999,naive
trees_1000.newick,18,44,241116,1001,49414,999,999,naive
trees_1000.newick,18,45,261521,1001,49222,999,999,naive
trees_1000.newick,18,46,239477,1001,49420,999,999,naive
trees_1000.newick,18,47,240152,1001,49240,999,999,naive
trees_1000.newick,18,48,241881,1001,49411,999,999,naive
trees_1000.newick,18,49,237549,1001,49552,999,999,naive
trees_1000.newick,19,20,237314,1001,49619,999,999,naive
trees_1000.newick,19,21,242459,1001,49452,999,999,naive
trees_1000.newick,19,22,242588,1001,49792,999,999,naive
trees_1000.newick,19,23,235635,1001,48991,999,999,naive
trees_1000.newick,19,24,237939,1001,49077,999,999,naive
trees_1000.newick,19,25,242360,1001,49521,999,999,naive
trees_1000.newick,19,26,235516,1001,49543,999,999,naive
trees_1000.newick,19,27,247563,1001,48947,999,999,naive
trees_1000.newick,19,28,242832,1001,49023,999,999,naive
trees_1000.newick,19,29,241733,1001,49457,999,999,naive
trees_1000.newick,19,30,244389,1001,49319,999,999,naive
trees_1000.newick,19,31,238398,1001,49399,999,999,naive
trees_1000.newick,19,32,243488,1001,49302,999,999,naive
trees_1000.newick,19,33,240160,1001,49411,999,999,naive
trees_1000.newick,19,34,241492,1001,49362,999,999,naive
trees_1000.newick,19,35,241049,1001,49226,999,999,naive
trees_1000.newick,19,36,239764,1001,49403,999,999,naive
trees_1000.newick,19,37,235086,1001,49207,999,999,naive
trees_1000.newick,19,38,243622,1001,49378,999,999,naive
trees_1000.newick,19,39,238548,1001,49440,999,999,naive
trees_1000.newick,19,40,240142,1001,49718,999,999,naive
trees_1000.newick,19,41,242866,1001,49276,999,999,naive
trees_1000.newick,19,42,242007,1001,49703,999,999,naive
trees_1000.newick,19,43,242715,1001,49386,999,999,naive
trees_1000.newick,19,44,238669,1001,49374,999,999,naive
trees_1000.newick,19,45,234369,1001,49123,999,999,naive
trees_1000.newick,19,46,241599,1001,49255,999,999,naive
trees_1000.newick,19,47,238881,1001,49722,999,999,naive
trees_1000.newick,19,48,241657,1001,49344,999,999,naive
trees_1000.newick,19,49,240860,1001,49134,999,999,naive
trees_1000.newick,20,21,239184,1001,49390,999,999,naive
trees_1000.newick,20,22,237895,1001,49633,999,999,naive
trees_1000.newick,20,23,240786,1001,49144,999,999,naive
trees_1000.newick,20,24,233516,1001,49292,999,999,naive
trees_1000.newick,20,25,241707,1001,49419,999,999,naive
trees_1000.newick,20,26,238040,1001,49403,999,999,naive
trees_1000.newick,20,27,248584,1001,49026,999,999,naive
trees_1000.newick,20,28,246070,1001,49356,999,999,naive
trees_1000.newick,20,29,237415,1001,49443,999,999,naive
trees_1000.newick,20,30,244290,1001,49672,999,999,naive
trees_1000.newick,20,31,243270,1001,49495,999,999,naive
trees_1000.newick,20,32,238933,1001,49498,999,999,naive
trees_1000.newick,20,33,240360,1001,49295,999,999,naive
trees_1000.newick,20,34,241018,1001,49254,999,999,naive
trees_1000.newick,20,35,237925,1001,49352,999,999,naive
trees_1000.newick,20,36,243460,1001,49691,999,999,naive
trees_1000.newick,20,37,234945,1001,48854,999,999,naive
trees_1000.newick,20,38,240772,1001,49150,999,999,naive
trees_1000.newick,20,39,242136,1001,49326,999,999,naive
trees_1000.newick,20,40,236399,1001,49629,999,999,naive
trees_1000.newick,20,41,240220,1001,49241,999,999,naive
trees_1000.newick,20,42,244767,1001,49447,999,999,naive
trees_1000.newick,20,43,235874,1001,48960,999,999,naive
trees_1000.newick,20,44,241498,1001,49052,999,999,naive
trees_1000.newick,20,45,236321,1001,49250,999,999,naive
trees_1000.newick,20,46,237277,1001,49398,999,999,naive
trees_1000.newick,20,47,242078,1001,49117,999,999,naive
trees_1000.newick,20,48,237792,1001,49010,999,999,naive
trees_1000.newick,20,49,235621,1001,49395,999,999,naive
trees_1000.newick,21,22,236881,1001,49368,999,999,naive
trees_1000.newick,21,23,244875,1001,49314,999,999,naive
trees_1000.newick,21,24,236978,1001,49613,999,999,naive
trees_1000.newick,21,25,239693,1001,49226,999,999,naive
trees_1000.newick,21,26,241181,1001,49588,999,999,naive
trees_1000.newick,21,27,246348,1001,49651,999,999,naive
trees_1000.newick,21,28,241796,1001,49251,999,999,naive
trees_1000.newick,21,29,260967,1001,49685,999,999,naive
trees_1000.newick,21,30,243590,1001,49288,999,999,naive
trees_1000.newick,21,31,247259,1001,49227,999,999,naive
trees_1000.newick,21,32,245395,1001,49871,999,999,naive
trees_1000.newick,21,33,238957,1001,49574,999,999,naive
trees_1000.newick,21,34,241279,1001,49277,999,999,naive
trees_1000.newick,21,35,238292,1001,49168,999,999,naive
trees_1000.newick,21,36,241780,1001,49855,999,999,naive
trees_1000.newick,21,37,238965,1001,49306,999,999,naive
trees_1000.newick,21,38,240918,1001,48983,999,999,naive
trees_1000.newick,21,39,238677,1001,49635,999,999,naive
trees_1000.newick,21,40,237909,1001,49234,999,999,naive
trees_1000.newick,21,41,237883,1001,49468,999,999,naive
trees_1000.newick,21,42,242781,1001,50036,999,999,naive
trees_1000.newick,21,43,241697,1001,49331,999,999,naive
trees_1000.newick,21,44,242149,1001,49604,999,999,naive
trees_1000.newick,21,45,239549,1001,49557,999,999,naive
trees_1000.newick,21,46,242531,1001,49374,999,999,naive
trees_1000.newick,21,47,235591,1001,49684,999,999,naive
trees_1000.newick,21,48,242051,1001,49239,999,999,naive
trees_1000.newick,21,49,233693,1001,49574,999,999,naive
trees_1000.newick,22,23,238649,1001,49709,999,999,naive
trees_1000.newick,22,24,237505,1001,49527,999,999,naive
trees_1000.newick,22,25,241570,1001,49297,999,999,naive
trees_1000.newick,22,26,239159,1001,49307,999,999,naive
trees_1000.newick,22,27,245448,1001,49369,999,999,naive
trees_1000.newick,22,28,244744,1001,49160,999,999,naive
trees_1000.newick,22,29,238201,1001,49801,999,999,naive
trees_1000.newick,22,30,241448,1001,49558,999,999,naive
trees_1000.newick,22,31,236191,1001,49399,999,999,naive
trees_1000.newick,22,32,239314,1001,49488,999,999,naive
trees_1000.newick,22,33,239505,1001,49385,999,999,naive
trees_1000.newick,22,34,243351,1001,49384,999,999,naive
trees_1000.newick,22,35,245227,1001,49631,999,999,naive
trees_1000.newick,22,36,245494,1001,49822,999,999,naive
trees_1000.newick,22,37,231834,1001,49221,999,999,naive
trees_1000.newick,22,38,242384,1001,49642,999,999,naive
trees_1000.newick,22,39,237769,1001,49502,999,999,naive
trees_1000.newick,22,40,236348,1001,49707,999,999,naive
trees_1000.newick,22,41,237071,1001,49255,999,999,naive
trees_1000.newick,22,42,237462,1001,49260,999,999,naive
trees_1000.newick,22,43,240450,1001,49497,999,999,naive
trees_1000.newick,22,44,239842,1001,49143,999,999,naive
trees_1000.newick,22,45,234312,1001,49566,999,999,naive
trees_1000.newick,22,46,237702,1001,49496,999,999,naive
trees_1000.newick,22,47,236052,1001,49371,999,999,naive
trees_1000.newick,22,48,237831,1001,49562,999,999,naive
trees_1000.newick,22,49,239460,1001,49355,999,999,naive
trees_1000.newick,23,24,237463,1001,49007,999,999,naive
trees_1000.newick,23,25,239523,1001,49726,999,999,naive
trees_1000.newick,23,26,239432,1001,49263,999,999,naive
trees_1000.newick,23,27,239801,1001,49274,999,999,naive
trees_1000.newick,23,28,244503,1001,48716,999,999,naive
trees_1000.newick,23,29,237336,1001,49758,999,999,naive
trees_1000.newick,23,30,237202,1001,49316,999,999,naive
trees_1000.newick,23,31,238752,1001,49386,999,999,naive
trees_1000.newick,23,32,237169,1001,49464,999,999,naive
trees_1000.newick,23,33,238341,1001,49225,999,999,naive
trees_1000.newick,23,34,241391,1001,49149,999,999,naive
trees_1000.newick,23,35,239490,1001,48916,999,999,naive
trees_1000.newick,23,36,245134,1001,49673,999,999,naive
trees_1000.newick,23,37,238365,1001,49073,999,999,naive
trees_1000.newick,23,38,242215,1001,48977,999,999,naive
trees_1000.newick,23,39,242563,1001,48991,999,999,naive
trees_1000.newick,23,40,240155,1001,49660,999,999,naive
trees_1000.newick,23,41,235957,1001,49013,999,999,naive
trees_1000.newick,23,42,240199,1001,49600,999,999,naive
trees_1000.newick,23,43,235517,1001,49352,999,999,naive
trees_1000.newick,23,44,237738,1001,49558,999,999,naive
trees_1000.newick,23,45,236417,1001,49527,999,999,naive
trees_1000.newick,23,46,238083,1001,49339,999,999,naive
trees_1000.newick,23,47,237873,1001,49638,999,999,naive
trees_1000.newick,23,48,239397,1001,49237,999,999,naive
trees_1000.newick,23,49,234661,1001,49202,999,999,naive
trees_1000.newick,24,25,236673,1001,49108,999,999,naive
trees_1000.newick,24,26,236771,1001,49203,999,999,naive
trees_1000.newick,24,27,241224,1001,49302,999,999,naive
trees_1000.newick,24,28,239138,1001,48719,999,999,naive
trees_1000.newick,24,29,237765,1001,49079,999,999,naive
trees_1000.newick,24,30,240365,1001,49025,999,999,naive
trees_1000.newick,24,31,235727,1001,49497,999,999,naive
trees_1000.newick,24,32,240816,1001,49330,999,999,naive
trees_1000.newick,24,33,235139,1001,49130,999,999,naive
trees_1000.newick,24,34,239168,1001,49543,999,999,naive
trees_1000.newick,24,35,244501,1001,49219,999,999,naive
trees_1000.newick,24,36,240628,1001,49772,999,999,naive
trees_1000.newick,24,37,238454,1001,49168,999,999,naive
trees_1000.newick,24,38,243871,1001,49055,999,999,naive
trees_1000.newick,24,39,236144,1001,49287,999,999,naive
trees_1000.newick,24,40,241880,1001,49509,999,999,naive
trees_1000.newick,24,41,237421,1001,49101,999,999,naive
trees_1000.newick,24,42,238708,1001,49469,999,999,naive
trees_1000.newick,24,43,237550,1001,49232,999,999,naive
trees_1000.newick,24,44,239478,1001,49495,999,999,naive
trees_1000.newick,24,45,260389,1001,48998,999,999,naive
trees_1000.newick,24,46,248520,1001,49427,999,999,naive
trees_1000.newick,24,47,238954,1001,49036,999,999,naive
trees_1000.newick,24,48,251082,1001,49437,999,999,naive
trees_1000.newick,24,49,241008,1001,49307,999,999,naive
trees_1000.newick,25,26,235963,1001,49050,999,999,naive
trees_1000.newick,25,27,243521,1001,49222,999,999,naive
trees_1000.newick,25,28,242546,1001,49074,999,999,naive
trees_1000.newick,25,29,238305,1001,49913,999,999,naive
trees_1000.newick,25,30,239737,1001,49562,999,999,naive
trees_1000.newick,25,31,237085,1001,50098,999,999,naive
trees_1000.newick,25,32,238955,1001,49411,999,999,naive
trees_1000.newick,25,33,239211,1001,49645,999,999,naive
trees_1000.newick,25,34,241024,1001,49327,999,999,naive
trees_1000.newick,25,35,238511,1001,49090,999,999,naive
trees_1000.newick,25,36,247146,1001,49634,999,999,naive
trees_1000.newick,25,37,239141,1001,49068,999,999,naive
trees_1000.newick,25,38,244350,1001,49211,999,999,naive
trees_1000.newick,25,39,245646,1001,49590,999,999,naive
trees_1000.newick,25,40,243023,1001,49514,999,999,naive
trees_1000.newick,25,41,239422,1001,49208,999,999,naive
trees_1000.newick,25,42,239523,1001,49490,999,999,naive
trees_1000.newick,25,43,239937,1001,48894,999,999,naive
trees_1000.newick,25,44,244672,1001,49162,999,999,naive
trees_1000.newick,25,45,239460,1001,49289,999,999,naive
trees_1000.newick,25,46,242217,1001,49203,999,999,naive
trees_1000.newick,25,47,237827,1001,48929,999,999,naive
trees_1000.newick,25,48,243506,1001,49326,999,999,naive
trees_1000.newick,25,49,244363,1001,49743,999,999,naive
trees_1000.newick,26,27,249134,1001,49106,999,999,naive
trees_1000.newick,26,28,248826,1001,49207,999,999,naive
trees_1000.newick,26,29,243543,1001,49846,999,999,naive
trees_1000.newick,26,30,242658,1001,49171,999,999,naive
trees_1000.newick,26,31,288187,1001,49575,999,999,naive
trees_1000.newick,26,32,378396,1001,49844,999,999,naive
trees_1000.newick,26,33,278771,1001,48932,999,999,naive
trees_1000.newick,26,34,245442,1001,49010,999,999,naive
trees_1000.newick,26,35,243820,1001,48832,999,999,naive
trees_1000.newick,26,36,240948,1001,49662,999,999,naive
trees_1000.newick,26,37,235653,1001,49061,999,999,naive
trees_1000.newick,26,38,240085,1001,49335,999,999,naive
trees_1000.newick,26,39,243013,1001,49277,999,999,naive
trees_1000.newick,26,40,239651,1001,49572,999,999,naive
trees_1000.newick,26,41,236230,1001,48635,999,999,naive
trees_1000.newick,26,42,241147,1001,49383,999,999,naive
trees_1000.newick,26,43,241712,1001,49921,999,999,naive
trees_1000.newick,26,44,240712,1001,49575,999,999,naive
trees_1000.newick,26,45,242167,1001,49283,999,999,naive
trees_1000.newick,26,46,240325,1001,48828,999,999,naive
trees_1000.newick,26,47,239158,1001,49259,999,999,naive
trees_1000.newick,26,48,243600,1001,49475,999,999,naive
trees_1000.newick,26,49,236433,1001,49115,999,999,naive
trees_1000.newick,27,28,243265,1001,49111,999,999,naive
trees_1000.newick,27,29,239756,1001,49457,999,999,naive
trees_1000.newick,27,30,244580,1001,48621,999,999,naive
trees_1000.newick,27,31,238320,1001,49309,999,999,naive
trees_1000.newick,27,32,239193,1001,49558,999,999,naive
trees_1000.newick,27,33,237563,1001,49194,999,999,naive
trees_1000.newick,27,34,241752,1001,49003,999,999,naive
trees_1000.newick,27,35,245617,1001,49330,999,999,naive
trees_1000.newick,27,36,241386,1001,49625,999,999,naive
trees_1000.newick,27,37,238104,1001,48733,999,999,naive
trees_1000.newick,27,38,241237,1001,49510,999,999,naive
trees_1000.newick,27,39,236961,1001,49202,999,999,naive
trees_1000.newick,27,40,238428,1001,49315,999,999,naive
trees_1000.newick,27,41,239916,1001,48862,999,999,naive
trees_1000.newick,27,42,252583,1001,49262,999,999,naive
trees_1000.newick,27,43,241354,1001,49199,999,999,naive
trees_1000.newick,27,44,238628,1001,49011,999,999,naive
trees_1000.newick,27,45,234605,1001,48894,999,999,naive
trees_1000.newick,27,46,244423,1001,49065,999,999,naive
trees_1000.newick,27,47,233984,1001,49205,999,999,naive
trees_1000.newick,27,48,237522,1001,49362,999,999,naive
trees_1000.newick,27,49,236941,1001,49656,999,999,naive
trees_1000.newick,28,29,246998,1001,49294,999,999,naive
trees_1000.newick,28,30,240535,1001,49183,999,999,naive
trees_1000.newick,28,31,240864,1001,49361,999,999,naive
trees_1000.newick,28,32,237925,1001,49338,999,999,naive
trees_1000.newick,28,33,245270,1001,49615,999,999,naive
trees_1000.newick,28,34,238685,1001,49189,999,999,naive
trees_1000.newick,28,35,246791,1001,49062,999,999,naive
trees_1000.newick,28,36,252845,1001,49144,999,999,naive
trees_1000.newick,28,37,237358,1001,49150,999,999,naive
trees_1000.newick,28,38,241804,1001,49054,999,999,naive
trees_1000.newick,28,39,269369,1001,49236,999,999,naive
trees_1000.newick,28,40,239541,1001,49386,999,999,naive
trees_1000.newick,28,41,244807,1001,48987,999,999,naive
trees_1000.newick,28,42,245094,1001,49358,999,999,naive
trees_1000.newick,28,43,239771,1001,48950,999,999,naive
trees_1000.newick,28,44,241878,1001,48753,999,999,naive
trees_1000.newick,28,45,250735,1001,49216,999,999,naive
trees_1000.newick,28,46,262682,1001,48890,999,999,naive
trees_1000.newick,28,47,249223,1001,48831,999,999,naive
trees_1000.newick,28,48,249738,1001,48856,999,999,naive
trees_1000.newick,28,49,244073,1001,49436,999,999,naive
trees_1000.newick,29,30,249085,1001,49774,999,999,naive
trees_1000.newick,29,31,251901,1001,49880,999,999,naive
trees_1000.newick,29,32,248600,1001,49559,999,999,naive
trees_1000.newick,29,33,248046,1001,49660,999,999,naive
trees_1000.newick,29,34,244567,1001,49505,999,999,naive
trees_1000.newick,29,35,240048,1001,49381,999,999,naive
trees_1000.newick,29,36,242411,1001,49516,999,999,naive
trees_1000.newick,29,37,241509,1001,49318,999,999,naive
trees_1000.newick,29,38,245170,1001,49310,999,999,naive
trees_1000.newick,29,39,240081,1001,49456,999,999,naive
trees_1000.newick,29,40,246031,1001,49718,999,999,naive
trees_1000.newick,29,41,238592,1001,49823,999,999,naive
trees_1000.newick,29,42,244384,1001,49943,999,999,naive
trees_1000.newick,29,43,239615,1001,49280,999,999,naive
trees_1000.newick,29,44,247252,1001,49246,999,999,naive
trees_1000.newick,29,45,240229,1001,49541,999,999,naive
trees_1000.newick,29,46,242539,1001,49451,999,999,naive
trees_1000.newick,29,47,235406,1001,49050,999,999,naive
trees_1000.newick,29,48,262161,1001,49411,999,999,naive
trees_1000.newick,29,49,240755,1001,49931,999,999,naive
trees_1000.newick,30,31,247156,1001,49489,999,999,naive
trees_1000.newick,30,32,252718,1001,49301,999,999,naive
trees_1000.newick,30,33,238641,1001,49303,999,999,naive
trees_1000.newick,30,34,241718,1001,49205,999,999,naive
trees_1000.newick,30,35,276191,1001,49200,999,999,naive
trees_1000.newick,30,36,252097,1001,49278,999,999,naive
trees_1000.newick,30,37,253464,1001,48776,999,999,naive
trees_1000.newick,30,38,253354,1001,49651,999,999,naive
trees_1000.newick,30,39,247205,1001,49365,999,999,naive
trees_1000.newick,30,40,239673,1001,49695,999,999,naive
trees_1000.newick,30,41,246190,1001,49398,999,999,naive
trees_1000.newick,30,42,250295,1001,49711,999,999,naive
trees_1000.newick,30,43,247211,1001,49344,999,999,naive
trees_1000.newick,30,44,246649,1001,49603,999,999,naive
trees_1000.newick,30,45,243736,1001,49095,999,999,naive
trees_1000.newick,30,46,248380,1001,49021,999,999,naive
trees_1000.newick,30,47,255414,1001,49389,999,999,naive
trees_1000.newick,30,48,249367,1001,49405,999,999,naive
trees_1000.newick,30,49,244558,1001,49618,999,999,naive
trees_1000.newick,31,32,247804,1001,50138,999,999,naive
trees_1000.newick,31,33,245787,1001,49558,999,999,naive
trees_1000.newick,31,34,246404,1001,49316,999,999,naive
trees_1000.newick,31,35,246550,1001,49019,999,999,naive
trees_1000.newick,31,36,251264,1001,49686,999,999,naive
trees_1000.newick,31,37,243022,1001,49367,999,999,naive
trees_1000.newick,31,38,249535,1001,49837,999,999,naive
trees_1000.newick,31,39,256032,1001,49822,999,999,naive
trees_1000.newick,31,40,241424,1001,50039,999,999,naive
trees_1000.newick,31,41,249131,1001,49437,999,999,naive
trees_1000.newick,31,42,250496,1001,49809,999,999,naive
trees_1000.newick,31,43,244353,1001,49506,999,999,naive
trees_1000.newick,31,44,249930,1001,49831,999,999,naive
trees_1000.newick,31,45,246702,1001,49129,999,999,naive
trees_1000.newick,31,46,247618,1001,49295,999,999,naive
trees_1000.newick,31,47,247497,1001,49225,999,999,naive
trees_1000.newick,31,48,259962,1001,49346,999,999,naive
trees_1000.newick,31,49,240960,1001,49886,999,999,naive
trees_1000.newick,32,33,247311,1001,49807,999,999,naive
trees_1000.newick,32,34,245746,1001,49401,999,999,naive
trees_1000.newick,32,35,242516,1001,49485,999,999,naive
trees_1000.newick,32,36,247326,1001,49797,999,999,naive
trees_1000.newick,32,37,241758,1001,49183,999,999,naive
trees_1000.newick,32,38,246621,1001,49298,999,999,naive
trees_1000.newick,32,39,242647,1001,50014,999,999,naive
trees_1000.newick,32,40,240567,1001,49609,999,999,naive
trees_1000.newick,32,41,240373,1001,49557,999,999,naive
trees_1000.newick,32,42,248502,1001,49205,999,999,naive
trees_1000.newick,32,43,243113,1001,49814,999,999,naive
trees_1000.newick,32,44,245569,1001,49502,999,999,naive
trees_1000.newick,32,45,240002,1001,49585,999,999,naive
trees_1000.newick,32,46,241717,1001,49442,999,999,naive
trees_1000.newick,32,47,242023,1001,49527,999,999,naive
trees_1000.newick,32,48,247490,1001,49790,999,999,naive
trees_1000.newick,32,49,240746,1001,49714,999,999,naive
trees_1000.newick,33,34,242573,1001,49132,999,999,naive
trees_1000.newick,33,35,241513,1001,48724,999,999,naive
trees_1000.newick,33,36,247035,1001,49687,999,999,naive
trees_1000.newick,33,37,238447,1001,49317,999,999,naive
trees_1000.newick,33,38,245687,1001,49427,999,999,naive
trees_1000.newick,33,39,243628,1001,49867,999,999,naive
trees_1000.newick,33,40,239100,1001,49346,999,999,naive
trees_1000.newick,33,41,243344,1001,48746,999,999,naive
trees_1000.newick,33,42,243426,1001,49506,999,999,naive
trees_1000.newick,33,43,239200,1001,48942,999,999,naive
trees_1000.newick,33,44,245398,1001,49149,999,999,naive
trees_1000.newick,33,45,238140,1001,48956,999,999,naive
trees_1000.newick,33,46,244538,1001,49329,999,999,naive
trees_1000.newick,33,47,240643,1001,49185,999,999,naive
trees_1000.newick,33,48,243115,1001,49115,999,999,naive
trees_1000.newick,33,49,240646,1001,49118,999,999,naive
trees_1000.newick,34,35,241466,1001,49462,999,999,naive
trees_1000.newick,34,36,243799,1001,49328,999,999,naive
trees_1000.newick,34,37,238612,1001,49052,999,999,naive
trees_1000.newick,34,38,243988,1001,49505,999,999,naive
trees_1000.newick,34,39,244965,1001,49254,999,999,naive
trees_1000.newick,34,40,244921,1001,49892,999,999,naive
trees_1000.newick,34,41,239862,1001,49518,999,999,naive
trees_1000.newick,34,42,248003,1001,49628,999,999,naive
trees_1000.newick,34,43,240405,1001,49102,999,999,naive
trees_1000.newick,34,44,244463,1001,49734,999,999,naive
trees_1000.newick,34,45,241412,1001,49374,999,999,naive
trees_1000.newick,34,46,240952,1001,49374,999,999,naive
trees_1000.newick,34,47,240944,1001,49338,999,999,naive
trees_1000.newick,34,48,244218,1001,49158,999,999,naive
trees_1000.newick,34,49,238365,1001,49920,999,999,naive
trees_1000.newick,35,36,263400,1001,49405,999,999,naive
trees_1000.newick,35,37,237820,1001,48905,999,999,naive
trees_1000.newick,35,38,244052,1001,49206,999,999,naive
trees_1000.newick,35,39,248341,1001,49514,999,999,naive
trees_1000.newick,35,40,242767,1001,49210,999,999,naive
trees_1000.newick,35,41,241114,1001,49468,999,999,naive
trees_1000.newick,35,42,241219,1001,49267,999,999,naive
trees_1000.newick,35,43,242551,1001,49131,999,999,naive
trees_1000.newick,35,44,243998,1001,49208,999,999,naive
trees_1000.newick,35,45,239803,1001,49264,999,999,naive
trees_1000.newick,35,46,251600,1001,49451,999,999,naive
trees_1000.newick,35,47,245545,1001,48948,999,999,naive
trees_1000.newick,35,48,248208,1001,49046,999,999,naive
trees_1000.newick,35,49,250393,1001,49475,999,999,naive
trees_1000.newick,36,37,259548,1001,49470,999,999,naive
trees_1000.newick,36,38,246425,1001,49578,999,999,naive
trees_1000.newick,36,39,248124,1001,49558,999,999,naive
trees_1000.newick,36,40,242744,1001,49768,999,999,naive
trees_1000.newick,36,41,247493,1001,49467,999,999,naive
trees_1000.newick,36,42,245414,1001,49596,999,999,naive
trees_1000.newick,36,43,242631,1001,49209,999,999,naive
trees_1000.newick,36,44,253067,1001,49150,999,999,naive
trees_1000.newick,36,45,245810,1001,49578,999,999,naive
trees_1000.newick,36,46,244742,1001,49605,999,999,naive
trees_1000.newick,36,47,254994,1001,49018,999,999,naive
trees_1000.newick,36,48,250516,1001,49474,999,999,naive
trees_1000.newick,36,49,250854,1001,49607,999,999,naive
trees_1000.newick,37,38,251276,1001,48965,999,999,naive
trees_1000.newick,37,39,244211,1001,49314,999,999,naive
trees_1000.newick,37,40,239086,1001,49109,999,999,naive
trees_1000.newick,37,41,260664,1001,49184,999,999,naive
trees_1000.newick,37,42,246949,1001,49232,999,999,naive
trees_1000.newick,37,43,242586,1001,48779,999,999,naive
trees_1000.newick,37,44,244506,1001,49462,999,999,naive
trees_1000.newick,37,45,246330,1001,49008,999,999,naive
trees_1000.newick,37,46,242358,1001,49120,999,999,naive
trees_1000.newick,37,47,243224,1001,49317,999,999,naive
trees_1000.newick,37,48,245308,1001,48808,999,999,naive
trees_1000.newick,37,49,238742,1001,49534,999,999,naive
trees_1000.newick,38,39,241155,1001,49264,999,999,naive
trees_1000.newick,38,40,238883,1001,49436,999,999,naive
trees_1000.newick,38,41,246330,1001,49500,999,999,naive
trees_1000.newick,38,42,239665,1001,49403,999,999,naive
trees_1000.newick,38,43,241854,1001,49508,999,999,naive
trees_1000.newick,38,44,244498,1001,49145,999,999,naive
trees_1000.newick,38,45,239620,1001,49202,999,999,naive
trees_1000.newick,38,46,247721,1001,49211,999,999,naive
trees_1000.newick,38,47,241268,1001,49322,999,999,naive
trees_1000.newick,38,48,244469,1001,49386,999,999,naive
trees_1000.newick,38,49,244841,1001,49426,999,999,naive
trees_1000.newick,39,40,243743,1001,49572,999,999,naive
trees_1000.newick,39,41,241229,1001,49572,999,999,naive
trees_1000.newick,39,42,243460,1001,49918,999,999,naive
trees_1000.newick,39,43,239398,1001,49199,999,999,naive
trees_1000.newick,39,44,245588,1001,49429,999,999,naive
trees_1000.newick,39,45,240528,1001,49284,999,999,naive
trees_1000.newick,39,46,238709,1001,49086,999,999,naive
trees_1000.newick,39,47,246972,1001,49333,999,999,naive
trees_1000.newick,39,48,241697,1001,49381,999,999,naive
trees_1000.newick,39,49,242564,1001,49129,999,999,naive
trees_1000.newick,40,41,240004,1001,49480,999,999,naive
trees_1000.newick,40,42,247031,1001,49655,999,999,naive
trees_1000.newick,40,43,247552,1001,49480,999,999,naive
trees_1000.newick,40,44,240013,1001,49470,999,999,naive
trees_1000.newick,40,45,241092,1001,49409,999,999,naive
trees_1000.newick,40,46,245052,1001,49560,999,999,naive
trees_1000.newick,40,47,241391,1001,49677,999,999,naive
trees_1000.newick,40,48,243318,1001,49309,999,999,naive
trees_1000.newick,40,49,237971,1001,50034,999,999,naive
trees_1000.newick,41,42,244811,1001,49337,999,999,naive
trees_1000.newick,41,43,242152,1001,49409,999,999,naive
trees_1000.newick,41,44,244546,1001,49107,999,999,naive
trees_1000.newick,41,45,236875,1001,48975,999,999,naive
trees_1000.newick,41,46,244979,1001,49435,999,999,naive
trees_1000.newick,41,47,241269,1001,49130,999,999,naive
trees_1000.newick,41,48,244993,1001,48979,999,999,naive
trees_1000.newick,41,49,243526,1001,49402,999,999,naive
trees_1000.newick,42,43,240755,1001,49803,999,999,naive
trees_1000.newick,42,44,245498,1001,49681,999,999,naive
trees_1000.newick,42,45,240070,1001,49491,999,999,naive
trees_1000.newick,42,46,240165,1001,49322,999,999,naive
trees_1000.newick,42,47,242202,1001,49337,999,999,naive
trees_1000.newick,42,48,242186,1001,49648,999,999,naive
trees_1000.newick,42,49,242882,1001,49906,999,999,naive
trees_1000.newick,43,44,240139,1001,49006,999,999,naive
trees_1000.newick,43,45,239150,1001,48977,999,999,naive
trees_1000.newick,43,46,240050,1001,49283,999,999,naive
trees_1000.newick,43,47,236034,1001,48931,999,999,naive
trees_1000.newick,43,48,245820,1001,49435,999,999,naive
trees_1000.newick,43,49,241102,1001,49257,999,999,naive
trees_1000.newick,44,45,241657,1001,49304,999,999,naive
trees_1000.newick,44,46,240809,1001,49269,999,999,naive
trees_1000.newick,44,47,247852,1001,48856,999,999,naive
trees_1000.newick,44,48,251784,1001,48946,999,999,naive
trees_1000.newick,44,49,242470,1001,49434,999,999,naive
trees_1000.newick,45,46,241313,1001,48595,999,999,naive
trees_1000.newick,45,47,242581,1001,49294,999,999,naive
trees_1000.newick,45,48,246906,1001,49077,999,999,naive
trees_1000.newick,45,49,236717,1001,49394,999,999,naive
trees_1000.newick,46,47,239637,1001,49144,999,999,naive
trees_1000.newick,46,48,243325,1001,49685,999,999,naive
trees_1000.newick,46,49,254724,1001,49387,999,999,naive
trees_1000.newick,47,48,240341,1001,49486,999,999,naive
trees_1000.newick,47,49,239687,1001,49522,999,999,naive
trees_1000.newick,48,49,243419,1001,49575,999,999,naive
trees_100.newick,0,1,1896,101,2022,99,99,naive
trees_100.newick,0,2,1979,101,2085,99,99,naive
trees_100.newick,0,3,3371,101,2060,99,99,naive
trees_100.newick,0,4,2996,101,1985,99,99,naive
trees_100.newick,0,5,3107,101,2040,99,99,naive
trees_100.newick,0,6,2853,101,2093,99,99,naive
trees_100.newick,0,7,2987,101,2050,99,99,naive
trees_100.newick,0,8,1809,101,1992,99,99,naive
trees_100.newick,0,9,1821,101,2007,99,99,naive
trees_100.newick,0,10,1831,101,2082,99,99,naive
trees_100.newick,0,11,2593,101,2065,99,99,naive
trees_100.newick,0,12,1857,101,2021,99,99,naive
trees_100.newick,0,13,1860,101,2051,99,99,naive
trees_100.newick,0,14,1830,101,2014,99,99,naive
trees_100.newick,0,15,1852,101,1987,99,99,naive
trees_100.newick,0,16,1904,101,2031,99,99,naive
trees_100.newick,0,17,1883,101,1990,99,99,naive
trees_100.newick,0,18,1842,101,1999,99,99,naive
trees_100.newick,0,19,1823,101,2131,99,99,naive
trees_100.newick,0,20,1825,101,2120,99,99,naive
trees_100.newick,0,21,1792,101,1963,99,99,naive
trees_100.newick,0,22,1852,101,2065,99,99,naive
trees_100.newick,0,23,1840,101,2099,99,99,naive
trees_100.newick,0,24,1855,101,2048,99,99,naive
trees_100.newick,0,25,1811,101,2062,99,99,naive
trees_100.newick,0,26,1851,101,2056,99,99,naive
trees_100.newick,0,27,1834,101,1904,99,99,naive
trees_100.newick,0,28,1878,101,1936,99,99,naive
trees_100.newick,0,29,1791,101,2041,99,99,naive
trees_100.newick,0,30,1824,101,2014,99,99,naive
trees_100.newick,0,31,1784,101,2006,99,99,naive
trees_100.newick,0,32,1831,101,2074,99,99,naive
trees_100.newick,0,33,1829,101,2105,99,99,naive
trees_100.newick,0,34,1824,101,2024,99,99,naive
trees_100.newick,0,35,2229,101,2031,99,99,naive
trees_100.newick,0,36,1798,101,2074,99,99,naive
trees_100.newick,0,37,1828,101,2132,99,99,naive
trees_100.newick,0,38,1826,101,2121,99,99,naive
trees_100.newick,0,39,1776,101,2074,99,99,naive
trees_100.newick,0,40,1824,101,2035,99,99,naive
trees_100.newick,0,41,1833,101,2081,99,99,naive
trees_100.newick,0,42,1807,101,2051,99,99,naive
trees_100.newick,0,43,1890,101,2055,99,99,naive
trees_100.newick,0,44,1887,101,2037,99,99,naive
trees_100.newick,0,45,1831,101,2035,99,99,naive
trees_100.newick,0,46,1867,101,1957,99,99,naive
trees_100.newick,0,47,1851,101,2105,99,99,naive
trees_100.newick,0,48,1812,101,2053,99,99,naive
trees_100.newick,0,49,1873,101,2109,99,99,naive
trees_100.newick,1,2,1839,101,2122,99,99,naive
trees_100.newick,1,3,1884,101,2095,99,99,naive
trees_100.newick,1,4,1914,101,2003,99,99,naive
trees_100.newick,1,5,1833,101,2065,99,99,naive
trees_100.newick,1,6,1845,101,2145,99,99,naive
trees_100.newick,1,7,1845,101,2144,99,99,naive
trees_100.newick,1,8,1838,101,2152,99,99,naive
trees_100.newick,1,9,1828,101,2051,99,99,naive
trees_100.newick,1,10,1831,101,2054,99,99,naive
trees_100.newick,1,11,1823,101,2145,99,99,naive
trees_100.newick,1,12,1838,101,2097,99,99,naive
trees_100.newick,1,13,1869,101,2051,99,99,naive
trees_100.newick,1,14,1860,101,2193,99,99,naive
trees_100.newick,1,15,1830,101,2038,99,99,naive
trees_100.newick,1,16,2079,101,2141,99,99,naive
trees_100.newick,1,17,2014,101,2098,99,99,naive
trees_100.newick,1,18,1854,101,2231,99,99,naive
trees_100.newick,1,19,1840,101,2103,99,99,naive
trees_100.newick,1,20,1859,101,2063,99,99,naive
trees_100.newick,1,21,1849,101,2071,99,99,naive
trees_100.newick,1,22,1875,101,2201,99,99,naive
trees_100.newick,1,23,1818,101,2074,99,99,naive
trees_100.newick,1,24,1843,101,2151,99,99,naive
trees_100.newick,1,25,1830,101,2093,99,99,naive
trees_100.newick,1,26,1872,101,2158,99,99,naive
trees_100.newick,1,27,1860,101,2109,99,99,naive
trees_100.newick,1,28,1874,101,2072,99,99,naive
trees_100.newick,1,29,1848,101,2078,99,99,naive
trees_100.newick,1,30,1827,101,2099,99,99,naive
trees_100.newick,1,31,1785,101,2087,99,99,naive
trees_100.newick,1,32,1867,101,2180,99,99,naive
trees_100.newick,1,33,1839,101,2053,99,99,naive
trees_100.newick,1,34,2305,101,2136,99,99,naive
trees_100.newick,1,35,1806,101,2047,99,99,naive
trees_100.newick,1,36,1834,101,2024,99,99,naive
trees_100.newick,1,37,1845,101,2124,99,99,naive
trees_100.newick,1,38,1827,101,1980,99,99,naive
trees_100.newick,1,39,1792,101,2007,99,99,naive
trees_100.newick,1,40,1906,101,2054,99,99,naive
trees_100.newick,1,41,1838,101,2073,99,99,naive
trees_100.newick,1,42,1817,101,2112,99,99,naive
trees_100.newick,1,43,1846,101,2065,99,99,naive
trees_100.newick,1,44,1819,101,2128,99,99,naive
trees_100.newick,1,45,1844,101,2149,99,99,naive
trees_100.newick,1,46,1830,101,2109,99,99,naive
trees_100.newick,1,47,1878,101,2131,99,99,naive
trees_100.newick,1,48,1869,101,2125,99,99,naive
trees_100.newick,1,49,1833,101,2087,99,99,naive
trees_100.newick,2,3,1835,101,2177,99,99,naive
trees_100.newick,2,4,1882,101,2154,99,99,naive
trees_100.newick,2,5,1868,101,2147,99,99,naive
trees_100.newick,2,6,1855,101,2085,99,99,naive
trees_100.newick,2,7,1778,101,2129,99,99,naive
trees_100.newick,2,8,1852,101,2083,99,99,naive
trees_100.newick,2,9,1815,101,2085,99,99,naive
trees_100.newick,2,10,1793,101,2204,99,99,naive
trees_100.newick,2,11,1799,101,2067,99,99,naive
trees_100.newick,2,12,1840,101,2103,99,99,naive
trees_100.newick,2,13,1831,101,2173,99,99,naive
trees_100.newick,2,14,1795,101,2073,99,99,naive
trees_100.newick,2,15,1819,101,2131,99,99,naive
trees_100.newick,2,16,1783,101,2097,99,99,naive
trees_100.newick,2,17,1817,101,2086,99,99,naive
trees_100.newick,2,18,1852,101,2061,99,99,naive
trees_100.newick,2,19,1819,101,2182,99,99,naive
trees_100.newick,2,20,1845,101,2197,99,99,naive
trees_100.newick,2,21,1832,101,2046,99,99,naive
trees_100.newick,2,22,1842,101,2133,99,99,naive
trees_100.newick,2,23,1916,101,2088,99,99,naive
trees_100.newick,2,24,1889,101,2162,99,99,naive
trees_100.newick,2,25,1769,101,2028,99,99,naive
trees_100.newick,2,26,1839,101,2136,99,99,naive
trees_100.newick,2,27,1846,101,2046,99,99,naive
trees_100.newick,2,28,1825,101,2027,99,99,naive
trees_100.newick,2,29,1860,101,2129,99,99,naive
trees_100.newick,2,30,1847,101,2185,99,99,naive
trees_100.newick,2,31,1799,101,2112,99,99,naive
trees_100.newick,2,32,1826,101,2054,99,99,naive
trees_100.newick,2,33,1835,101,2121,99,99,naive
trees_100.newick,2,34,1833,101,2187,99,99,naive
trees_100.newick,2,35,1780,101,2133,99,99,naive
trees_100.newick,2,36,1932,101,2063,99,99,naive
trees_100.newick,2,37,1813,101,2110,99,99,naive
trees_100.newick,2,38,1814,101,2105,99,99,naive
trees_100.newick,2,39,1810,101,2139,99,99,naive
trees_100.newick,2,40,1772,101,2025,99,99,naive
trees_100.newick,2,41,1827,101,2070,99,99,naive
trees_100.newick,2,42,1873,101,2034,99,99,naive
trees_100.newick,2,43,1840,101,2129,99,99,naive
trees_100.newick,2,44,1784,101,2151,99,99,naive
trees_100.newick,2,45,1821,101,2001,99,99,naive
trees_100.newick,2,46,1820,101,2130,99,99,naive
trees_100.newick,2,47,1827,101,2077,99,99,naive
trees_100.newick,2,48,1835,101,2121,99,99,naive
trees_100.newick,2,49,1834,101,2105,99,99,naive
trees_100.newick,3,4,1816,101,1933,99,99,naive
trees_100.newick,3,5,1806,101,2064,99,99,naive
trees_100.newick,3,6,1808,101,2055,99,99,naive
trees_100.newick,3,7,1801,101,2086,99,99,naive
trees_100.newick,3,8,1811,101,2086,99,99,naive
trees_100.newick,3,9,1908,101,2008,99,99,naive
trees_100.newick,3,10,1861,101,2075,99,99,naive
trees_100.newick,3,11,1835,101,2092,99,99,naive
trees_100.newick,3,12,1812,101,2046,99,99,naive
trees_100.newick,3,13,1822,101,2069,99,99,naive
trees_100.newick,3,14,1840,101,2018,99,99,naive
trees_100.newick,3,15,1835,101,2117,99,99,naive
trees_100.newick,3,16,1794,101,2097,99,99,naive
trees_100.newick,3,17,1844,101,2013,99,99,naive
trees_100.newick,3,18,1821,101,2025,99,99,naive
trees_100.newick,3,19,1841,101,1954,99,99,naive
trees_100.newick,3,20,1835,101,2069,99,99,naive
trees_100.newick,3,21,1819,101,2062,99,99,naive
trees_100.newick,3,22,1796,101,1974,99,99,naive
trees_100.newick,3,23,1828,101,2023,99,99,naive
trees_100.newick,3,24,1839,101,2043,99,99,naive
trees_100.newick,3,25,1791,101,2084,99,99,naive
trees_100.newick,3,26,1848,101,2047,99,99,naive
trees_100.newick,3,27,1854,101,2043,99,99,naive
trees_100.newick,3,28,1827,101,2054,99,99,naive
trees_100.newick,3,29,1803,101,2066,99,99,naive
trees_100.newick,3,30,1816,101,1967,99,99,naive
trees_100.newick,3,31,1824,101,2120,99,99,naive
trees_100.newick,3,32,1795,101,2016,99,99,naive
trees_100.newick,3,33,1835,101,2007,99,99,naive
trees_100.newick,3,34,1854,101,2158,99,99,naive
trees_100.newick,3,35,1808,101,2020,99,99,naive
trees_100.newick,3,36,1818,101,2011,99,99,naive
trees_100.newick,3,37,1804,101,2049,99,99,naive
trees_100.newick,3,38,1817,101,2059,99,99,naive
trees_100.newick,3,39,2069,101,2112,99,99,naive
trees_100.newick,3,40,2455,101,2049,99,99,naive
trees_100.newick,3,41,1812,101,2125,99,99,naive
trees_100.newick,3,42,1808,101,2022,99,99,naive
trees_100.newick,3,43,1833,101,2099,99,99,naive
trees_100.newick,3,44,1816,101,2090,99,99,naive
trees_100.newick,3,45,3247,101,2095,99,99,naive
trees_100.newick,3,46,1824,101,2089,99,99,naive
trees_100.newick,3,47,1828,101,2084,99,99,naive
trees_100.newick,3,48,1829,101,2164,99,99,naive
trees_100.newick,3,49,1817,101,2077,99,99,naive
trees_100.newick,4,5,2185,101,2019,99,99,naive
trees_100.newick,4,6,1820,101,2095,99,99,naive
trees_100.newick,4,7,1829,101,2089,99,99,naive
trees_100.newick,4,8,1799,101,2019,99,99,naive
trees_100.newick,4,9,1819,101,2031,99,99,naive
trees_100.newick,4,10,1889,101,2089,99,99,naive
trees_100.newick,4,11,2585,101,2082,99,99,naive
trees_100.newick,4,12,2152,101,2203,99,99,naive
trees_100.newick,4,13,1843,101,2072,99,99,naive
trees_100.newick,4,14,1854,101,2094,99,99,naive
trees_100.newick,4,15,1831,101,2089,99,99,naive
trees_100.newick,4,16,1800,101,2040,99,99,naive
trees_100.newick,4,17,1836,101,2052,99,99,naive
trees_100.newick,4,18,1830,101,2111,99,99,naive
trees_100.newick,4,19,1831,101,2050,99,99,naive
trees_100.newick,4,20,1820,101,2137,99,99,naive
trees_100.newick,4,21,1868,101,2108,99,99,naive
trees_100.newick,4,22,1978,101,2098,99,99,naive
trees_100.newick,4,23,2468,101,2043,99,99,naive
trees_100.newick,4,24,1840,101,2102,99,99,naive
trees_100.newick,4,25,1858,101,2098,99,99,naive
trees_100.newick,4,26,1879,101,2066,99,99,naive
trees_100.newick,4,27,1853,101,2101,99,99,naive
trees_100.newick,4,28,2045,101,2113,99,99,naive
trees_100.newick,4,29,3276,101,1978,99,99,naive
trees_100.newick,4,30,1975,101,2054,99,99,naive
trees_100.newick,4,31,1835,101,2010,99,99,naive
trees_100.newick,4,32,1804,101,1999,99,99,naive
trees_100.newick,4,33,1865,101,2041,99,99,naive
trees_100.newick,4,34,1866,101,2138,99,99,naive
trees_100.newick,4,35,1804,101,2137,99,99,naive
trees_100.newick,4,36,1797,101,2119,99,99,naive
trees_100.newick,4,37,1843,101,2012,99,99,naive
trees_100.newick,4,38,1811,101,2040,99,99,naive
trees_100.newick,4,39,1898,101,2049,99,99,naive
trees_100.newick,4,40,1867,101,1955,99,99,naive
trees_100.newick,4,41,1780,101,1967,99,99,naive
trees_100.newick,4,42,1794,101,2117,99,99,naive
trees_100.newick,4,43,1859,101,2169,99,99,naive
trees_100.newick,4,44,1762,101,2009,99,99,naive
trees_100.newick,4,45,1835,101,2022,99,99,naive
trees_100.newick,4,46,1853,101,2096,99,99,naive
trees_100.newick,4,47,1853,101,2040,99,99,naive
trees_100.newick,4,48,1862,101,2139,99,99,naive
trees_100.newick,4,49,1855,101,2026,99,99,naive
trees_100.newick,5,6,1932,101,2131,99,99,naive
trees_100.newick,5,7,1827,101,2106,99,99,naive
trees_100.newick,5,8,1973,101,2116,99,99,naive
trees_100.newick,5,9,1849,101,2080,99,99,naive
trees_100.newick,5,10,1891,101,2022,99,99,naive
trees_100.newick,5,11,1833,101,2063,99,99,naive
trees_100.newick,5,12,1797,101,2052,99,99,naive
trees_100.newick,5,13,1906,101,2138,99,99,naive
trees_100.newick,5,14,1860,101,2115,99,99,naive
trees_100.newick,5,15,1821,101,2130,99,99,naive
trees_100.newick,5,16,1786,101,2031,99,99,naive
trees_100.newick,5,17,1821,101,2062,99,99,naive
trees_100.newick,5,18,1827,101,2032,99,99,naive
trees_100.newick,5,19,1826,101,2109,99,99,naive
trees_100.newick,5,20,2155,101,2004,99,99,naive
trees_100.newick,5,21,1840,101,2074,99,99,naive
trees_100.newick,5,22,1831,101,2154,99,99,naive
trees_100.newick,5,23,1806,101,2069,99,99,naive
trees_100.newick,5,24,1823,101,2128,99,99,naive
trees_100.newick,5,25,1817,101,2081,99,99,naive
trees_100.newick,5,26,1844,101,2058,99,99,naive
trees_100.newick,5,27,1833,101,2090,99,99,naive
trees_100.newick,5,28,1818,101,2104,99,99,naive
trees_100.newick,5,29,1793,101,2095,99,99,naive
trees_100.newick,5,30,1786,101,1951,99,99,naive
trees_100.newick,5,31,1810,101,2072,99,99,naive
trees_100.newick,5,32,1848,101,2068,99,99,naive
trees_100.newick,5,33,1843,101,2118,99,99,naive
trees_100.newick,5,34,1808,101,1967,99,99,naive
trees_100.newick,5,35,1759,101,1998,99,99,naive
trees_100.newick,5,36,1826,101,2078,99,99,naive
trees_100.newick,5,37,1781,101,2057,99,99,naive
trees_100.newick,5,38,1842,101,2078,99,99,naive
trees_100.newick,5,39,1767,101,2040,99,99,naive
trees_100.newick,5,40,1813,101,2074,99,99,naive
trees_100.newick,5,41,1819,101,2124,99,99,naive
trees_100.newick,5,42,1802,101,2004,99,99,naive
trees_100.newick,5,43,1833,101,2061,99,99,naive
trees_100.newick,5,44,2076,101,2001,99,99,naive
trees_100.newick,5,45,1810,101,2028,99,99,naive
trees_100.newick,5,46,1809,101,2160,99,99,naive
trees_100.newick,5,47,1839,101,2040,99,99,naive
trees_100.newick,5,48,1820,101,2098,99,99,naive
trees_100.newick,5,49,1784,101,1974,99,99,naive
trees_100.newick,6,7,1894,101,2112,99,99,naive
trees_100.newick,6,8,1842,101,2104,99,99,naive
trees_100.newick,6,9,1823,101,2045,99,99,naive
trees_100.newick,6,10,1825,101,2145,99,99,naive
trees_100.newick,6,11,1808,101,2079,99,99,naive
trees_100.newick,6,12,1835,101,2140,99,99,naive
trees_100.newick,6,13,1832,101,2169,99,99,naive
trees_100.newick,6,14,1877,101,2151,99,99,naive
trees_100.newick,6,15,1837,101,2112,99,99,naive
trees_100.newick,6,16,1835,101,2148,99,99,naive
trees_100.newick,6,17,1816,101,2018,99,99,naive
trees_100.newick,6,18,1824,101,2071,99,99,naive
trees_100.newick,6,19,1827,101,2136,99,99,naive
trees_100.newick,6,20,1938,101,2176,99,99,naive
trees_100.newick,6,21,1789,101,1965,99,99,naive
trees_100.newick,6,22,1853,101,2184,99,99,naive
trees_100.newick,6,23,1821,101,2080,99,99,naive
trees_100.newick,6,24,1851,101,2140,99,99,naive
trees_100.newick,6,25,1815,101,2069,99,99,naive
trees_100.newick,6,26,1981,101,2150,99,99,naive
trees_100.newick,6,27,1820,101,2017,99,99,naive
trees_100.newick,6,28,1854,101,2067,99,99,naive
trees_100.newick,6,29,1798,101,2154,99,99,naive
trees_100.newick,6,30,1812,101,2126,99,99,naive
trees_100.newick,6,31,1789,101,2141,99,99,naive
trees_100.newick,6,32,1848,101,2146,99,99,naive
trees_100.newick,6,33,1818,101,2010,99,99,naive
trees_100.newick,6,34,1856,101,2195,99,99,naive
trees_100.newick,6,35,1800,101,2075,99,99,naive
trees_100.newick,6,36,1822,101,2184,99,99,naive
trees_100.newick,6,37,1858,101,2047,99,99,naive
trees_100.newick,6,38,1871,101,2085,99,99,naive
trees_100.newick,6,39,1904,101,2115,99,99,naive
trees_100.newick,6,40,1836,101,2090,99,99,naive
trees_100.newick,6,41,1817,101,2095,99,99,naive
trees_100.newick,6,42,1802,101,2133,99,99,naive
trees_100.newick,6,43,1821,101,2048,99,99,naive
trees_100.newick,6,44,1837,101,1947,99,99,naive
trees_100.newick,6,45,1865,101,2191,99,99,naive
trees_100.newick,6,46,1787,101,1994,99,99,naive
trees_100.newick,6,47,1815,101,2117,99,99,naive
trees_100.newick,6,48,1855,101,2157,99,99,naive
trees_100.newick,6,49,1818,101,2056,99,99,naive
trees_100.newick,7,8,1829,101,2061,99,99,naive
trees_100.newick,7,9,1798,101,2048,99,99,naive
trees_100.newick,7,10,1893,101,2013,99,99,naive
trees_100.newick,7,11,1808,101,1987,99,99,naive
trees_100.newick,7,12,1842,101,2104,99,99,naive
trees_100.newick,7,13,1866,101,2109,99,99,naive
trees_100.newick,7,14,1827,101,2115,99,99,naive
trees_100.newick,7,15,1847,101,2076,99,99,naive
trees_100.newick,7,16,1870,101,2065,99,99,naive
trees_100.newick,7,17,1829,101,2100,99,99,naive
trees_100.newick,7,18,1824,101,2003,99,99,naive
trees_100.newick,7,19,1822,101,2008,99,99,naive
trees_100.newick,7,20,1821,101,2105,99,99,naive
trees_100.newick,7,21,1876,101,2004,99,99,naive
trees_100.newick,7,22,1863,101,2149,99,99,naive
trees_100.newick,7,23,1815,101,2022,99,99,naive
trees_100.newick,7,24,1858,101,2198,99,99,naive
trees_100.newick,7,25,1836,101,2025,99,99,naive
trees_100.newick,7,26,1837,101,2098,99,99,naive
trees_100.newick,7,27,1859,101,2011,99,99,naive
trees_100.newick,7,28,1824,101,2060,99,99,naive
trees_100.newick,7,29,1791,101,2068,99,99,naive
trees_100.newick,7,30,1809,101,2052,99,99,naive
trees_100.newick,7,31,1768,101,1991,99,99,naive
trees_100.newick,7,32,1807,101,2045,99,99,naive
trees_100.newick,7,33,1872,101,2024,99,99,naive
trees_100.newick,7,34,1834,101,1988,99,99,naive
trees_100.newick,7,35,1781,101,2017,99,99,naive
trees_100.newick,7,36,1833,101,2039,99,99,naive
trees_100.newick,7,37,1786,101,1971,99,99,naive
trees_100.newick,7,38,1828,101,2049,99,99,naive
trees_100.newick,7,39,1800,101,2087,99,99,naive
trees_100.newick,7,40,1803,101,2032,99,99,naive
trees_100.newick,7,41,1844,101,2164,99,99,naive
trees_100.newick,7,42,2127,101,2084,99,99,naive
trees_100.newick,7,43,1799,101,1998,99,99,naive
trees_100.newick,7,44,1810,101,2073,99,99,naive
trees_100.newick,7,45,1843,101,2084,99,99,naive
trees_100.newick,7,46,1794,101,2101,99,99,naive
trees_100.newick,7,47,1824,101,2100,99,99,naive
trees_100.newick,7,48,1848,101,2093,99,99,naive
trees_100.newick,7,49,1838,101,2141,99,99,naive
trees_100.newick,8,9,1827,101,2083,99,99,naive
trees_100.newick,8,10,1765,101,2074,99,99,naive
trees_100.newick,8,11,1968,101,2125,99,99,naive
trees_100.newick,8,12,1825,101,2040,99,99,naive
trees_100.newick,8,13,1838,101,2121,99,99,naive
trees_100.newick,8,14,1990,101,2160,99,99,naive
trees_100.newick,8,15,1807,101,2051,99,99,naive
trees_100.newick,8,16,1795,101,2033,99,99,naive
trees_100.newick,8,17,1808,101,2017,99,99,naive
trees_100.newick,8,18,1809,101,1984,99,99,naive
trees_100.newick,8,19,1796,101,2031,99,99,naive
trees_100.newick,8,20,1799,101,2069,99,99,naive
trees_100.newick,8,21,1837,101,2061,99,99,naive
trees_100.newick,8,22,1792,101,1944,99,99,naive
trees_100.newick,8,23,1835,101,2054,99,99,naive
trees_100.newick,8,24,1769,101,1952,99,99,naive
trees_100.newick,8,25,1756,101,1979,99,99,naive
trees_100.newick,8,26,1834,101,2116,99,99,naive
trees_100.newick,8,27,1811,101,2048,99,99,naive
trees_100.newick,8,28,1771,101,1952,99,99,naive
trees_100.newick,8,29,1853,101,2144,99,99,naive
trees_100.newick,8,30,1800,101,2088,99,99,naive
trees_100.newick,8,31,1782,101,2065,99,99,naive
trees_100.newick,8,32,1801,101,2113,99,99,naive
trees_100.newick,8,33,1839,101,2093,99,99,naive
trees_100.newick,8,34,1976,101,2089,99,99,naive
trees_100.newick,8,35,1876,101,2108,99,99,naive
trees_100.newick,8,36,2056,101,2041,99,99,naive
trees_100.newick,8,37,1817,101,2102,99,99,naive
trees_100.newick,8,38,1809,101,1988,99,99,naive
trees_100.newick,8,39,1799,101,2052,99,99,naive
trees_100.newick,8,40,1798,101,2143,99,99,naive
trees_100.newick,8,41,1780,101,2000,99,99,naive
trees_100.newick,8,42,1832,101,2079,99,99,naive
trees_100.newick,8,43,1882,101,2056,99,99,naive
trees_100.newick,8,44,1777,101,2062,99,99,naive
trees_100.newick,8,45,1842,101,2115,99,99,naive
trees_100.newick,8,46,1800,101,2107,99,99,naive
trees_100.newick,8,47,1818,101,2141,99,99,naive
trees_100.newick,8,48,1825,101,2129,99,99,naive
trees_100.newick,8,49,1819,101,1985,99,99,naive
trees_100.newick,9,10,1807,101,2145,99,99,naive
trees_100.newick,9,11,1790,101,2017,99,99,naive
trees_100.newick,9,12,1794,101,2054,99,99,naive
trees_100.newick,9,13,1828,101,1961,99,99,naive
trees_100.newick,9,14,1824,101,1984,99,99,naive
trees_100.newick,9,15,1813,101,1980,99,99,naive
trees_100.newick,9,16,1791,101,2084,99,99,naive
trees_100.newick,9,17,1803,101,2070,99,99,naive
trees_100.newick,9,18,1808,101,2017,99,99,naive
trees_100.newick,9,19,1814,101,2058,99,99,naive
trees_100.newick,9,20,1868,101,2050,99,99,naive
trees_100.newick,9,21,1813,101,1945,99,99,naive
trees_100.newick,9,22,1853,101,2053,99,99,naive
trees_100.newick,9,23,1810,101,1964,99,99,naive
trees_100.newick,9,24,1816,101,2125,99,99,naive
trees_100.newick,9,25,1787,101,2026,99,99,naive
trees_100.newick,9,26,2057,101,2088,99,99,naive
trees_100.newick,9,27,1845,101,2049,99,99,naive
trees_100.newick,9,28,1851,101,2043,99,99,naive
trees_100.newick,9,29,2377,101,2128,99,99,naive
trees_100.newick,9,30,1907,101,2088,99,99,naive
trees_100.newick,9,31,1756,101,1934,99,99,naive
trees_100.newick,9,32,1852,101,2030,99,99,naive
trees_100.newick,9,33,1804,101,1973,99,99,naive
trees_100.newick,9,34,1836,101,2031,99,99,naive
trees_100.newick,9,35,1770,101,2050,99,99,naive
trees_100.newick,9,36,1808,101,2070,99,99,naive
trees_100.newick,9,37,1801,101,2102,99,99,naive
trees_100.newick,9,38,1865,101,2033,99,99,naive
trees_100.newick,9,39,1759,101,2041,99,99,naive
trees_100.newick,9,40,1809,101,2005,99,99,naive
trees_100.newick,9,41,1873,101,2090,99,99,naive
trees_100.newick,9,42,1815,101,2072,99,99,naive
trees_100.newick,9,43,2185,101,2055,99,99,naive
trees_100.newick,9,44,2356,101,2056,99,99,naive
trees_100.newick,9,45,1963,101,2068,99,99,naive
trees_100.newick,9,46,1847,101,2077,99,99,naive
trees_100.newick,9,47,2102,101,2004,99,99,naive
trees_100.newick,9,48,1887,101,2078,99,99,naive
trees_100.newick,9,49,1835,101,2084,99,99,naive
trees_100.newick,10,11,1884,101,2099,99,99,naive
trees_100.newick,10,12,2036,101,2172,99,99,naive
trees_100.newick,10,13,1964,101,2104,99,99,naive
trees_100.newick,10,14,1841,101,2103,99,99,naive
trees_100.newick,10,15,1866,101,2055,99,99,naive
trees_100.newick,10,16,1871,101,2217,99,99,naive
trees_100.newick,10,17,2950,101,2118,99,99,naive
trees_100.newick,10,18,1961,101,2156,99,99,naive
trees_100.newick,10,19,1873,101,2074,99,99,naive
trees_100.newick,10,20,1935,101,2032,99,99,naive
trees_100.newick,10,21,1912,101,2071,99,99,naive
trees_100.newick,10,22,1907,101,2130,99,99,naive
trees_100.newick,10,23,1952,101,2181,99,99,naive
trees_100.newick,10,24,1851,101,2106,99,99,naive
trees_100.newick,10,25,1854,101,2114,99,99,naive
trees_100.newick,10,26,1898,101,2103,99,99,naive
trees_100.newick,10,27,1853,101,2093,99,99,naive
trees_100.newick,10,28,1855,101,2100,99,99,naive
trees_100.newick,10,29,1825,101,2115,99,99,naive
trees_100.newick,10,30,1828,101,2158,99,99,naive
trees_100.newick,10,31,1836,101,2093,99,99,naive
trees_100.newick,10,32,1880,101,2165,99,99,naive
trees_100.newick,10,33,1886,101,2198,99,99,naive
trees_100.newick,10,34,1924,101,2066,99,99,naive
trees_100.newick,10,35,1901,101,2140,99,99,naive
trees_100.newick,10,36,1880,101,2076,99,99,naive
trees_100.newick,10,37,1858,101,2119,99,99,naive
trees_100.newick,10,38,1875,101,2189,99,99,naive
trees_100.newick,10,39,1807,101,1979,99,99,naive
trees_100.newick,10,40,2439,101,2074,99,99,naive
trees_100.newick,10,41,2658,101,2069,99,99,naive
trees_100.newick,10,42,1820,101,1992,99,99,naive
trees_100.newick,10,43,1864,101,2179,99,99,naive
trees_100.newick,10,44,1799,101,2114,99,99,naive
trees_100.newick,10,45,1890,101,2140,99,99,naive
trees_100.newick,10,46,1810,101,2116,99,99,naive
trees_100.newick,10,47,1843,101,2175,99,99,naive
trees_100.newick,10,48,1831,101,2111,99,99,naive
trees_100.newick,10,49,1839,101,2063,99,99,naive
trees_100.newick,11,12,1820,101,2125,99,99,naive
trees_100.newick,11,13,1852,101,2014,99,99,naive
trees_100.newick,11,14,1820,101,2167,99,99,naive
trees_100.newick,11,15,1780,101,2029,99,99,naive
trees_100.newick,11,16,1815,101,2113,99,99,naive
trees_100.newick,11,17,1824,101,1975,99,99,naive
trees_100.newick,11,18,1830,101,1976,99,99,naive
trees_100.newick,11,19,1875,101,2042,99,99,naive
trees_100.newick,11,20,1850,101,2022,99,99,naive
trees_100.newick,11,21,1854,101,2053,99,99,naive
trees_100.newick,11,22,1823,101,2004,99,99,naive
trees_100.newick,11,23,1785,101,1903,99,99,naive
trees_100.newick,11,24,1830,101,2031,99,99,naive
trees_100.newick,11,25,1821,101,2046,99,99,naive
trees_100.newick,11,26,1835,101,1988,99,99,naive
trees_100.newick,11,27,1842,101,2053,99,99,naive
trees_100.newick,11,28,1803,101,2004,99,99,naive
trees_100.newick,11,29,1793,101,2088,99,99,naive
trees_100.newick,11,30,1798,101,2148,99,99,naive
trees_100.newick,11,31,1776,101,1974,99,99,naive
trees_100.newick,11,32,1820,101,1996,99,99,naive
trees_100.newick,11,33,1810,101,2084,99,99,naive
trees_100.newick,11,34,1849,101,2113,99,99,naive
trees_100.newick,11,35,1764,101,2046,99,99,naive
trees_100.newick,11,36,1804,101,2069,99,99,naive
trees_100.newick,11,37,1788,101,2057,99,99,naive
trees_100.newick,11,38,1820,101,2082,99,99,naive
trees_100.newick,11,39,1782,101,2005,99,99,naive
trees_100.newick,11,40,1798,101,2132,99,99,naive
trees_100.newick,11,41,1790,101,2018,99,99,naive
trees_100.newick,11,42,1794,101,2027,99,99,naive
trees_100.newick,11,43,1817,101,2059,99,99,naive
trees_100.newick,11,44,1801,101,2114,99,99,naive
trees_100.newick,11,45,1878,101,1985,99,99,naive
trees_100.newick,11,46,1783,101,2025,99,99,naive
trees_100.newick,11,47,1814,101,2025,99,99,naive
trees_100.newick,11,48,1825,101,2123,99,99,naive
trees_100.newick,11,49,1829,101,2055,99,99,naive
trees_100.newick,12,13,1837,101,2119,99,99,naive
trees_100.newick,12,14,1873,101,2092,99,99,naive
trees_100.newick,12,15,1797,101,2099,99,99,naive
trees_100.newick,12,16,1792,101,2116,99,99,naive
trees_100.newick,12,17,1838,101,2155,99,99,naive
trees_100.newick,12,18,1856,101,2148,99,99,naive
trees_100.newick,12,19,1814,101,2137,99,99,naive
trees_100.newick,12,20,1953,101,2104,99,99,naive
trees_100.newick,12,21,1815,101,2046,99,99,naive
trees_100.newick,12,22,1804,101,2088,99,99,naive
trees_100.newick,12,23,1835,101,2130,99,99,naive
trees_100.newick,12,24,1810,101,2169,99,99,naive
trees_100.newick,12,25,1785,101,2040,99,99,naive
trees_100.newick,12,26,1889,101,2123,99,99,naive
trees_100.newick,12,27,1875,101,2039,99,99,naive
trees_100.newick,12,28,1790,101,2123,99,99,naive
trees_100.newick,12,29,1774,101,2074,99,99,naive
trees_100.newick,12,30,1811,101,2200,99,99,naive
trees_100.newick,12,31,1792,101,1990,99,99,naive
trees_100.newick,12,32,1791,101,2082,99,99,naive
trees_100.newick,12,33,1845,101,2129,99,99,naive
trees_100.newick,12,34,1804,101,1942,99,99,naive
trees_100.newick,12,35,1785,101,2085,99,99,naive
trees_100.newick,12,36,1804,101,2020,99,99,naive
trees_100.newick,12,37,1799,101,2113,99,99,naive
trees_100.newick,12,38,1813,101,2158,99,99,naive
trees_100.newick,12,39,1868,101,2128,99,99,naive
trees_100.newick,12,40,1812,101,2079,99,99,naive
trees_100.newick,12,41,1848,101,2133,99,99,naive
trees_100.newick,12,42,1778,101,2119,99,99,naive
trees_100.newick,12,43,1824,101,2130,99,99,naive
trees_100.newick,12,44,1800,101,2106,99,99,naive
trees_100.newick,12,45,1868,101,2060,99,99,naive
trees_100.newick,12,46,1803,101,2080,99,99,naive
trees_100.newick,12,47,1812,101,2089,99,99,naive
trees_100.newick,12,48,1812,101,2125,99,99,naive
trees_100.newick,12,49,1816,101,2031,99,99,naive
trees_100.newick,13,14,1843,101,2111,99,99,naive
trees_100.newick,13,15,1865,101,2178,99,99,naive
trees_100.newick,13,16,1804,101,2133,99,99,naive
trees_100.newick,13,17,1834,101,2068,99,99,naive
trees_100.newick,13,18,1817,101,2093,99,99,naive
trees_100.newick,13,19,1823,101,2143,99,99,naive
trees_100.newick,13,20,1823,101,2121,99,99,naive
trees_100.newick,13,21,2226,101,2044,99,99,naive
trees_100.newick,13,22,1896,101,2160,99,99,naive
trees_100.newick,13,23,1841,101,2053,99,99,naive
trees_100.newick,13,24,1831,101,2108,99,99,naive
trees_100.newick,13,25,1853,101,2004,99,99,naive
trees_100.newick,13,26,1877,101,2206,99,99,naive
trees_100.newick,13,27,1871,101,2115,99,99,naive
trees_100.newick,13,28,1849,101,2143,99,99,naive
trees_100.newick,13,29,1814,101,2108,99,99,naive
trees_100.newick,13,30,1785,101,2120,99,99,naive
trees_100.newick,13,31,1820,101,2055,99,99,naive
trees_100.newick,13,32,1806,101,2098,99,99,naive
trees_100.newick,13,33,1851,101,2050,99,99,naive
trees_100.newick,13,34,1799,101,1998,99,99,naive
trees_100.newick,13,35,1803,101,2065,99,99,naive
trees_100.newick,13,36,1805,101,2162,99,99,naive
trees_100.newick,13,37,1784,101,2113,99,99,naive
trees_100.newick,13,38,1835,101,2086,99,99,naive
trees_100.newick,13,39,1808,101,2164,99,99,naive
trees_100.newick,13,40,1819,101,1999,99,99,naive
trees_100.newick,13,41,1807,101,2081,99,99,naive
trees_100.newick,13,42,1802,101,2056,99,99,naive
trees_100.newick,13,43,1811,101,2164,99,99,naive
trees_100.newick,13,44,1806,101,2046,99,99,naive
trees_100.newick,13,45,1799,101,2071,99,99,naive
trees_100.newick,13,46,1870,101,2078,99,99,naive
trees_100.newick,13,47,1826,101,2056,99,99,naive
trees_100.newick,13,48,1848,101,2106,99,99,naive
trees_100.newick,13,49,1832,101,2067,99,99,naive
trees_100.newick,14,15,1810,101,2080,99,99,naive
trees_100.newick,14,16,1816,101,2080,99,99,naive
trees_100.newick,14,17,1876,101,2130,99,99,naive
trees_100.newick,14,18,1832,101,2070,99,99,naive
trees_100.newick,14,19,1803,101,2148,99,99,naive
trees_100.newick,14,20,1823,101,2115,99,99,naive
trees_100.newick,14,21,1826,101,2177,99,99,naive
trees_100.newick,14,22,1820,101,2118,99,99,naive
trees_100.newick,14,23,1837,101,2116,99,99,naive
trees_100.newick,14,24,1811,101,2137,99,99,naive
trees_100.newick,14,25,1780,101,2021,99,99,naive
trees_100.newick,14,26,1861,101,2141,99,99,naive
trees_100.newick,14,27,1834,101,2152,99,99,naive
trees_100.newick,14,28,1822,101,2087,99,99,naive
trees_100.newick,14,29,1835,101,2050,99,99,naive
trees_100.newick,14,30,1815,101,2099,99,99,naive
trees_100.newick,14,31,1811,101,2104,99,99,naive
trees_100.newick,14,32,1796,101,2061,99,99,naive
trees_100.newick,14,33,1830,101,2150,99,99,naive
trees_100.newick,14,34,1851,101,2138,99,99,naive
trees_100.newick,14,35,1764,101,1996,99,99,naive
trees_100.newick,14,36,1838,101,2104,99,99,naive
trees_100.newick,14,37,1827,101,2149,99,99,naive
trees_100.newick,14,38,1815,101,2118,99,99,naive
trees_100.newick,14,39,1812,101,2104,99,99,naive
trees_100.newick,14,40,1842,101,2081,99,99,naive
trees_100.newick,14,41,1792,101,2038,99,99,naive
trees_100.newick,14,42,1842,101,2160,99,99,naive
trees_100.newick,14,43,1837,101,2177,99,99,naive
trees_100.newick,14,44,1779,101,2069,99,99,naive
trees_100.newick,14,45,1811,101,2176,99,99,naive
trees_100.newick,14,46,1841,101,2156,99,99,naive
trees_100.newick,14,47,1858,101,2144,99,99,naive
trees_100.newick,14,48,1857,101,2102,99,99,naive
trees_100.newick,14,49,1853,101,2157,99,99,naive
trees_100.newick,15,16,1766,101,2056,99,99,naive
trees_100.newick,15,17,1823,101,2076,99,99,naive
trees_100.newick,15,18,1807,101,2006,99,99,naive
trees_100.newick,15,19,1797,101,2089,99,99,naive
trees_100.newick,15,20,1879,101,2077,99,99,naive
trees_100.newick,15,21,1832,101,2013,99,99,naive
trees_100.newick,15,22,1826,101,2110,99,99,naive
trees_100.newick,15,23,1826,101,2046,99,99,naive
trees_100.newick,15,24,1823,101,2116,99,99,naive
trees_100.newick,15,25,1795,101,2126,99,99,naive
trees_100.newick,15,26,1842,101,2060,99,99,naive
trees_100.newick,15,27,1829,101,2028,99,99,naive
trees_100.newick,15,28,1812,101,2055,99,99,naive
trees_100.newick,15,29,1814,101,2088,99,99,naive
trees_100.newick,15,30,1835,101,2117,99,99,naive
trees_100.newick,15,31,1793,101,1973,99,99,naive
trees_100.newick,15,32,1811,101,2070,99,99,naive
trees_100.newick,15,33,1832,101,1913,99,99,naive
trees_100.newick,15,34,1838,101,2036,99,99,naive
trees_100.newick,15,35,1757,101,2045,99,99,naive
trees_100.newick,15,36,1820,101,2007,99,99,naive
trees_100.newick,15,37,1832,101,2099,99,99,naive
trees_100.newick,15,38,1831,101,2137,99,99,naive
trees_100.newick,15,39,1838,101,2138,99,99,naive
trees_100.newick,15,40,1828,101,2015,99,99,naive
trees_100.newick,15,41,1802,101,2052,99,99,naive
trees_100.newick,15,42,1817,101,2092,99,99,naive
trees_100.newick,15,43,1824,101,2080,99,99,naive
trees_100.newick,15,44,1846,101,2119,99,99,naive
trees_100.newick,15,45,2624,101,2034,99,99,naive
trees_100.newick,15,46,1827,101,2045,99,99,naive
trees_100.newick,15,47,1817,101,1999,99,99,naive
trees_100.newick,15,48,1847,101,2167,99,99,naive
trees_100.newick,15,49,1820,101,2072,99,99,naive
trees_100.newick,16,17,1854,101,2193,99,99,naive
trees_100.newick,16,18,1859,101,2103,99,99,naive
trees_100.newick,16,19,1850,101,2165,99,99,naive
trees_100.newick,16,20,1830,101,2133,99,99,naive
trees_100.newick,16,21,1827,101,1968,99,99,naive
trees_100.newick,16,22,1805,101,1974,99,99,naive
trees_100.newick,16,23,1818,101,1999,99,99,naive
trees_100.newick,16,24,3019,101,2099,99,99,naive
trees_100.newick,16,25,2352,101,2065,99,99,naive
trees_100.newick,16,26,1874,101,2119,99,99,naive
trees_100.newick,16,27,1857,101,2155,99,99,naive
trees_100.newick,16,28,1845,101,2076,99,99,naive
trees_100.newick,16,29,1844,101,2160,99,99,naive
trees_100.newick,16,30,1841,101,2172,99,99,naive
trees_100.newick,16,31,1836,101,2148,99,99,naive
trees_100.newick,16,32,1775,101,1964,99,99,naive
trees_100.newick,16,33,1816,101,2039,99,99,naive
trees_100.newick,16,34,1856,101,2079,99,99,naive
trees_100.newick,16,35,1825,101,2047,99,99,naive
trees_100.newick,16,36,1840,101,2141,99,99,naive
trees_100.newick,16,37,1816,101,2008,99,99,naive
trees_100.newick,16,38,1845,101,2078,99,99,naive
trees_100.newick,16,39,1823,101,2118,99,99,naive
trees_100.newick,16,40,1799,101,1973,99,99,naive
trees_100.newick,16,41,1791,101,2047,99,99,naive
trees_100.newick,16,42,1829,101,2122,99,99,naive
trees_100.newick,16,43,1854,101,2022,99,99,naive
trees_100.newick,16,44,1900,101,2068,99,99,naive
trees_100.newick,16,45,1815,101,2061,99,99,naive
trees_100.newick,16,46,1844,101,2138,99,99,naive
trees_100.newick,16,47,1848,101,2122,99,99,naive
trees_100.newick,16,48,1904,101,2085,99,99,naive
trees_100.newick,16,49,1846,101,2179,99,99,naive
trees_100.newick,17,18,1823,101,2064,99,99,naive
trees_100.newick,17,19,1832,101,2130,99,99,naive
trees_100.newick,17,20,1813,101,2076,99,99,naive
trees_100.newick,17,21,1832,101,2052,99,99,naive
trees_100.newick,17,22,1864,101,2065,99,99,naive
trees_100.newick,17,23,1832,101,2003,99,99,naive
trees_100.newick,17,24,1836,101,2079,99,99,naive
trees_100.newick,17,25,1813,101,2117,99,99,naive
trees_100.newick,17,26,1859,101,2131,99,99,naive
trees_100.newick,17,27,1827,101,2127,99,99,naive
trees_100.newick,17,28,1868,101,2037,99,99,naive
trees_100.newick,17,29,1793,101,2083,99,99,naive
trees_100.newick,17,30,1804,101,2074,99,99,naive
trees_100.newick,17,31,1810,101,2118,99,99,naive
trees_100.newick,17,32,1820,101,2147,99,99,naive
trees_100.newick,17,33,1848,101,2134,99,99,naive
trees_100.newick,17,34,1860,101,2030,99,99,naive
trees_100.newick,17,35,1765,101,2000,99,99,naive
trees_100.newick,17,36,1782,101,2020,99,99,naive
trees_100.newick,17,37,1829,101,2155,99,99,naive
trees_100.newick,17,38,1808,101,2063,99,99,naive
trees_100.newick,17,39,1786,101,2034,99,99,naive
trees_100.newick,17,40,1848,101,1985,99,99,naive
trees_100.newick,17,41,1817,101,2107,99,99,naive
trees_100.newick,17,42,1833,101,2126,99,99,naive
trees_100.newick,17,43,1827,101,2193,99,99,naive
trees_100.newick,17,44,1783,101,2027,99,99,naive
trees_100.newick,17,45,1858,101,2155,99,99,naive
trees_100.newick,17,46,1800,101,2067,99,99,naive
trees_100.newick,17,47,1818,101,2056,99,99,naive
trees_100.newick,17,48,1819,101,2144,99,99,naive
trees_100.newick,17,49,1835,101,2177,99,99,naive
trees_100.newick,18,19,1820,101,2147,99,99,naive
trees_100.newick,18,20,1815,101,2076,99,99,naive
trees_100.newick,18,21,1826,101,2086,99,99,naive
trees_100.newick,18,22,1808,101,2061,99,99,naive
trees_100.newick,18,23,1810,101,2145,99,99,naive
trees_100.newick,18,24,1803,101,2109,99,99,naive
trees_100.newick,18,25,1789,101,2091,99,99,naive
trees_100.newick,18,26,1825,101,2089,99,99,naive
trees_100.newick,18,27,1796,101,2031,99,99,naive
trees_100.newick,18,28,1815,101,2090,99,99,naive
trees_100.newick,18,29,1793,101,2005,99,99,naive
trees_100.newick,18,30,1826,101,2133,99,99,naive
trees_100.newick,18,31,1764,101,2007,99,99,naive
trees_100.newick,18,32,1796,101,2096,99,99,naive
trees_100.newick,18,33,1831,101,2028,99,99,naive
trees_100.newick,18,34,1851,101,2096,99,99,naive
trees_100.newick,18,35,1781,101,2105,99,99,naive
trees_100.newick,18,36,1814,101,2102,99,99,naive
trees_100.newick,18,37,1801,101,2085,99,99,naive
trees_100.newick,18,38,1791,101,2083,99,99,naive
trees_100.newick,18,39,1772,101,2112,99,99,naive
trees_100.newick,18,40,1813,101,2155,99,99,naive
trees_100.newick,18,41,1815,101,2066,99,99,naive
trees_100.newick,18,42,1777,101,2037,99,99,naive
trees_100.newick,18,43,1847,101,2054,99,99,naive
trees_100.newick,18,44,2034,101,2055,99,99,naive
trees_100.newick,18,45,1847,101,2021,99,99,naive
trees_100.newick,18,46,1800,101,2212,99,99,naive
trees_100.newick,18,47,1957,101,2140,99,99,naive
trees_100.newick,18,48,1800,101,1975,99,99,naive
trees_100.newick,18,49,1817,101,2096,99,99,naive
trees_100.newick,19,20,1821,101,2010,99,99,naive
trees_100.newick,19,21,1837,101,2064,99,99,naive
trees_100.newick,19,22,1832,101,2096,99,99,naive
trees_100.newick,19,23,1934,101,2063,99,99,naive
trees_100.newick,19,24,1813,101,2134,99,99,naive
trees_100.newick,19,25,1787,101,1996,99,99,naive
trees_100.newick,19,26,1824,101,1952,99,99,naive
trees_100.newick,19,27,1840,101,2002,99,99,naive
trees_100.newick,19,28,1792,101,1987,99,99,naive
trees_100.newick,19,29,1872,101,2092,99,99,naive
trees_100.newick,19,30,1817,101,2100,99,99,naive
trees_100.newick,19,31,1783,101,2079,99,99,naive
trees_100.newick,19,32,1781,101,1985,99,99,naive
trees_100.newick,19,33,1844,101,2034,99,99,naive
trees_100.newick,19,34,1840,101,2032,99,99,naive
trees_100.newick,19,35,1791,101,2073,99,99,naive
trees_100.newick,19,36,1810,101,2036,99,99,naive
trees_100.newick,19,37,1819,101,2118,99,99,naive
trees_100.newick,19,38,1795,101,2065,99,99,naive
trees_100.newick,19,39,1770,101,1946,99,99,naive
trees_100.newick,19,40,1836,101,2177,99,99,naive
trees_100.newick,19,41,1809,101,2141,99,99,naive
trees_100.newick,19,42,1801,101,2139,99,99,naive
trees_100.newick,19,43,1808,101,2151,99,99,naive
trees_100.newick,19,44,1808,101,2071,99,99,naive
trees_100.newick,19,45,1829,101,2019,99,99,naive
trees_100.newick,19,46,1776,101,2034,99,99,naive
trees_100.newick,19,47,1807,101,2026,99,99,naive
trees_100.newick,19,48,1848,101,2049,99,99,naive
trees_100.newick,19,49,1798,101,2077,99,99,naive
trees_100.newick,20,21,1789,101,2042,99,99,naive
trees_100.newick,20,22,1789,101,2071,99,99,naive
trees_100.newick,20,23,1792,101,1988,99,99,naive
trees_100.newick,20,24,1790,101,2081,99,99,naive
trees_100.newick,20,25,1768,101,1962,99,99,naive
trees_100.newick,20,26,1819,101,2028,99,99,naive
trees_100.newick,20,27,1800,101,1977,99,99,naive
trees_100.newick,20,28,1809,101,2107,99,99,naive
trees_100.newick,20,29,1784,101,2124,99,99,naive
trees_100.newick,20,30,1795,101,2078,99,99,naive
trees_100.newick,20,31,1769,101,2045,99,99,naive
trees_100.newick,20,32,1788,101,2088,99,99,naive
trees_100.newick,20,33,1779,101,1968,99,99,naive
trees_100.newick,20,34,1822,101,2047,99,99,naive
trees_100.newick,20,35,1785,101,2088,99,99,naive
trees_100.newick,20,36,1784,101,1978,99,99,naive
trees_100.newick,20,37,1770,101,2081,99,99,naive
trees_100.newick,20,38,1797,101,2146,99,99,naive
trees_100.newick,20,39,1782,101,2054,99,99,naive
trees_100.newick,20,40,1788,101,2155,99,99,naive
trees_100.newick,20,41,1796,101,2068,99,99,naive
trees_100.newick,20,42,1763,101,2065,99,99,naive
trees_100.newick,20,43,1823,101,2132,99,99,naive
trees_100.newick,20,44,1793,101,2155,99,99,naive
trees_100.newick,20,45,1800,101,1995,99,99,naive
trees_100.newick,20,46,1770,101,2026,99,99,naive
trees_100.newick,20,47,1806,101,2121,99,99,naive
trees_100.newick,20,48,1774,101,2048,99,99,naive
trees_100.newick,20,49,1796,101,2121,99,99,naive
trees_100.newick,21,22,1873,101,2091,99,99,naive
trees_100.newick,21,23,1834,101,2021,99,99,naive
trees_100.newick,21,24,1812,101,2071,99,99,naive
trees_100.newick,21,25,1800,101,2056,99,99,naive
trees_100.newick,21,26,1846,101,2104,99,99,naive
trees_100.newick,21,27,1814,101,1950,99,99,naive
trees_100.newick,21,28,1878,101,2073,99,99,naive
trees_100.newick,21,29,1840,101,2105,99,99,naive
trees_100.newick,21,30,1790,101,2012,99,99,naive
trees_100.newick,21,31,1799,101,2109,99,99,naive
trees_100.newick,21,32,1818,101,2086,99,99,naive
trees_100.newick,21,33,1813,101,2044,99,99,naive
trees_100.newick,21,34,1856,101,2051,99,99,naive
trees_100.newick,21,35,1783,101,2026,99,99,naive
trees_100.newick,21,36,1801,101,1907,99,99,naive
trees_100.newick,21,37,1825,101,2091,99,99,naive
trees_100.newick,21,38,1810,101,2109,99,99,naive
trees_100.newick,21,39,1774,101,2072,99,99,naive
trees_100.newick,21,40,1811,101,2074,99,99,naive
trees_100.newick,21,41,1838,101,2084,99,99,naive
trees_100.newick,21,42,1784,101,2089,99,99,naive
trees_100.newick,21,43,1831,101,2167,99,99,naive
trees_100.newick,21,44,1789,101,2039,99,99,naive
trees_100.newick,21,45,1792,101,2053,99,99,naive
trees_100.newick,21,46,1790,101,2109,99,99,naive
trees_100.newick,21,47,1814,101,1965,99,99,naive
trees_100.newick,21,48,1831,101,2092,99,99,naive
trees_100.newick,21,49,1825,101,2110,99,99,naive
trees_100.newick,22,23,1849,101,2166,99,99,naive
trees_100.newick,22,24,1831,101,2032,99,99,naive
trees_100.newick,22,25,1826,101,2166,99,99,naive
trees_100.newick,22,26,1861,101,2076,99,99,naive
trees_100.newick,22,27,1848,101,2046,99,99,naive
trees_100.newick,22,28,1833,101,2111,99,99,naive
trees_100.newick,22,29,1796,101,2128,99,99,naive
trees_100.newick,22,30,1884,101,2036,99,99,naive
trees_100.newick,22,31,1887,101,2000,99,99,naive
trees_100.newick,22,32,1950,101,2046,99,99,naive
trees_100.newick,22,33,1878,101,2150,99,99,naive
trees_100.newick,22,34,2726,101,2147,99,99,naive
trees_100.newick,22,35,1861,101,2163,99,99,naive
trees_100.newick,22,36,1980,101,2132,99,99,naive
trees_100.newick,22,37,1800,101,1981,99,99,naive
trees_100.newick,22,38,1917,101,2130,99,99,naive
trees_100.newick,22,39,1976,101,2177,99,99,naive
trees_100.newick,22,40,1831,101,2122,99,99,naive
trees_100.newick,22,41,1978,101,2081,99,99,naive
trees_100.newick,22,42,1802,101,2078,99,99,naive
trees_100.newick,22,43,1844,101,2065,99,99,naive
trees_100.newick,22,44,3221,101,2058,99,99,naive
trees_100.newick,22,45,2042,101,1977,99,99,naive
trees_100.newick,22,46,1783,101,2019,99,99,naive
trees_100.newick,22,47,1849,101,2177,99,99,naive
trees_100.newick,22,48,1872,101,2133,99,99,naive
trees_100.newick,22,49,1835,101,2164,99,99,naive
trees_100.newick,23,24,1808,101,2057,99,99,naive
trees_100.newick,23,25,1804,101,2013,99,99,naive
trees_100.newick,23,26,1831,101,1916,99,99,naive
trees_100.newick,23,27,1844,101,1995,99,99,naive
trees_100.newick,23,28,1820,101,2087,99,99,naive
trees_100.newick,23,29,3108,101,2097,99,99,naive
trees_100.newick,23,30,1817,101,2049,99,99,naive
trees_100.newick,23,31,1825,101,2004,99,99,naive
trees_100.newick,23,32,1792,101,1994,99,99,naive
trees_100.newick,23,33,1866,101,2069,99,99,naive
trees_100.newick,23,34,1867,101,2069,99,99,naive
trees_100.newick,23,35,1776,101,2106,99,99,naive
trees_100.newick,23,36,1821,101,2103,99,99,naive
trees_100.newick,23,37,1835,101,2110,99,99,naive
trees_100.newick,23,38,1856,101,2092,99,99,naive
trees_100.newick,23,39,1791,101,2027,99,99,naive
trees_100.newick,23,40,1809,101,2127,99,99,naive
trees_100.newick,23,41,1817,101,2139,99,99,naive
trees_100.newick,23,42,1784,101,2011,99,99,naive
trees_100.newick,23,43,1809,101,2140,99,99,naive
trees_100.newick,23,44,1794,101,1994,99,99,naive
trees_100.newick,23,45,1808,101,2072,99,99,naive
trees_100.newick,23,46,1831,101,2076,99,99,naive
trees_100.newick,23,47,1851,101,2149,99,99,naive
trees_100.newick,23,48,1833,101,2070,99,99,naive
trees_100.newick,23,49,1829,101,2163,99,99,naive
trees_100.newick,24,25,1807,101,2017,99,99,naive
trees_100.newick,24,26,1824,101,2130,99,99,naive
trees_100.newick,24,27,1848,101,2086,99,99,naive
trees_100.newick,24,28,1849,101,2068,99,99,naive
trees_100.newick,24,29,1811,101,2189,99,99,naive
trees_100.newick,24,30,1804,101,2036,99,99,naive
trees_100.newick,24,31,1814,101,2159,99,99,naive
trees_100.newick,24,32,1825,101,2155,99,99,naive
trees_100.newick,24,33,1892,101,2141,99,99,naive
trees_100.newick,24,34,1878,101,2085,99,99,naive
trees_100.newick,24,35,1834,101,2109,99,99,naive
trees_100.newick,24,36,1831,101,2073,99,99,naive
trees_100.newick,24,37,1891,101,2236,99,99,naive
trees_100.newick,24,38,1839,101,2020,99,99,naive
trees_100.newick,24,39,1805,101,2145,99,99,naive
trees_100.newick,24,40,1871,101,2047,99,99,naive
trees_100.newick,24,41,1808,101,2124,99,99,naive
trees_100.newick,24,42,1808,101,2181,99,99,naive
trees_100.newick,24,43,1839,101,2166,99,99,naive
trees_100.newick,24,44,1823,101,2087,99,99,naive
trees_100.newick,24,45,1820,101,2013,99,99,naive
trees_100.newick,24,46,1813,101,2104,99,99,naive
trees_100.newick,24,47,1847,101,2147,99,99,naive
trees_100.newick,24,48,1841,101,2116,99,99,naive
trees_100.newick,24,49,1818,101,2010,99,99,naive
trees_100.newick,25,26,1800,101,2027,99,99,naive
trees_100.newick,25,27,1834,101,2019,99,99,naive
trees_100.newick,25,28,1871,101,2097,99,99,naive
trees_100.newick,25,29,1795,101,2124,99,99,naive
trees_100.newick,25,30,1822,101,2037,99,99,naive
trees_100.newick,25,31,1805,101,2081,99,99,naive
trees_100.newick,25,32,1796,101,2026,99,99,naive
trees_100.newick,25,33,1798,101,2029,99,99,naive
trees_100.newick,25,34,1868,101,2063,99,99,naive
trees_100.newick,25,35,1795,101,2081,99,99,naive
trees_100.newick,25,36,1792,101,2047,99,99,naive
trees_100.newick,25,37,1791,101,2086,99,99,naive
trees_100.newick,25,38,1827,101,2048,99,99,naive
trees_100.newick,25,39,1768,101,2046,99,99,naive
trees_100.newick,25,40,1794,101,2009,99,99,naive
trees_100.newick,25,41,1816,101,2104,99,99,naive
trees_100.newick,25,42,1795,101,2072,99,99,naive
trees_100.newick,25,43,1813,101,2064,99,99,naive
trees_100.newick,25,44,1779,101,2048,99,99,naive
trees_100.newick,25,45,1809,101,1969,99,99,naive
trees_100.newick,25,46,1814,101,2080,99,99,naive
trees_100.newick,25,47,1840,101,2057,99,99,naive
trees_100.newick,25,48,1870,101,2062,99,99,naive
trees_100.newick,25,49,1835,101,2190,99,99,naive
trees_100.newick,26,27,1806,101,1967,99,99,naive
trees_100.newick,26,28,1807,101,2088,99,99,naive
trees_100.newick,26,29,1796,101,2042,99,99,naive
trees_100.newick,26,30,1827,101,2051,99,99,naive
trees_100.newick,26,31,1804,101,2079,99,99,naive
trees_100.newick,26,32,1822,101,2109,99,99,naive
trees_100.newick,26,33,1809,101,2094,99,99,naive
trees_100.newick,26,34,1831,101,2138,99,99,naive
trees_100.newick,26,35,1783,101,2109,99,99,naive
trees_100.newick,26,36,1802,101,2108,99,99,naive
trees_100.newick,26,37,1805,101,2103,99,99,naive
trees_100.newick,26,38,1807,101,2002,99,99,naive
trees_100.newick,26,39,1794,101,1972,99,99,naive
trees_100.newick,26,40,1824,101,2124,99,99,naive
trees_100.newick,26,41,1797,101,2050,99,99,naive
trees_100.newick,26,42,1790,101,2114,99,99,naive
trees_100.newick,26,43,1857,101,2182,99,99,naive
trees_100.newick,26,44,1771,101,2013,99,99,naive
trees_100.newick,26,45,1800,101,2054,99,99,naive
trees_100.newick,26,46,1815,101,2073,99,99,naive
trees_100.newick,26,47,1851,101,2123,99,99,naive
trees_100.newick,26,48,1846,101,2164,99,99,naive
trees_100.newick,26,49,1866,101,2091,99,99,naive
trees_100.newick,27,28,1768,101,1998,99,99,naive
trees_100.newick,27,29,1785,101,1991,99,99,naive
trees_100.newick,27,30,1823,101,2067,99,99,naive
trees_100.newick,27,31,1804,101,2080,99,99,naive
trees_100.newick,27,32,1806,101,2077,99,99,naive
trees_100.newick,27,33,1916,101,2056,99,99,naive
trees_100.newick,27,34,1826,101,2074,99,99,naive
trees_100.newick,27,35,1765,101,1980,99,99,naive
trees_100.newick,27,36,1812,101,2022,99,99,naive
trees_100.newick,27,37,1806,101,2071,99,99,naive
trees_100.newick,27,38,1829,101,2033,99,99,naive
trees_100.newick,27,39,1802,101,1979,99,99,naive
trees_100.newick,27,40,1821,101,2044,99,99,naive
trees_100.newick,27,41,1819,101,2068,99,99,naive
trees_100.newick,27,42,1791,101,2099,99,99,naive
trees_100.newick,27,43,1813,101,2113,99,99,naive
trees_100.newick,27,44,1777,101,2063,99,99,naive
trees_100.newick,27,45,1821,101,2028,99,99,naive
trees_100.newick,27,46,1916,101,2076,99,99,naive
trees_100.newick,27,47,1826,101,2102,99,99,naive
trees_100.newick,27,48,1828,101,2105,99,99,naive
trees_100.newick,27,49,1821,101,2060,99,99,naive
trees_100.newick,28,29,1775,101,2120,99,99,naive
trees_100.newick,28,30,1800,101,2113,99,99,naive
trees_100.newick,28,31,1787,101,2033,99,99,naive
trees_100.newick,28,32,1781,101,2089,99,99,naive
trees_100.newick,28,33,1813,101,2137,99,99,naive
trees_100.newick,28,34,1820,101,2034,99,99,naive
trees_100.newick,28,35,1786,101,2070,99,99,naive
trees_100.newick,28,36,1813,101,2074,99,99,naive
trees_100.newick,28,37,1813,101,2136,99,99,naive
trees_100.newick,28,38,1812,101,1992,99,99,naive
trees_100.newick,28,39,1804,101,2107,99,99,naive
trees_100.newick,28,40,1787,101,2061,99,99,naive
trees_100.newick,28,41,1813,101,2115,99,99,naive
trees_100.newick,28,42,1779,101,2058,99,99,naive
trees_100.newick,28,43,1800,101,2040,99,99,naive
trees_100.newick,28,44,1812,101,1998,99,99,naive
trees_100.newick,28,45,1801,101,2068,99,99,naive
trees_100.newick,28,46,1797,101,2049,99,99,naive
trees_100.newick,28,47,1827,101,2111,99,99,naive
trees_100.newick,28,48,1831,101,2145,99,99,naive
trees_100.newick,28,49,1795,101,2062,99,99,naive
trees_100.newick,29,30,1834,101,2143,99,99,naive
trees_100.newick,29,31,1802,101,2043,99,99,naive
trees_100.newick,29,32,1807,101,2065,99,99,naive
trees_100.newick,29,33,1843,101,2092,99,99,naive
trees_100.newick,29,34,1857,101,2077,99,99,naive
trees_100.newick,29,35,1776,101,2034,99,99,naive
trees_100.newick,29,36,1857,101,2064,99,99,naive
trees_100.newick,29,37,1819,101,2092,99,99,naive
trees_100.newick,29,38,1816,101,2127,99,99,naive
trees_100.newick,29,39,1765,101,2116,99,99,naive
trees_100.newick,29,40,1834,101,2082,99,99,naive
trees_100.newick,29,41,1815,101,2184,99,99,naive
trees_100.newick,29,42,1790,101,2081,99,99,naive
trees_100.newick,29,43,1832,101,2180,99,99,naive
trees_100.newick,29,44,1774,101,2095,99,99,naive
trees_100.newick,29,45,1811,101,2121,99,99,naive
trees_100.newick,29,46,1800,101,2027,99,99,naive
trees_100.newick,29,47,1846,101,2172,99,99,naive
trees_100.newick,29,48,1854,101,2143,99,99,naive
trees_100.newick,29,49,1870,101,2087,99,99,naive
trees_100.newick,30,31,1803,101,2129,99,99,naive
trees_100.newick,30,32,1828,101,2102,99,99,naive
trees_100.newick,30,33,1849,101,2073,99,99,naive
trees_100.newick,30,34,1831,101,2121,99,99,naive
trees_100.newick,30,35,1821,101,2144,99,99,naive
trees_100.newick,30,36,1843,101,2100,99,99,naive
trees_100.newick,30,37,1808,101,2122,99,99,naive
trees_100.newick,30,38,1790,101,2040,99,99,naive
trees_100.newick,30,39,1819,101,2047,99,99,naive
trees_100.newick,30,40,1802,101,2067,99,99,naive
trees_100.newick,30,41,1802,101,2082,99,99,naive
trees_100.newick,30,42,1796,101,2092,99,99,naive
trees_100.newick,30,43,1827,101,2130,99,99,naive
trees_100.newick,30,44,1784,101,2138,99,99,naive
trees_100.newick,30,45,1807,101,2083,99,99,naive
trees_100.newick,30,46,1776,101,2093,99,99,naive
trees_100.newick,30,47,1799,101,2000,99,99,naive
trees_100.newick,30,48,1848,101,2134,99,99,naive
trees_100.newick,30,49,1808,101,2086,99,99,naive
trees_100.newick,31,32,1817,101,2044,99,99,naive
trees_100.newick,31,33,1830,101,2004,99,99,naive
trees_100.newick,31,34,1828,101,2025,99,99,naive
trees_100.newick,31,35,1770,101,2036,99,99,naive
trees_100.newick,31,36,1803,101,2064,99,99,naive
trees_100.newick,31,37,1817,101,2017,99,99,naive
trees_100.newick,31,38,1807,101,1963,99,99,naive
trees_100.newick,31,39,1800,101,2103,99,99,naive
trees_100.newick,31,40,1800,101,2092,99,99,naive
trees_100.newick,31,41,1781,101,1977,99,99,naive
trees_100.newick,31,42,1809,101,2095,99,99,naive
trees_100.newick,31,43,1852,101,2115,99,99,naive
trees_100.newick,31,44,1789,101,2052,99,99,naive
trees_100.newick,31,45,1802,101,2089,99,99,naive
trees_100.newick,31,46,1787,101,2045,99,99,naive
trees_100.newick,31,47,1827,101,2101,99,99,naive
trees_100.newick,31,48,1811,101,2110,99,99,naive
trees_100.newick,31,49,1828,101,2069,99,99,naive
trees_100.newick,32,33,1815,101,1977,99,99,naive
trees_100.newick,32,34,1857,101,2076,99,99,naive
trees_100.newick,32,35,1774,101,2025,99,99,naive
trees_100.newick,32,36,1815,101,2064,99,99,naive
trees_100.newick,32,37,1813,101,2142,99,99,naive
trees_100.newick,32,38,1846,101,2089,99,99,naive
trees_100.newick,32,39,1790,101,2094,99,99,naive
trees_100.newick,32,40,1826,101,2051,99,99,naive
trees_100.newick,32,41,1831,101,2069,99,99,naive
trees_100.newick,32,42,1793,101,2097,99,99,naive
trees_100.newick,32,43,1829,101,2100,99,99,naive
trees_100.newick,32,44,1788,101,2124,99,99,naive
trees_100.newick,32,45,1856,101,2084,99,99,naive
trees_100.newick,32,46,1780,101,2031,99,99,naive
trees_100.newick,32,47,1825,101,2051,99,99,naive
trees_100.newick,32,48,1828,101,1961,99,99,naive
trees_100.newick,32,49,1850,101,2129,99,99,naive
trees_100.newick,33,34,1840,101,2061,99,99,naive
trees_100.newick,33,35,1818,101,2191,99,99,naive
trees_100.newick,33,36,1907,101,2124,99,99,naive
trees_100.newick,33,37,1826,101,2062,99,99,naive
trees_100.newick,33,38,1852,101,2124,99,99,naive
trees_100.newick,33,39,1866,101,2036,99,99,naive
trees_100.newick,33,40,1884,101,2042,99,99,naive
trees_100.newick,33,41,1845,101,2095,99,99,naive
trees_100.newick,33,42,1907,101,2145,99,99,naive
trees_100.newick,33,43,1939,101,2117,99,99,naive
trees_100.newick,33,44,1893,101,2078,99,99,naive
trees_100.newick,33,45,2764,101,2067,99,99,naive
trees_100.newick,33,46,1915,101,2133,99,99,naive
trees_100.newick,33,47,1867,101,2119,99,99,naive
trees_100.newick,33,48,2089,101,2090,99,99,naive
trees_100.newick,33,49,1923,101,2115,99,99,naive
trees_100.newick,34,35,1860,101,2004,99,99,naive
trees_100.newick,34,36,1826,101,2035,99,99,naive
trees_100.newick,34,37,1968,101,2001,99,99,naive
trees_100.newick,34,38,3030,101,2044,99,99,naive
trees_100.newick,34,39,2973,101,2071,99,99,naive
trees_100.newick,34,40,1816,101,2000,99,99,naive
trees_100.newick,34,41,1887,101,2066,99,99,naive
trees_100.newick,34,42,1852,101,2139,99,99,naive
trees_100.newick,34,43,2025,101,2021,99,99,naive
trees_100.newick,34,44,2026,101,2030,99,99,naive
trees_100.newick,34,45,1876,101,2148,99,99,naive
trees_100.newick,34,46,1832,101,2069,99,99,naive
trees_100.newick,34,47,1848,101,2161,99,99,naive
trees_100.newick,34,48,1855,101,2031,99,99,naive
trees_100.newick,34,49,1824,101,2090,99,99,naive
trees_100.newick,35,36,1829,101,2079,99,99,naive
trees_100.newick,35,37,1802,101,2033,99,99,naive
trees_100.newick,35,38,1803,101,2093,99,99,naive
trees_100.newick,35,39,1823,101,2088,99,99,naive
trees_100.newick,35,40,1829,101,2063,99,99,naive
trees_100.newick,35,41,1848,101,2057,99,99,naive
trees_100.newick,35,42,1840,101,2200,99,99,naive
trees_100.newick,35,43,1866,101,2064,99,99,naive
trees_100.newick,35,44,1842,101,2086,99,99,naive
trees_100.newick,35,45,1886,101,2148,99,99,naive
trees_100.newick,35,46,1827,101,2055,99,99,naive
trees_100.newick,35,47,1826,101,2153,99,99,naive
trees_100.newick,35,48,1827,101,2112,99,99,naive
trees_100.newick,35,49,1825,101,2142,99,99,naive
trees_100.newick,36,37,1831,101,2128,99,99,naive
trees_100.newick,36,38,1820,101,2131,99,99,naive
trees_100.newick,36,39,1859,101,2145,99,99,naive
trees_100.newick,36,40,1784,101,1991,99,99,naive
trees_100.newick,36,41,1845,101,2138,99,99,naive
trees_100.newick,36,42,1811,101,2114,99,99,naive
trees_100.newick,36,43,1839,101,2044,99,99,naive
trees_100.newick,36,44,1776,101,2031,99,99,naive
trees_100.newick,36,45,1841,101,2107,99,99,naive
trees_100.newick,36,46,1772,101,1991,99,99,naive
trees_100.newick,36,47,1827,101,2144,99,99,naive
trees_100.newick,36,48,1812,101,2096,99,99,naive
trees_100.newick,36,49,1851,101,2098,99,99,naive
trees_100.newick,37,38,1818,101,2115,99,99,naive
trees_100.newick,37,39,1801,101,2045,99,99,naive
trees_100.newick,37,40,1808,101,2063,99,99,naive
trees_100.newick,37,41,1813,101,2007,99,99,naive
trees_100.newick,37,42,1801,101,2043,99,99,naive
trees_100.newick,37,43,1856,101,2058,99,99,naive
trees_100.newick,37,44,1811,101,2128,99,99,naive
trees_100.newick,37,45,1824,101,2100,99,99,naive
trees_100.newick,37,46,1802,101,2059,99,99,naive
trees_100.newick,37,47,1802,101,2121,99,99,naive
trees_100.newick,37,48,1850,101,2179,99,99,naive
trees_100.newick,37,49,1814,101,2070,99,99,naive
trees_100.newick,38,39,1794,101,2075,99,99,naive
trees_100.newick,38,40,1787,101,2014,99,99,naive
trees_100.newick,38,41,1806,101,2085,99,99,naive
trees_100.newick,38,42,1822,101,2139,99,99,naive
trees_100.newick,38,43,1812,101,2015,99,99,naive
trees_100.newick,38,44,1793,101,2092,99,99,naive
trees_100.newick,38,45,1795,101,2110,99,99,naive
trees_100.newick,38,46,1815,101,2106,99,99,naive
trees_100.newick,38,47,1870,101,2099,99,99,naive
trees_100.newick,38,48,1840,101,2149,99,99,naive
trees_100.newick,38,49,1840,101,2071,99,99,naive
trees_100.newick,39,40,1816,101,2054,99,99,naive
trees_100.newick,39,41,1788,101,2068,99,99,naive
trees_100.newick,39,42,1808,101,2183,99,99,naive
trees_100.newick,39,43,1825,101,2072,99,99,naive
trees_100.newick,39,44,1788,101,2073,99,99,naive
trees_100.newick,39,45,1804,101,2056,99,99,naive
trees_100.newick,39,46,1829,101,2076,99,99,naive
trees_100.newick,39,47,1829,101,2071,99,99,naive
trees_100.newick,39,48,1806,101,2086,99,99,naive
trees_100.newick,39,49,1829,101,2179,99,99,naive
trees_100.newick,40,41,1794,101,1993,99,99,naive
trees_100.newick,40,42,1821,101,2057,99,99,naive
trees_100.newick,40,43,1805,101,2074,99,99,naive
trees_100.newick,40,44,1783,101,1968,99,99,naive
trees_100.newick,40,45,1842,101,2074,99,99,naive
trees_100.newick,40,46,1806,101,2058,99,99,naive
trees_100.newick,40,47,2355,101,2079,99,99,naive
trees_100.newick,40,48,1856,101,1995,99,99,naive
trees_100.newick,40,49,1850,101,2155,99,99,naive
trees_100.newick,41,42,1804,101,2103,99,99,naive
trees_100.newick,41,43,1836,101,2122,99,99,naive
trees_100.newick,41,44,1795,101,2065,99,99,naive
trees_100.newick,41,45,1827,101,2093,99,99,naive
trees_100.newick,41,46,1777,101,2084,99,99,naive
trees_100.newick,41,47,1823,101,2116,99,99,naive
trees_100.newick,41,48,1823,101,2004,99,99,naive
trees_100.newick,41,49,1836,101,2210,99,99,naive
trees_100.newick,42,43,1853,101,2071,99,99,naive
trees_100.newick,42,44,2141,101,2079,99,99,naive
trees_100.newick,42,45,2218,101,2092,99,99,naive
trees_100.newick,42,46,1829,101,2172,99,99,naive
trees_100.newick,42,47,1830,101,2136,99,99,naive
trees_100.newick,42,48,1843,101,2093,99,99,naive
trees_100.newick,42,49,1801,101,1988,99,99,naive
trees_100.newick,43,44,1796,101,2088,99,99,naive
trees_100.newick,43,45,1834,101,2197,99,99,naive
trees_100.newick,43,46,1812,101,2072,99,99,naive
trees_100.newick,43,47,1865,101,2075,99,99,naive
trees_100.newick,43,48,1818,101,2094,99,99,naive
trees_100.newick,43,49,1824,101,2096,99,99,naive
trees_100.newick,44,45,1839,101,2024,99,99,naive
trees_100.newick,44,46,1772,101,2063,99,99,naive
trees_100.newick,44,47,1808,101,2184,99,99,naive
trees_100.newick,44,48,1815,101,2057,99,99,naive
trees_100.newick,44,49,1825,101,2050,99,99,naive
trees_100.newick,45,46,1810,101,2085,99,99,naive
trees_100.newick,45,47,1790,101,2005,99,99,naive
trees_100.newick,45,48,1823,101,2011,99,99,naive
trees_100.newick,45,49,1837,101,2102,99,99,naive
trees_100.newick,46,47,1820,101,2063,99,99,naive
trees_100.newick,46,48,1822,101,2164,99,99,naive
trees_100.newick,46,49,1821,101,2148,99,99,naive
trees_100.newick,47,48,1827,101,2151,99,99,naive
trees_100.newick,47,49,1827,101,2166,99,99,naive
trees_100.newick,48,49,1822,101,2089,99,99,naive
trees_200.newick,0,1,7786,201,5591,199,199,naive
trees_200.newick,0,2,7703,201,5525,199,199,naive
trees_200.newick,0,3,7445,201,5753,199,199,naive
trees_200.newick,0,4,7819,201,5449,199,199,naive
trees_200.newick,0,5,7313,201,5725,199,199,naive
trees_200.newick,0,6,7351,201,5587,199,199,naive
trees_200.newick,0,7,7263,201,5503,199,199,naive
trees_200.newick,0,8,7200,201,5451,199,199,naive
trees_200.newick,0,9,7331,201,5666,199,199,naive
trees_200.newick,0,10,7579,201,5725,199,199,naive
trees_200.newick,0,11,7409,201,5628,199,199,naive
trees_200.newick,0,12,7108,201,5733,199,199,naive
trees_200.newick,0,13,7417,201,5531,199,199,naive
trees_200.newick,0,14,7308,201,5670,199,199,naive
trees_200.newick,0,15,7985,201,5500,199,199,naive
trees_200.newick,0,16,7351,201,5589,199,199,naive
trees_200.newick,0,17,7336,201,5567,199,199,naive
trees_200.newick,0,18,7216,201,5492,199,199,naive
trees_200.newick,0,19,7394,201,5506,199,199,naive
trees_200.newick,0,20,7333,201,5451,199,199,naive
trees_200.newick,0,21,7231,201,5594,199,199,naive
trees_200.newick,0,22,8400,201,5560,199,199,naive
trees_200.newick,0,23,7250,201,5653,199,199,naive
trees_200.newick,0,24,7158,201,5510,199,199,naive
trees_200.newick,0,25,7105,201,5467,199,199,naive
trees_200.newick,0,26,7642,201,5617,199,199,naive
trees_200.newick,0,27,7210,201,5667,199,199,naive
trees_200.newick,0,28,7310,201,5721,199,199,naive
trees_200.newick,0,29,7299,201,5573,199,199,naive
trees_200.newick,0,30,7765,201,5711,199,199,naive
trees_200.newick,0,31,7202,201,5609,199,199,naive
trees_200.newick,0,32,7151,201,5662,199,199,naive
trees_200.newick,0,33,7343,201,5713,199,199,naive
trees_200.newick,0,34,7328,201,5573,199,199,naive
trees_200.newick,0,35,7298,201,5620,199,199,naive
trees_200.newick,0,36,7334,201,5653,199,199,naive
trees_200.newick,0,37,7356,201,5689,199,199,naive
trees_200.newick,0,38,7315,201,5635,199,199,naive
trees_200.newick,0,39,7258,201,5704,199,199,naive
trees_200.newick,0,40,7384,201,5558,199,199,naive
trees_200.newick,0,41,7266,201,5454,199,199,naive
trees_200.newick,0,42,7362,201,5631,199,199,naive
trees_200.newick,0,43,7196,201,5738,199,199,naive
trees_200.newick,0,44,7233,201,5572,199,199,naive
trees_200.newick,0,45,7116,201,5571,199,199,naive
trees_200.newick,0,46,7402,201,5721,199,199,naive
trees_200.newick,0,47,7241,201,5552,199,199,naive
trees_200.newick,0,48,7430,201,5645,199,199,naive
trees_200.newick,0,49,7143,201,5775,199,199,naive
trees_200.newick,1,2,7200,201,5727,199,199,naive
trees_200.newick,1,3,7430,201,5662,199,199,naive
trees_200.newick,1,4,7315,201,5626,199,199,naive
trees_200.newick,1,5,7401,201,5477,199,199,naive
trees_200.newick,1,6,7424,201,5643,199,199,naive
trees_200.newick,1,7,7180,201,5731,199,199,naive
trees_200.newick,1,8,7146,201,5624,199,199,naive
trees_200.newick,1,9,7334,201,5592,199,199,naive
trees_200.newick,1,10,7323,201,5692,199,199,naive
trees_200.newick,1,11,9505,201,5709,199,199,naive
trees_200.newick,1,12,7216,201,5586,199,199,naive
trees_200.newick,1,13,7428,201,5622,199,199,naive
trees_200.newick,1,14,7334,201,5617,199,199,naive
trees_200.newick,1,15,8002,201,5511,199,199,naive
trees_200.newick,1,16,7261,201,5621,199,199,naive
trees_200.newick,1,17,7336,201,5677,199,199,naive
trees_200.newick,1,18,7339,201,5552,199,199,naive
trees_200.newick,1,19,7120,201,5644,199,199,naive
trees_200.newick,1,20,7372,201,5618,199,199,naive
trees_200.newick,1,21,7151,201,5734,199,199,naive
trees_200.newick,1,22,7225,201,5745,199,199,naive
trees_200.newick,1,23,7392,201,5691,199,199,naive
trees_200.newick,1,24,7320,201,5634,199,199,naive
trees_200.newick,1,25,7135,201,5743,199,199,naive
trees_200.newick,1,26,8032,201,5664,199,199,naive
trees_200.newick,1,27,7167,201,5689,199,199,naive
trees_200.newick,1,28,7327,201,5685,199,199,naive
trees_200.newick,1,29,7290,201,5607,199,199,naive
trees_200.newick,1,30,7230,201,5662,199,199,naive
trees_200.newick,1,31,7286,201,5711,199,199,naive
trees_200.newick,1,32,7195,201,5720,199,199,naive
trees_200.newick,1,33,7351,201,5726,199,199,naive
trees_200.newick,1,34,7217,201,5566,199,199,naive
trees_200.newick,1,35,7416,201,5630,199,199,naive
trees_200.newick,1,36,7209,201,5544,199,199,naive
trees_200.newick,1,37,7395,201,5749,199,199,naive
trees_200.newick,1,38,7304,201,5612,199,199,naive
trees_200.newick,1,39,7178,201,5597,199,199,naive
trees_200.newick,1,40,7162,201,5616,199,199,naive
trees_200.newick,1,41,7246,201,5582,199,199,naive
trees_200.newick,1,42,7206,201,5631,199,199,naive
trees_200.newick,1,43,7223,201,5592,199,199,naive
trees_200.newick,1,44,7837,201,5557,199,199,naive
trees_200.newick,1,45,7213,201,5684,199,199,naive
trees_200.newick,1,46,7305,201,5497,199,199,naive
trees_200.newick,1,47,7350,201,5833,199,199,naive
trees_200.newick,1,48,7247,201,5609,199,199,naive
trees_200.newick,1,49,7224,201,5453,199,199,naive
trees_200.newick,2,3,8048,201,5519,199,199,naive
trees_200.newick,2,4,7694,201,5745,199,199,naive
trees_200.newick,2,5,7636,201,5726,199,199,naive
trees_200.newick,2,6,7523,201,5776,199,199,naive
trees_200.newick,2,7,7582,201,5613,199,199,naive
trees_200.newick,2,8,8182,201,5667,199,199,naive
trees_200.newick,2,9,7471,201,5620,199,199,naive
trees_200.newick,2,10,7428,201,5612,199,199,naive
trees_200.newick,2,11,7610,201,5741,199,199,naive
trees_200.newick,2,12,7285,201,5686,199,199,naive
trees_200.newick,2,13,7310,201,5633,199,199,naive
trees_200.newick,2,14,7250,201,5597,199,199,naive
trees_200.newick,2,15,7381,201,5613,199,199,naive
trees_200.newick,2,16,7347,201,5769,199,199,naive
trees_200.newick,2,17,7365,201,5684,199,199,naive
trees_200.newick,2,18,7284,201,5551,199,199,naive
trees_200.newick,2,19,7698,201,5611,199,199,naive
trees_200.newick,2,20,7333,201,5505,199,199,naive
trees_200.newick,2,21,7318,201,5718,199,199,naive
trees_200.newick,2,22,7296,201,5797,199,199,naive
trees_200.newick,2,23,7399,201,5728,199,199,naive
trees_200.newick,2,24,7245,201,5635,199,199,naive
trees_200.newick,2,25,7090,201,5691,199,199,naive
trees_200.newick,2,26,7693,201,5688,199,199,naive
trees_200.newick,2,27,7233,201,5678,199,199,naive
trees_200.newick,2,28,7414,201,5728,199,199,naive
trees_200.newick,2,29,7319,201,5580,199,199,naive
trees_200.newick,2,30,7218,201,5817,199,199,naive
trees_200.newick,2,31,7224,201,5727,199,199,naive
trees_200.newick,2,32,7363,201,5722,199,199,naive
trees_200.newick,2,33,7364,201,5666,199,199,naive
trees_200.newick,2,34,7224,201,5557,199,199,naive
trees_200.newick,2,35,7439,201,5590,199,199,naive
trees_200.newick,2,36,7314,201,5629,199,199,naive
trees_200.newick,2,37,8548,201,5731,199,199,naive
trees_200.newick,2,38,7141,201,5618,199,199,naive
trees_200.newick,2,39,7289,201,5711,199,199,naive
trees_200.newick,2,40,7160,201,5546,199,199,naive
trees_200.newick,2,41,7759,201,5598,199,199,naive
trees_200.newick,2,42,7275,201,5763,199,199,naive
trees_200.newick,2,43,7203,201,5614,199,199,naive
trees_200.newick,2,44,7195,201,5568,199,199,naive
trees_200.newick,2,45,7171,201,5614,199,199,naive
trees_200.newick,2,46,7306,201,5705,199,199,naive
trees_200.newick,2,47,7306,201,5696,199,199,naive
trees_200.newick,2,48,7457,201,5715,199,199,naive
trees_200.newick,2,49,7198,201,5747,199,199,naive
trees_200.newick,3,4,7307,201,5568,199,199,naive
trees_200.newick,3,5,7349,201,5682,199,199,naive
trees_200.newick,3,6,8087,201,5684,199,199,naive
trees_200.newick,3,7,7282,201,5503,199,199,naive
trees_200.newick,3,8,7474,201,5563,199,199,naive
trees_200.newick,3,9,7433,201,5665,199,199,naive
trees_200.newick,3,10,8158,201,5673,199,199,naive
trees_200.newick,3,11,8976,201,5778,199,199,naive
trees_200.newick,3,12,7229,201,5521,199,199,naive
trees_200.newick,3,13,7265,201,5648,199,199,naive
trees_200.newick,3,14,7283,201,5696,199,199,naive
trees_200.newick,3,15,7297,201,5695,199,199,naive
trees_200.newick,3,16,7240,201,5664,199,199,naive
trees_200.newick,3,17,7286,201,5608,199,199,naive
trees_200.newick,3,18,7204,201,5615,199,199,naive
trees_200.newick,3,19,7224,201,5732,199,199,naive
trees_200.newick,3,20,7420,201,5657,199,199,naive
trees_200.newick,3,21,7328,201,5596,199,199,naive
trees_200.newick,3,22,7393,201,5800,199,199,naive
trees_200.newick,3,23,8074,201,5558,199,199,naive
trees_200.newick,3,24,8511,201,5576,199,199,naive
trees_200.newick,3,25,7692,201,5639,199,199,naive
trees_200.newick,3,26,8905,201,5764,199,199,naive
trees_200.newick,3,27,9156,201,5869,199,199,naive
trees_200.newick,3,28,7696,201,5802,199,199,naive
trees_200.newick,3,29,7780,201,5435,199,199,naive
trees_200.newick,3,30,8331,201,5629,199,199,naive
trees_200.newick,3,31,7676,201,5840,199,199,naive
trees_200.newick,3,32,8074,201,5581,199,199,naive
trees_200.newick,3,33,7251,201,5669,199,199,naive
trees_200.newick,3,34,8739,201,5449,199,199,naive
trees_200.newick,3,35,7490,201,5676,199,199,naive
trees_200.newick,3,36,7354,201,5702,199,199,naive
trees_200.newick,3,37,7282,201,5770,199,199,naive
trees_200.newick,3,38,7134,201,5564,199,199,naive
trees_200.newick,3,39,7157,201,5642,199,199,naive
trees_200.newick,3,40,7365,201,5762,199,199,naive
trees_200.newick,3,41,7275,201,5666,199,199,naive
trees_200.newick,3,42,7367,201,5836,199,199,naive
trees_200.newick,3,43,7231,201,5607,199,199,naive
trees_200.newick,3,44,7235,201,5643,199,199,naive
trees_200.newick,3,45,7223,201,5784,199,199,naive
trees_200.newick,3,46,7273,201,5861,199,199,naive
trees_200.newick,3,47,7263,201,5546,199,199,naive
trees_200.newick,3,48,7237,201,5603,199,199,naive
trees_200.newick,3,49,7253,201,5537,199,199,naive
trees_200.newick,4,5,7487,201,5640,199,199,naive
trees_200.newick,4,6,7319,201,5460,199,199,naive
trees_200.newick,4,7,7551,201,5727,199,199,naive
trees_200.newick,4,8,7173,201,5579,199,199,naive
trees_200.newick,4,9,7377,201,5771,199,199,naive
trees_200.newick,4,10,7243,201,5639,199,199,naive
trees_200.newick,4,11,7285,201,5717,199,199,naive
trees_200.newick,4,12,7149,201,5702,199,199,naive
trees_200.newick,4,13,7224,201,5745,199,199,naive
trees_200.newick,4,14,7366,201,5671,199,199,naive
trees_200.newick,4,15,7496,201,5457,199,199,naive
trees_200.newick,4,16,7352,201,5611,199,199,naive
trees_200.newick,4,17,7409,201,5715,199,199,naive
trees_200.newick,4,18,7750,201,5532,199,199,naive
trees_200.newick,4,19,7140,201,5675,199,199,naive
trees_200.newick,4,20,7445,201,5589,199,199,naive
trees_200.newick,4,21,7175,201,5789,199,199,naive
trees_200.newick,4,22,8191,201,5642,199,199,naive
trees_200.newick,4,23,7258,201,5755,199,199,naive
trees_200.newick,4,24,7246,201,5447,199,199,naive
trees_200.newick,4,25,7198,201,5645,199,199,naive
trees_200.newick,4,26,7118,201,5565,199,199,naive
trees_200.newick,4,27,7364,201,5646,199,199,naive
trees_200.newick,4,28,7385,201,5680,199,199,naive
trees_200.newick,4,29,7358,201,5663,199,199,naive
trees_200.newick,4,30,7152,201,5669,199,199,naive
trees_200.newick,4,31,7435,201,5778,199,199,naive
trees_200.newick,4,32,7623,201,5612,199,199,naive
trees_200.newick,4,33,9215,201,5607,199,199,naive
trees_200.newick,4,34,7317,201,5496,199,199,naive
trees_200.newick,4,35,7434,201,5527,199,199,naive
trees_200.newick,4,36,7271,201,5625,199,199,naive
trees_200.newick,4,37,7274,201,5797,199,199,naive
trees_200.newick,4,38,7432,201,5529,199,199,naive
trees_200.newick,4,39,7179,201,5695,199,199,naive
trees_200.newick,4,40,7317,201,5533,199,199,naive
trees_200.newick,4,41,7356,201,5604,199,199,naive
trees_200.newick,4,42,7294,201,5627,199,199,naive
trees_200.newick,4,43,7376,201,5664,199,199,naive
trees_200.newick,4,44,7611,201,5567,199,199,naive
trees_200.newick,4,45,7207,201,5632,199,199,naive
trees_200.newick,4,46,8469,201,5801,199,199,naive
trees_200.newick,4,47,7697,201,5793,199,199,naive
trees_200.newick,4,48,7294,201,5615,199,199,naive
trees_200.newick,4,49,7203,201,5625,199,199,naive
trees_200.newick,5,6,7300,201,5615,199,199,naive
trees_200.newick,5,7,7843,201,5740,199,199,naive
trees_200.newick,5,8,7264,201,5607,199,199,naive
trees_200.newick,5,9,7792,201,5712,199,199,naive
trees_200.newick,5,10,7511,201,5542,199,199,naive
trees_200.newick,5,11,7332,201,5625,199,199,naive
trees_200.newick,5,12,7838,201,5541,199,199,naive
trees_200.newick,5,13,7569,201,5725,199,199,naive
trees_200.newick,5,14,7906,201,5662,199,199,naive
trees_200.newick,5,15,7325,201,5655,199,199,naive
trees_200.newick,5,16,7451,201,5793,199,199,naive
trees_200.newick,5,17,7313,201,5728,199,199,naive
trees_200.newick,5,18,7818,201,5601,199,199,naive
trees_200.newick,5,19,7151,201,5745,199,199,naive
trees_200.newick,5,20,7365,201,5692,199,199,naive
trees_200.newick,5,21,7183,201,5674,199,199,naive
trees_200.newick,5,22,7397,201,5648,199,199,naive
trees_200.newick,5,23,7463,201,5547,199,199,naive
trees_200.newick,5,24,7683,201,5695,199,199,naive
trees_200.newick,5,25,7384,201,5635,199,199,naive
trees_200.newick,5,26,7176,201,5594,199,199,naive
trees_200.newick,5,27,7186,201,5657,199,199,naive
trees_200.newick,5,28,7323,201,5620,199,199,naive
trees_200.newick,5,29,7686,201,5543,199,199,naive
trees_200.newick,5,30,7190,201,5526,199,199,naive
trees_200.newick,5,31,7896,201,5679,199,199,naive
trees_200.newick,5,32,7502,201,5627,199,199,naive
trees_200.newick,5,33,7219,201,5647,199,199,naive
trees_200.newick,5,34,7333,201,5512,199,199,naive
trees_200.newick,5,35,7430,201,5692,199,199,naive
trees_200.newick,5,36,7797,201,5673,199,199,naive
trees_200.newick,5,37,7151,201,5805,199,199,naive
trees_200.newick,5,38,7276,201,5693,199,199,naive
trees_200.newick,5,39,7153,201,5695,199,199,naive
trees_200.newick,5,40,7254,201,5653,199,199,naive
trees_200.newick,5,41,7195,201,5562,199,199,naive
trees_200.newick,5,42,7396,201,5726,199,199,naive
trees_200.newick,5,43,7351,201,5677,199,199,naive
trees_200.newick,5,44,7261,201,5655,199,199,naive
trees_200.newick,5,45,7371,201,5718,199,199,naive
trees_200.newick,5,46,7338,201,5703,199,199,naive
trees_200.newick,5,47,8207,201,5728,199,199,naive
trees_200.newick,5,48,7255,201,5621,199,199,naive
trees_200.newick,5,49,7289,201,5696,199,199,naive
trees_200.newick,6,7,7146,201,5570,199,199,naive
trees_200.newick,6,8,7758,201,5621,199,199,naive
trees_200.newick,6,9,7326,201,5562,199,199,naive
trees_200.newick,6,10,7114,201,5684,199,199,naive
trees_200.newick,6,11,7339,201,5746,199,199,naive
trees_200.newick,6,12,7211,201,5680,199,199,naive
trees_200.newick,6,13,7339,201,5612,199,199,naive
trees_200.newick,6,14,7391,201,5639,199,199,naive
trees_200.newick,6,15,7644,201,5665,199,199,naive
trees_200.newick,6,16,7284,201,5550,199,199,naive
trees_200.newick,6,17,7379,201,5665,199,199,naive
trees_200.newick,6,18,7248,201,5597,199,199,naive
trees_200.newick,6,19,7523,201,5721,199,199,naive
trees_200.newick,6,20,7688,201,5570,199,199,naive
trees_200.newick,6,21,7737,201,5629,199,199,naive
trees_200.newick,6,22,7941,201,5667,199,199,naive
trees_200.newick,6,23,7704,201,5610,199,199,naive
trees_200.newick,6,24,8550,201,5606,199,199,naive
trees_200.newick,6,25,7520,201,5581,199,199,naive
trees_200.newick,6,26,7352,201,5482,199,199,naive
trees_200.newick,6,27,7412,201,5511,199,199,naive
trees_200.newick,6,28,7550,201,5691,199,199,naive
trees_200.newick,6,29,7223,201,5558,199,199,naive
trees_200.newick,6,30,7273,201,5611,199,199,naive
trees_200.newick,6,31,7342,201,5883,199,199,naive
trees_200.newick,6,32,7107,201,5628,199,199,naive
trees_200.newick,6,33,7938,201,5572,199,199,naive
trees_200.newick,6,34,7320,201,5630,199,199,naive
trees_200.newick,6,35,7463,201,5728,199,199,naive
trees_200.newick,6,36,7252,201,5621,199,199,naive
trees_200.newick,6,37,7330,201,5447,199,199,naive
trees_200.newick,6,38,7362,201,5657,199,199,naive
trees_200.newick,6,39,7186,201,5724,199,199,naive
trees_200.newick,6,40,7285,201,5527,199,199,naive
trees_200.newick,6,41,7257,201,5662,199,199,naive
trees_200.newick,6,42,7270,201,5711,199,199,naive
trees_200.newick,6,43,7165,201,5522,199,199,naive
trees_200.newick,6,44,7665,201,5515,199,199,naive
trees_200.newick,6,45,7134,201,5525,199,199,naive
trees_200.newick,6,46,7295,201,5684,199,199,naive
trees_200.newick,6,47,7308,201,5744,199,199,naive
trees_200.newick,6,48,8038,201,5600,199,199,naive
trees_200.newick,6,49,7442,201,5602,199,199,naive
trees_200.newick,7,8,7239,201,5612,199,199,naive
trees_200.newick,7,9,7422,201,5643,199,199,naive
trees_200.newick,7,10,8356,201,5701,199,199,naive
trees_200.newick,7,11,7476,201,5874,199,199,naive
trees_200.newick,7,12,7206,201,5714,199,199,naive
trees_200.newick,7,13,7347,201,5767,199,199,naive
trees_200.newick,7,14,7177,201,5654,199,199,naive
trees_200.newick,7,15,7319,201,5545,199,199,naive
trees_200.newick,7,16,7444,201,5825,199,199,naive
trees_200.newick,7,17,7313,201,5796,199,199,naive
trees_200.newick,7,18,7330,201,5623,199,199,naive
trees_200.newick,7,19,7314,201,5699,199,199,naive
trees_200.newick,7,20,7291,201,5581,199,199,naive
trees_200.newick,7,21,7216,201,5550,199,199,naive
trees_200.newick,7,22,7366,201,5801,199,199,naive
trees_200.newick,7,23,7236,201,5578,199,199,naive
trees_200.newick,7,24,7700,201,5658,199,199,naive
trees_200.newick,7,25,7348,201,5615,199,199,naive
trees_200.newick,7,26,7409,201,5708,199,199,naive
trees_200.newick,7,27,7401,201,5655,199,199,naive
trees_200.newick,7,28,7253,201,5577,199,199,naive
trees_200.newick,7,29,7276,201,5688,199,199,naive
trees_200.newick,7,30,7277,201,5582,199,199,naive
trees_200.newick,7,31,7328,201,5895,199,199,naive
trees_200.newick,7,32,7274,201,5575,199,199,naive
trees_200.newick,7,33,7246,201,5612,199,199,naive
trees_200.newick,7,34,7394,201,5628,199,199,naive
trees_200.newick,7,35,7680,201,5706,199,199,naive
trees_200.newick,7,36,7377,201,5633,199,199,naive
trees_200.newick,7,37,7225,201,5681,199,199,naive
trees_200.newick,7,38,7209,201,5747,199,199,naive
trees_200.newick,7,39,7753,201,5684,199,199,naive
trees_200.newick,7,40,7245,201,5787,199,199,naive
trees_200.newick,7,41,7213,201,5567,199,199,naive
trees_200.newick,7,42,7404,201,5717,199,199,naive
trees_200.newick,7,43,7253,201,5637,199,199,naive
trees_200.newick,7,44,7231,201,5759,199,199,naive
trees_200.newick,7,45,7304,201,5631,199,199,naive
trees_200.newick,7,46,7426,201,5765,199,199,naive
trees_200.newick,7,47,7315,201,5693,199,199,naive
trees_200.newick,7,48,7408,201,5754,199,199,naive
trees_200.newick,7,49,7289,201,5751,199,199,naive
trees_200.newick,8,9,8111,201,5622,199,199,naive
trees_200.newick,8,10,7304,201,5574,199,199,naive
trees_200.newick,8,11,7199,201,5709,199,199,naive
trees_200.newick,8,12,7188,201,5714,199,199,naive
trees_200.newick,8,13,7547,201,5649,199,199,naive
trees_200.newick,8,14,7200,201,5573,199,199,naive
trees_200.newick,8,15,7317,201,5442,199,199,naive
trees_200.newick,8,16,7513,201,5359,199,199,naive
trees_200.newick,8,17,7183,201,5636,199,199,naive
trees_200.newick,8,18,7349,201,5703,199,199,naive
trees_200.newick,8,19,7314,201,5699,199,199,naive
trees_200.newick,8,20,7587,201,5561,199,199,naive
trees_200.newick,8,21,7616,201,5668,199,199,naive
trees_200.newick,8,22,7434,201,5781,199,199,naive
trees_200.newick,8,23,7215,201,5649,199,199,naive
trees_200.newick,8,24,7484,201,5521,199,199,naive
trees_200.newick,8,25,7125,201,5525,199,199,naive
trees_200.newick,8,26,7188,201,5599,199,199,naive
trees_200.newick,8,27,8086,201,5606,199,199,naive
trees_200.newick,8,28,7285,201,5705,199,199,naive
trees_200.newick,8,29,7121,201,5479,199,199,naive
trees_200.newick,8,30,7447,201,5652,199,199,naive
trees_200.newick,8,31,7293,201,5641,199,199,naive
trees_200.newick,8,32,7022,201,5455,199,199,naive
trees_200.newick,8,33,7306,201,5605,199,199,naive
trees_200.newick,8,34,7267,201,5565,199,199,naive
trees_200.newick,8,35,7319,201,5597,199,199,naive
trees_200.newick,8,36,7402,201,5678,199,199,naive
trees_200.newick,8,37,7225,201,5722,199,199,naive
trees_200.newick,8,38,7250,201,5679,199,199,naive
trees_200.newick,8,39,7462,201,5695,199,199,naive
trees_200.newick,8,40,7429,201,5640,199,199,naive
trees_200.newick,8,41,8176,201,5436,199,199,naive
trees_200.newick,8,42,7925,201,5637,199,199,naive
trees_200.newick,8,43,7235,201,5666,199,199,naive
trees_200.newick,8,44,7162,201,5515,199,199,naive
trees_200.newick,8,45,7336,201,5685,199,199,naive
trees_200.newick,8,46,7171,201,5681,199,199,naive
trees_200.newick,8,47,7313,201,5848,199,199,naive
trees_200.newick,8,48,7351,201,5653,199,199,naive
trees_200.newick,8,49,7408,201,5622,199,199,naive
trees_200.newick,9,10,7379,201,5713,199,199,naive
trees_200.newick,9,11,7242,201,5735,199,199,naive
trees_200.newick,9,12,7333,201,5657,199,199,naive
trees_200.newick,9,13,7970,201,5654,199,199,naive
trees_200.newick,9,14,7244,201,5508,199,199,naive
trees_200.newick,9,15,7398,201,5408,199,199,naive
trees_200.newick,9,16,7555,201,5766,199,199,naive
trees_200.newick,9,17,7942,201,5655,199,199,naive
trees_200.newick,9,18,7250,201,5542,199,199,naive
trees_200.newick,9,19,7268,201,5553,199,199,naive
trees_200.newick,9,20,7302,201,5442,199,199,naive
trees_200.newick,9,21,7179,201,5628,199,199,naive
trees_200.newick,9,22,7731,201,5707,199,199,naive
trees_200.newick,9,23,7315,201,5630,199,199,naive
trees_200.newick,9,24,7207,201,5640,199,199,naive
trees_200.newick,9,25,7190,201,5672,199,199,naive
trees_200.newick,9,26,7125,201,5715,199,199,naive
trees_200.newick,9,27,7392,201,5588,199,199,naive
trees_200.newick,9,28,8195,201,5743,199,199,naive
trees_200.newick,9,29,7250,201,5547,199,199,naive
trees_200.newick,9,30,8140,201,5628,199,199,naive
trees_200.newick,9,31,7565,201,5633,199,199,naive
trees_200.newick,9,32,7160,201,5488,199,199,naive
trees_200.newick,9,33,7254,201,5556,199,199,naive
trees_200.newick,9,34,7296,201,5525,199,199,naive
trees_200.newick,9,35,7229,201,5582,199,199,naive
trees_200.newick,9,36,7307,201,5676,199,199,naive
trees_200.newick,9,37,7792,201,5750,199,199,naive
trees_200.newick,9,38,7695,201,5657,199,199,naive
trees_200.newick,9,39,7263,201,5675,199,199,naive
trees_200.newick,9,40,7383,201,5670,199,199,naive
trees_200.newick,9,41,7228,201,5674,199,199,naive
trees_200.newick,9,42,7960,201,5657,199,199,naive
trees_200.newick,9,43,7290,201,5546,199,199,naive
trees_200.newick,9,44,7458,201,5646,199,199,naive
trees_200.newick,9,45,7254,201,5775,199,199,naive
trees_200.newick,9,46,7537,201,5757,199,199,naive
trees_200.newick,9,47,7583,201,5658,199,199,naive
trees_200.newick,9,48,8647,201,5674,199,199,naive
trees_200.newick,9,49,7087,201,5556,199,199,naive
trees_200.newick,10,11,7396,201,5805,199,199,naive
trees_200.newick,10,12,7147,201,5712,199,199,naive
trees_200.newick,10,13,7394,201,5694,199,199,naive
trees_200.newick,10,14,7193,201,5646,199,199,naive
trees_200.newick,10,15,7451,201,5589,199,199,naive
trees_200.newick,10,16,7485,201,5693,199,199,naive
trees_200.newick,10,17,7294,201,5771,199,199,naive
trees_200.newick,10,18,7422,201,5742,199,199,naive
trees_200.newick,10,19,7249,201,5760,199,199,naive
trees_200.newick,10,20,7839,201,5678,199,199,naive
trees_200.newick,10,21,7406,201,5738,199,199,naive
trees_200.newick,10,22,7255,201,5689,199,199,naive
trees_200.newick,10,23,7541,201,5673,199,199,naive
trees_200.newick,10,24,7249,201,5568,199,199,naive
trees_200.newick,10,25,7286,201,5553,199,199,naive
trees_200.newick,10,26,7200,201,5758,199,199,naive
trees_200.newick,10,27,7215,201,5694,199,199,naive
trees_200.newick,10,28,7408,201,5733,199,199,naive
trees_200.newick,10,29,7220,201,5650,199,199,naive
trees_200.newick,10,30,7253,201,5703,199,199,naive
trees_200.newick,10,31,7677,201,5792,199,199,naive
trees_200.newick,10,32,7104,201,5771,199,199,naive
trees_200.newick,10,33,7350,201,5788,199,199,naive
trees_200.newick,10,34,7320,201,5784,199,199,naive
trees_200.newick,10,35,7332,201,5668,199,199,naive
trees_200.newick,10,36,7617,201,5580,199,199,naive
trees_200.newick,10,37,7227,201,5847,199,199,naive
trees_200.newick,10,38,8107,201,5534,199,199,naive
trees_200.newick,10,39,7225,201,5586,199,199,naive
trees_200.newick,10,40,7305,201,5791,199,199,naive
trees_200.newick,10,41,7279,201,5795,199,199,naive
trees_200.newick,10,42,7435,201,5829,199,199,naive
trees_200.newick,10,43,7191,201,5683,199,199,naive
trees_200.newick,10,44,7170,201,5602,199,199,naive
trees_200.newick,10,45,7302,201,5809,199,199,naive
trees_200.newick,10,46,7326,201,5739,199,199,naive
trees_200.newick,10,47,7654,201,5715,199,199,naive
trees_200.newick,10,48,7408,201,5631,199,199,naive
trees_200.newick,10,49,7764,201,5614,199,199,naive
trees_200.newick,11,12,7274,201,5647,199,199,naive
trees_200.newick,11,13,7491,201,5611,199,199,naive
trees_200.newick,11,14,7230,201,5640,199,199,naive
trees_200.newick,11,15,7639,201,5488,199,199,naive
trees_200.newick,11,16,7424,201,5854,199,199,naive
trees_200.newick,11,17,7253,201,5733,199,199,naive
trees_200.newick,11,18,8527,201,5739,199,199,naive
trees_200.newick,11,19,7314,201,5717,199,199,naive
trees_200.newick,11,20,7253,201,5685,199,199,naive
trees_200.newick,11,21,7235,201,5707,199,199,naive
trees_200.newick,11,22,7724,201,5715,199,199,naive
trees_200.newick,11,23,7364,201,5774,199,199,naive
trees_200.newick,11,24,7778,201,5585,199,199,naive
trees_200.newick,11,25,7504,201,5611,199,199,naive
trees_200.newick,11,26,7697,201,5738,199,199,naive
trees_200.newick,11,27,7397,201,5789,199,199,naive
trees_200.newick,11,28,7398,201,5945,199,199,naive
trees_200.newick,11,29,7435,201,5683,199,199,naive
trees_200.newick,11,30,7348,201,5938,199,199,naive
trees_200.newick,11,31,7218,201,5616,199,199,naive
trees_200.newick,11,32,7243,201,5796,199,199,naive
trees_200.newick,11,33,7365,201,5721,199,199,naive
trees_200.newick,11,34,7202,201,5669,199,199,naive
trees_200.newick,11,35,7440,201,5657,199,199,naive
trees_200.newick,11,36,7313,201,5518,199,199,naive
trees_200.newick,11,37,7203,201,5812,199,199,naive
trees_200.newick,11,38,7187,201,5676,199,199,naive
trees_200.newick,11,39,7224,201,5691,199,199,naive
trees_200.newick,11,40,7314,201,5634,199,199,naive
trees_200.newick,11,41,7294,201,5616,199,199,naive
trees_200.newick,11,42,7588,201,5789,199,199,naive
trees_200.newick,11,43,7267,201,5523,199,199,naive
trees_200.newick,11,44,7407,201,5616,199,199,naive
trees_200.newick,11,45,7343,201,5850,199,199,naive
trees_200.newick,11,46,7592,201,5800,199,199,naive
trees_200.newick,11,47,8124,201,5720,199,199,naive
trees_200.newick,11,48,7359,201,5836,199,199,naive
trees_200.newick,11,49,7157,201,5697,199,199,naive
trees_200.newick,12,13,7405,201,5580,199,199,naive
trees_200.newick,12,14,7505,201,5569,199,199,naive
trees_200.newick,12,15,7438,201,5674,199,199,naive
trees_200.newick,12,16,7359,201,5638,199,199,naive
trees_200.newick,12,17,7315,201,5739,199,199,naive
trees_200.newick,12,18,7631,201,5557,199,199,naive
trees_200.newick,12,19,7237,201,5601,199,199,naive
trees_200.newick,12,20,7254,201,5529,199,199,naive
trees_200.newick,12,21,7202,201,5630,199,199,naive
trees_200.newick,12,22,7875,201,5421,199,199,naive
trees_200.newick,12,23,7257,201,5665,199,199,naive
trees_200.newick,12,24,7262,201,5481,199,199,naive
trees_200.newick,12,25,7298,201,5631,199,199,naive
trees_200.newick,12,26,7169,201,5664,199,199,naive
trees_200.newick,12,27,7413,201,5588,199,199,naive
trees_200.newick,12,28,7201,201,5668,199,199,naive
trees_200.newick,12,29,7508,201,5609,199,199,naive
trees_200.newick,12,30,7348,201,5712,199,199,naive
trees_200.newick,12,31,7559,201,5679,199,199,naive
trees_200.newick,12,32,7041,201,5524,199,199,naive
trees_200.newick,12,33,8057,201,5564,199,199,naive
trees_200.newick,12,34,7263,201,5737,199,199,naive
trees_200.newick,12,35,7311,201,5616,199,199,naive
trees_200.newick,12,36,7476,201,5582,199,199,naive
trees_200.newick,12,37,7201,201,5679,199,199,naive
trees_200.newick,12,38,7205,201,5517,199,199,naive
trees_200.newick,12,39,7290,201,5677,199,199,naive
trees_200.newick,12,40,7262,201,5619,199,199,naive
trees_200.newick,12,41,7059,201,5440,199,199,naive
trees_200.newick,12,42,7468,201,5721,199,199,naive
trees_200.newick,12,43,7157,201,5785,199,199,naive
trees_200.newick,12,44,7589,201,5639,199,199,naive
trees_200.newick,12,45,7233,201,5547,199,199,naive
trees_200.newick,12,46,7336,201,5750,199,199,naive
trees_200.newick,12,47,7242,201,5737,199,199,naive
trees_200.newick,12,48,7666,201,5594,199,199,naive
trees_200.newick,12,49,7190,201,5655,199,199,naive
trees_200.newick,13,14,7258,201,5537,199,199,naive
trees_200.newick,13,15,7731,201,5542,199,199,naive
trees_200.newick,13,16,7414,201,5523,199,199,naive
trees_200.newick,13,17,7198,201,5631,199,199,naive
trees_200.newick,13,18,7389,201,5586,199,199,naive
trees_200.newick,13,19,7140,201,5497,199,199,naive
trees_200.newick,13,20,7290,201,5669,199,199,naive
trees_200.newick,13,21,7313,201,5739,199,199,naive
trees_200.newick,13,22,7243,201,5787,199,199,naive
trees_200.newick,13,23,7173,201,5581,199,199,naive
trees_200.newick,13,24,7372,201,5707,199,199,naive
trees_200.newick,13,25,7137,201,5621,199,199,naive
trees_200.newick,13,26,7830,201,5557,199,199,naive
trees_200.newick,13,27,7247,201,5705,199,199,naive
trees_200.newick,13,28,7281,201,5600,199,199,naive
trees_200.newick,13,29,7186,201,5808,199,199,naive
trees_200.newick,13,30,7630,201,5677,199,199,naive
trees_200.newick,13,31,7170,201,5626,199,199,naive
trees_200.newick,13,32,7099,201,5688,199,199,naive
trees_200.newick,13,33,7398,201,5716,199,199,naive
trees_200.newick,13,34,7349,201,5671,199,199,naive
trees_200.newick,13,35,7286,201,5563,199,199,naive
trees_200.newick,13,36,7387,201,5661,199,199,naive
trees_200.newick,13,37,7168,201,5786,199,199,naive
trees_200.newick,13,38,7147,201,5462,199,199,naive
trees_200.newick,13,39,7176,201,5611,199,199,naive
trees_200.newick,13,40,7260,201,5654,199,199,naive
trees_200.newick,13,41,7386,201,5566,199,199,naive
trees_200.newick,13,42,7462,201,5725,199,199,naive
trees_200.newick,13,43,7276,201,5689,199,199,naive
trees_200.newick,13,44,7173,201,5645,199,199,naive
trees_200.newick,13,45,7725,201,5712,199,199,naive
trees_200.newick,13,46,7261,201,5646,199,199,naive
trees_200.newick,13,47,7816,201,5788,199,199,naive
trees_200.newick,13,48,7728,201,5652,199,199,naive
trees_200.newick,13,49,7131,201,5561,199,199,naive
trees_200.newick,14,15,7302,201,5573,199,199,naive
trees_200.newick,14,16,7499,201,5634,199,199,naive
trees_200.newick,14,17,7348,201,5736,199,199,naive
trees_200.newick,14,18,7250,201,5649,199,199,naive
trees_200.newick,14,19,7295,201,5649,199,199,naive
trees_200.newick,14,20,7239,201,5582,199,199,naive
trees_200.newick,14,21,8188,201,5677,199,199,naive
trees_200.newick,14,22,7313,201,5634,199,199,naive
trees_200.newick,14,23,7146,201,5487,199,199,naive
trees_200.newick,14,24,7306,201,5482,199,199,naive
trees_200.newick,14,25,7248,201,5607,199,199,naive
trees_200.newick,14,26,7216,201,5658,199,199,naive
trees_200.newick,14,27,7265,201,5648,199,199,naive
trees_200.newick,14,28,7324,201,5548,199,199,naive
trees_200.newick,14,29,7118,201,5614,199,199,naive
trees_200.newick,14,30,7238,201,5582,199,199,naive
trees_200.newick,14,31,7174,201,5650,199,199,naive
trees_200.newick,14,32,7596,201,5708,199,199,naive
trees_200.newick,14,33,7224,201,5542,199,199,naive
trees_200.newick,14,34,7201,201,5487,199,199,naive
trees_200.newick,14,35,7273,201,5557,199,199,naive
trees_200.newick,14,36,7393,201,5491,199,199,naive
trees_200.newick,14,37,7270,201,5633,199,199,naive
trees_200.newick,14,38,7257,201,5690,199,199,naive
trees_200.newick,14,39,7312,201,5576,199,199,naive
trees_200.newick,14,40,7221,201,5659,199,199,naive
trees_200.newick,14,41,7302,201,5674,199,199,naive
trees_200.newick,14,42,7379,201,5622,199,199,naive
trees_200.newick,14,43,7152,201,5617,199,199,naive
trees_200.newick,14,44,7145,201,5647,199,199,naive
trees_200.newick,14,45,7199,201,5610,199,199,naive
trees_200.newick,14,46,7258,201,5734,199,199,naive
trees_200.newick,14,47,7168,201,5675,199,199,naive
trees_200.newick,14,48,7405,201,5571,199,199,naive
trees_200.newick,14,49,7043,201,5533,199,199,naive
trees_200.newick,15,16,7402,201,5576,199,199,naive
trees_200.newick,15,17,7288,201,5705,199,199,naive
trees_200.newick,15,18,7319,201,5488,199,199,naive
trees_200.newick,15,19,7267,201,5606,199,199,naive
trees_200.newick,15,20,7590,201,5655,199,199,naive
trees_200.newick,15,21,7314,201,5578,199,199,naive
trees_200.newick,15,22,7269,201,5694,199,199,naive
trees_200.newick,15,23,7224,201,5569,199,199,naive
trees_200.newick,15,24,7381,201,5714,199,199,naive
trees_200.newick,15,25,7248,201,5660,199,199,naive
trees_200.newick,15,26,7221,201,5588,199,199,naive
trees_200.newick,15,27,7213,201,5610,199,199,naive
trees_200.newick,15,28,7679,201,5628,199,199,naive
trees_200.newick,15,29,7164,201,5447,199,199,naive
trees_200.newick,15,30,7368,201,5691,199,199,naive
trees_200.newick,15,31,7368,201,5725,199,199,naive
trees_200.newick,15,32,7148,201,5630,199,199,naive
trees_200.newick,15,33,7350,201,5572,199,199,naive
trees_200.newick,15,34,7270,201,5587,199,199,naive
trees_200.newick,15,35,7710,201,5469,199,199,naive
trees_200.newick,15,36,7277,201,5574,199,199,naive
trees_200.newick,15,37,7220,201,5590,199,199,naive
trees_200.newick,15,38,7211,201,5561,199,199,naive
trees_200.newick,15,39,7490,201,5538,199,199,naive
trees_200.newick,15,40,7422,201,5508,199,199,naive
trees_200.newick,15,41,7717,201,5747,199,199,naive
trees_200.newick,15,42,7388,201,5616,199,199,naive
trees_200.newick,15,43,7314,201,5620,199,199,naive
trees_200.newick,15,44,7443,201,5433,199,199,naive
trees_200.newick,15,45,7380,201,5658,199,199,naive
trees_200.newick,15,46,8120,201,5656,199,199,naive
trees_200.newick,15,47,7443,201,5648,199,199,naive
trees_200.newick,15,48,7240,201,5582,199,199,naive
trees_200.newick,15,49,7186,201,5530,199,199,naive
trees_200.newick,16,17,7331,201,5781,199,199,naive
trees_200.newick,16,18,7404,201,5565,199,199,naive
trees_200.newick,16,19,8238,201,5626,199,199,naive
trees_200.newick,16,20,7386,201,5634,199,199,naive
trees_200.newick,16,21,7147,201,5679,199,199,naive
trees_200.newick,16,22,7358,201,5774,199,199,naive
trees_200.newick,16,23,7438,201,5625,199,199,naive
trees_200.newick,16,24,7676,201,5597,199,199,naive
trees_200.newick,16,25,7107,201,5606,199,199,naive
trees_200.newick,16,26,7263,201,5678,199,199,naive
trees_200.newick,16,27,7312,201,5598,199,199,naive
trees_200.newick,16,28,7249,201,5681,199,199,naive
trees_200.newick,16,29,7296,201,5627,199,199,naive
trees_200.newick,16,30,7248,201,5750,199,199,naive
trees_200.newick,16,31,8063,201,5809,199,199,naive
trees_200.newick,16,32,7217,201,5747,199,199,naive
trees_200.newick,16,33,8038,201,5625,199,199,naive
trees_200.newick,16,34,8168,201,5669,199,199,naive
trees_200.newick,16,35,7343,201,5643,199,199,naive
trees_200.newick,16,36,7277,201,5548,199,199,naive
trees_200.newick,16,37,7160,201,5482,199,199,naive
trees_200.newick,16,38,7318,201,5746,199,199,naive
trees_200.newick,16,39,7241,201,5625,199,199,naive
trees_200.newick,16,40,7340,201,5626,199,199,naive
trees_200.newick,16,41,7310,201,5672,199,199,naive
trees_200.newick,16,42,8103,201,5671,199,199,naive
trees_200.newick,16,43,7321,201,5723,199,199,naive
trees_200.newick,16,44,7160,201,5618,199,199,naive
trees_200.newick,16,45,7216,201,5712,199,199,naive
trees_200.newick,16,46,7483,201,5661,199,199,naive
trees_200.newick,16,47,7302,201,5813,199,199,naive
trees_200.newick,16,48,7198,201,5676,199,199,naive
trees_200.newick,16,49,7206,201,5684,199,199,naive
trees_200.newick,17,18,7317,201,5604,199,199,naive
trees_200.newick,17,19,7213,201,5576,199,199,naive
trees_200.newick,17,20,7261,201,5626,199,199,naive
trees_200.newick,17,21,7625,201,5708,199,199,naive
trees_200.newick,17,22,7216,201,5742,199,199,naive
trees_200.newick,17,23,7376,201,5551,199,199,naive
trees_200.newick,17,24,7290,201,5571,199,199,naive
trees_200.newick,17,25,7564,201,5608,199,199,naive
trees_200.newick,17,26,7230,201,5612,199,199,naive
trees_200.newick,17,27,7611,201,5835,199,199,naive
trees_200.newick,17,28,7289,201,5662,199,199,naive
trees_200.newick,17,29,7304,201,5705,199,199,naive
trees_200.newick,17,30,7276,201,5738,199,199,naive
trees_200.newick,17,31,7265,201,5808,199,199,naive
trees_200.newick,17,32,7372,201,5701,199,199,naive
trees_200.newick,17,33,7227,201,5682,199,199,naive
trees_200.newick,17,34,7302,201,5564,199,199,naive
trees_200.newick,17,35,7382,201,5716,199,199,naive
trees_200.newick,17,36,7338,201,5634,199,199,naive
trees_200.newick,17,37,7177,201,5763,199,199,naive
trees_200.newick,17,38,7294,201,5616,199,199,naive
trees_200.newick,17,39,7286,201,5601,199,199,naive
trees_200.newick,17,40,7982,201,5647,199,199,naive
trees_200.newick,17,41,7299,201,5711,199,199,naive
trees_200.newick,17,42,7358,201,5614,199,199,naive
trees_200.newick,17,43,7606,201,5761,199,199,naive
trees_200.newick,17,44,8770,201,5706,199,199,naive
trees_200.newick,17,45,7905,201,5523,199,199,naive
trees_200.newick,17,46,7288,201,5728,199,199,naive
trees_200.newick,17,47,7432,201,5736,199,199,naive
trees_200.newick,17,48,7242,201,5570,199,199,naive
trees_200.newick,17,49,7161,201,5575,199,199,naive
trees_200.newick,18,19,7154,201,5548,199,199,naive
trees_200.newick,18,20,7296,201,5579,199,199,naive
trees_200.newick,18,21,7281,201,5642,199,199,naive
trees_200.newick,18,22,7207,201,5678,199,199,naive
trees_200.newick,18,23,8401,201,5732,199,199,naive
trees_200.newick,18,24,7336,201,5686,199,199,naive
trees_200.newick,18,25,7193,201,5664,199,199,naive
trees_200.newick,18,26,7166,201,5486,199,199,naive
trees_200.newick,18,27,7264,201,5505,199,199,naive
trees_200.newick,18,28,7266,201,5703,199,199,naive
trees_200.newick,18,29,7270,201,5634,199,199,naive
trees_200.newick,18,30,7291,201,5481,199,199,naive
trees_200.newick,18,31,7925,201,5730,199,199,naive
trees_200.newick,18,32,7320,201,5684,199,199,naive
trees_200.newick,18,33,7351,201,5618,199,199,naive
trees_200.newick,18,34,7267,201,5712,199,199,naive
trees_200.newick,18,35,7411,201,5705,199,199,naive
trees_200.newick,18,36,7354,201,5790,199,199,naive
trees_200.newick,18,37,7238,201,5674,199,199,naive
trees_200.newick,18,38,7205,201,5547,199,199,naive
trees_200.newick,18,39,7152,201,5395,199,199,naive
trees_200.newick,18,40,7315,201,5600,199,199,naive
trees_200.newick,18,41,7440,201,5652,199,199,naive
trees_200.newick,18,42,8026,201,5713,199,199,naive
trees_200.newick,18,43,7237,201,5578,199,199,naive
trees_200.newick,18,44,7310,201,5602,199,199,naive
trees_200.newick,18,45,7433,201,5701,199,199,naive
trees_200.newick,18,46,7261,201,5686,199,199,naive
trees_200.newick,18,47,7307,201,5573,199,199,naive
trees_200.newick,18,48,7226,201,5594,199,199,naive
trees_200.newick,18,49,7154,201,5588,199,199,naive
trees_200.newick,19,20,7280,201,5441,199,199,naive
trees_200.newick,19,21,7144,201,5668,199,199,naive
trees_200.newick,19,22,7222,201,5750,199,199,naive
trees_200.newick,19,23,7694,201,5447,199,199,naive
trees_200.newick,19,24,7353,201,5679,199,199,naive
trees_200.newick,19,25,7108,201,5671,199,199,naive
trees_200.newick,19,26,7305,201,5686,199,199,naive
trees_200.newick,19,27,7304,201,5607,199,199,naive
trees_200.newick,19,28,7347,201,5650,199,199,naive
trees_200.newick,19,29,7289,201,5562,199,199,naive
trees_200.newick,19,30,7776,201,5707,199,199,naive
trees_200.newick,19,31,7286,201,5725,199,199,naive
trees_200.newick,19,32,7263,201,5650,199,199,naive
trees_200.newick,19,33,7259,201,5654,199,199,naive
trees_200.newick,19,34,7186,201,5575,199,199,naive
trees_200.newick,19,35,7259,201,5620,199,199,naive
trees_200.newick,19,36,7331,201,5690,199,199,naive
trees_200.newick,19,37,7184,201,5627,199,199,naive
trees_200.newick,19,38,7242,201,5638,199,199,naive
trees_200.newick,19,39,7190,201,5548,199,199,naive
trees_200.newick,19,40,7277,201,5642,199,199,naive
trees_200.newick,19,41,7839,201,5660,199,199,naive
trees_200.newick,19,42,7289,201,5718,199,199,naive
trees_200.newick,19,43,7302,201,5562,199,199,naive
trees_200.newick,19,44,7272,201,5692,199,199,naive
trees_200.newick,19,45,7262,201,5450,199,199,naive
trees_200.newick,19,46,7272,201,5473,199,199,naive
trees_200.newick,19,47,7306,201,5741,199,199,naive
trees_200.newick,19,48,7125,201,5541,199,199,naive
trees_200.newick,19,49,7127,201,5735,199,199,naive
trees_200.newick,20,21,7225,201,5606,199,199,naive
trees_200.newick,20,22,7081,201,5651,199,199,naive
trees_200.newick,20,23,7181,201,5647,199,199,naive
trees_200.newick,20,24,7183,201,5644,199,199,naive
trees_200.newick,20,25,7036,201,5454,199,199,naive
trees_200.newick,20,26,7229,201,5702,199,199,naive
trees_200.newick,20,27,7620,201,5629,199,199,naive
trees_200.newick,20,28,7159,201,5581,199,199,naive
trees_200.newick,20,29,7212,201,5583,199,199,naive
trees_200.newick,20,30,7274,201,5554,199,199,naive
trees_200.newick,20,31,7791,201,5737,199,199,naive
trees_200.newick,20,32,7127,201,5552,199,199,naive
trees_200.newick,20,33,7211,201,5706,199,199,naive
trees_200.newick,20,34,7269,201,5605,199,199,naive
trees_200.newick,20,35,7273,201,5685,199,199,naive
trees_200.newick,20,36,7280,201,5598,199,199,naive
trees_200.newick,20,37,7116,201,5543,199,199,naive
trees_200.newick,20,38,7152,201,5564,199,199,naive
trees_200.newick,20,39,7236,201,5563,199,199,naive
trees_200.newick,20,40,7179,201,5514,199,199,naive
trees_200.newick,20,41,7103,201,5537,199,199,naive
trees_200.newick,20,42,7967,201,5572,199,199,naive
trees_200.newick,20,43,7196,201,5521,199,199,naive
trees_200.newick,20,44,7182,201,5571,199,199,naive
trees_200.newick,20,45,7130,201,5644,199,199,naive
trees_200.newick,20,46,7469,201,5665,199,199,naive
trees_200.newick,20,47,7363,201,5656,199,199,naive
trees_200.newick,20,48,7229,201,5550,199,199,naive
trees_200.newick,20,49,7097,201,5619,199,199,naive
trees_200.newick,21,22,7228,201,5835,199,199,naive
trees_200.newick,21,23,7304,201,5689,199,199,naive
trees_200.newick,21,24,7306,201,5656,199,199,naive
trees_200.newick,21,25,7489,201,5611,199,199,naive
trees_200.newick,21,26,7220,201,5687,199,199,naive
trees_200.newick,21,27,7301,201,5766,199,199,naive
trees_200.newick,21,28,7265,201,5754,199,199,naive
trees_200.newick,21,29,7452,201,5578,199,199,naive
trees_200.newick,21,30,7244,201,5494,199,199,naive
trees_200.newick,21,31,7191,201,5874,199,199,naive
trees_200.newick,21,32,7266,201,5718,199,199,naive
trees_200.newick,21,33,7811,201,5681,199,199,naive
trees_200.newick,21,34,7229,201,5649,199,199,naive
trees_200.newick,21,35,7383,201,5631,199,199,naive
trees_200.newick,21,36,7383,201,5743,199,199,naive
trees_200.newick,21,37,7191,201,5659,199,199,naive
trees_200.newick,21,38,7234,201,5604,199,199,naive
trees_200.newick,21,39,7251,201,5651,199,199,naive
trees_200.newick,21,40,7280,201,5581,199,199,naive
trees_200.newick,21,41,7309,201,5595,199,199,naive
trees_200.newick,21,42,7420,201,5798,199,199,naive
trees_200.newick,21,43,7273,201,5626,199,199,naive
trees_200.newick,21,44,7794,201,5655,199,199,naive
trees_200.newick,21,45,7199,201,5632,199,199,naive
trees_200.newick,21,46,7632,201,5832,199,199,naive
trees_200.newick,21,47,7380,201,5672,199,199,naive
trees_200.newick,21,48,7228,201,5611,199,199,naive
trees_200.newick,21,49,7304,201,5680,199,199,naive
trees_200.newick,22,23,7666,201,5636,199,199,naive
trees_200.newick,22,24,7406,201,5676,199,199,naive
trees_200.newick,22,25,7209,201,5700,199,199,naive
trees_200.newick,22,26,7439,201,5572,199,199,naive
trees_200.newick,22,27,7466,201,5609,199,199,naive
trees_200.newick,22,28,7562,201,5706,199,199,naive
trees_200.newick,22,29,7286,201,5827,199,199,naive
trees_200.newick,22,30,7298,201,5681,199,199,naive
trees_200.newick,22,31,7182,201,5672,199,199,naive
trees_200.newick,22,32,7241,201,5746,199,199,naive
trees_200.newick,22,33,7359,201,5750,199,199,naive
trees_200.newick,22,34,7271,201,5668,199,199,naive
trees_200.newick,22,35,8239,201,5672,199,199,naive
trees_200.newick,22,36,7320,201,5597,199,199,naive
trees_200.newick,22,37,7199,201,5825,199,199,naive
trees_200.newick,22,38,7301,201,5768,199,199,naive
trees_200.newick,22,39,7128,201,5658,199,199,naive
trees_200.newick,22,40,7263,201,5612,199,199,naive
trees_200.newick,22,41,7265,201,5664,199,199,naive
trees_200.newick,22,42,7350,201,5736,199,199,naive
trees_200.newick,22,43,7149,201,5766,199,199,naive
trees_200.newick,22,44,7136,201,5628,199,199,naive
trees_200.newick,22,45,7134,201,5721,199,199,naive
trees_200.newick,22,46,7876,201,5840,199,199,naive
trees_200.newick,22,47,7392,201,5602,199,199,naive
trees_200.newick,22,48,7266,201,5508,199,199,naive
trees_200.newick,22,49,7198,201,5657,199,199,naive
trees_200.newick,23,24,7624,201,5475,199,199,naive
trees_200.newick,23,25,7174,201,5653,199,199,naive
trees_200.newick,23,26,7358,201,5724,199,199,naive
trees_200.newick,23,27,7355,201,5676,199,199,naive
trees_200.newick,23,28,7521,201,5711,199,199,naive
trees_200.newick,23,29,7363,201,5586,199,199,naive
trees_200.newick,23,30,7296,201,5663,199,199,naive
trees_200.newick,23,31,7572,201,5674,199,199,naive
trees_200.newick,23,32,7213,201,5502,199,199,naive
trees_200.newick,23,33,7376,201,5604,199,199,naive
trees_200.newick,23,34,7350,201,5614,199,199,naive
trees_200.newick,23,35,7788,201,5643,199,199,naive
trees_200.newick,23,36,7259,201,5603,199,199,naive
trees_200.newick,23,37,7170,201,5681,199,199,naive
trees_200.newick,23,38,7435,201,5501,199,199,naive
trees_200.newick,23,39,7595,201,5625,199,199,naive
trees_200.newick,23,40,7655,201,5589,199,199,naive
trees_200.newick,23,41,7277,201,5402,199,199,naive
trees_200.newick,23,42,7377,201,5746,199,199,naive
trees_200.newick,23,43,7236,201,5494,199,199,naive
trees_200.newick,23,44,7210,201,5623,199,199,naive
trees_200.newick,23,45,7230,201,5707,199,199,naive
trees_200.newick,23,46,7279,201,5749,199,199,naive
trees_200.newick,23,47,7435,201,5748,199,199,naive
trees_200.newick,23,48,7184,201,5680,199,199,naive
trees_200.newick,23,49,7138,201,5598,199,199,naive
trees_200.newick,24,25,7785,201,5461,199,199,naive
trees_200.newick,24,26,7201,201,5694,199,199,naive
trees_200.newick,24,27,7257,201,5559,199,199,naive
trees_200.newick,24,28,7255,201,5637,199,199,naive
trees_200.newick,24,29,7283,201,5737,199,199,naive
trees_200.newick,24,30,7268,201,5683,199,199,naive
trees_200.newick,24,31,7207,201,5686,199,199,naive
trees_200.newick,24,32,7234,201,5672,199,199,naive
trees_200.newick,24,33,7279,201,5553,199,199,naive
trees_200.newick,24,34,7277,201,5648,199,199,naive
trees_200.newick,24,35,7393,201,5686,199,199,naive
trees_200.newick,24,36,7657,201,5605,199,199,naive
trees_200.newick,24,37,7308,201,5703,199,199,naive
trees_200.newick,24,38,7550,201,5717,199,199,naive
trees_200.newick,24,39,7263,201,5688,199,199,naive
trees_200.newick,24,40,7225,201,5619,199,199,naive
trees_200.newick,24,41,7421,201,5715,199,199,naive
trees_200.newick,24,42,7356,201,5747,199,199,naive
trees_200.newick,24,43,8056,201,5758,199,199,naive
trees_200.newick,24,44,7218,201,5543,199,199,naive
trees_200.newick,24,45,7186,201,5605,199,199,naive
trees_200.newick,24,46,7283,201,5854,199,199,naive
trees_200.newick,24,47,7324,201,5808,199,199,naive
trees_200.newick,24,48,7211,201,5585,199,199,naive
trees_200.newick,24,49,7181,201,5629,199,199,naive
trees_200.newick,25,26,7241,201,5644,199,199,naive
trees_200.newick,25,27,7279,201,5624,199,199,naive
trees_200.newick,25,28,7391,201,5569,199,199,naive
trees_200.newick,25,29,7248,201,5556,199,199,naive
trees_200.newick,25,30,8134,201,5690,199,199,naive
trees_200.newick,25,31,7169,201,5632,199,199,naive
trees_200.newick,25,32,7271,201,5572,199,199,naive
trees_200.newick,25,33,7288,201,5679,199,199,naive
trees_200.newick,25,34,7531,201,5556,199,199,naive
trees_200.newick,25,35,7402,201,5585,199,199,naive
trees_200.newick,25,36,7359,201,5422,199,199,naive
trees_200.newick,25,37,7206,201,5596,199,199,naive
trees_200.newick,25,38,7277,201,5621,199,199,naive
trees_200.newick,25,39,7243,201,5659,199,199,naive
trees_200.newick,25,40,7234,201,5423,199,199,naive
trees_200.newick,25,41,7192,201,5567,199,199,naive
trees_200.newick,25,42,7419,201,5639,199,199,naive
trees_200.newick,25,43,7184,201,5668,199,199,naive
trees_200.newick,25,44,7349,201,5728,199,199,naive
trees_200.newick,25,45,7531,201,5597,199,199,naive
trees_200.newick,25,46,7283,201,5608,199,199,naive
trees_200.newick,25,47,7466,201,5635,199,199,naive
trees_200.newick,25,48,7242,201,5632,199,199,naive
trees_200.newick,25,49,7695,201,5631,199,199,naive
trees_200.newick,26,27,7308,201,5754,199,199,naive
trees_200.newick,26,28,7391,201,5653,199,199,naive
trees_200.newick,26,29,7311,201,5613,199,199,naive
trees_200.newick,26,30,7371,201,5664,199,199,naive
trees_200.newick,26,31,7443,201,5801,199,199,naive
trees_200.newick,26,32,7267,201,5723,199,199,naive
trees_200.newick,26,33,7321,201,5589,199,199,naive
trees_200.newick,26,34,7547,201,5654,199,199,naive
trees_200.newick,26,35,7416,201,5622,199,199,naive
trees_200.newick,26,36,7868,201,5581,199,199,naive
trees_200.newick,26,37,7939,201,5622,199,199,naive
trees_200.newick,26,38,7300,201,5581,199,199,naive
trees_200.newick,26,39,7334,201,5580,199,199,naive
trees_200.newick,26,40,7612,201,5537,199,199,naive
trees_200.newick,26,41,7321,201,5660,199,199,naive
trees_200.newick,26,42,7534,201,5743,199,199,naive
trees_200.newick,26,43,7385,201,5749,199,199,naive
trees_200.newick,26,44,7238,201,5548,199,199,naive
trees_200.newick,26,45,7209,201,5490,199,199,naive
trees_200.newick,26,46,7380,201,5634,199,199,naive
trees_200.newick,26,47,7429,201,5773,199,199,naive
trees_200.newick,26,48,7643,201,5582,199,199,naive
trees_200.newick,26,49,7149,201,5541,199,199,naive
trees_200.newick,27,28,7757,201,5617,199,199,naive
trees_200.newick,27,29,8072,201,5627,199,199,naive
trees_200.newick,27,30,7356,201,5830,199,199,naive
trees_200.newick,27,31,7275,201,5719,199,199,naive
trees_200.newick,27,32,7210,201,5677,199,199,naive
trees_200.newick,27,33,8347,201,5535,199,199,naive
trees_200.newick,27,34,7365,201,5690,199,199,naive
trees_200.newick,27,35,7468,201,5754,199,199,naive
trees_200.newick,27,36,7395,201,5587,199,199,naive
trees_200.newick,27,37,7119,201,5653,199,199,naive
trees_200.newick,27,38,7263,201,5667,199,199,naive
trees_200.newick,27,39,7239,201,5682,199,199,naive
trees_200.newick,27,40,7291,201,5621,199,199,naive
trees_200.newick,27,41,7203,201,5612,199,199,naive
trees_200.newick,27,42,7476,201,5769,199,199,naive
trees_200.newick,27,43,7248,201,5654,199,199,naive
trees_200.newick,27,44,7999,201,5668,199,199,naive
trees_200.newick,27,45,7202,201,5611,199,199,naive
trees_200.newick,27,46,7226,201,5770,199,199,naive
trees_200.newick,27,47,8031,201,5664,199,199,naive
trees_200.newick,27,48,7545,201,5733,199,199,naive
trees_200.newick,27,49,7219,201,5720,199,199,naive
trees_200.newick,28,29,7253,201,5793,199,199,naive
trees_200.newick,28,30,7231,201,5763,199,199,naive
trees_200.newick,28,31,7223,201,5749,199,199,naive
trees_200.newick,28,32,7120,201,5639,199,199,naive
trees_200.newick,28,33,7294,201,5804,199,199,naive
trees_200.newick,28,34,7408,201,5652,199,199,naive
trees_200.newick,28,35,7509,201,5687,199,199,naive
trees_200.newick,28,36,7340,201,5734,199,199,naive
trees_200.newick,28,37,7064,201,5928,199,199,naive
trees_200.newick,28,38,7658,201,5695,199,199,naive
trees_200.newick,28,39,7128,201,5639,199,199,naive
trees_200.newick,28,40,7254,201,5648,199,199,naive
trees_200.newick,28,41,7236,201,5724,199,199,naive
trees_200.newick,28,42,7386,201,5723,199,199,naive
trees_200.newick,28,43,7281,201,5776,199,199,naive
trees_200.newick,28,44,7152,201,5722,199,199,naive
trees_200.newick,28,45,7143,201,5654,199,199,naive
trees_200.newick,28,46,7144,201,5658,199,199,naive
trees_200.newick,28,47,7383,201,5737,199,199,naive
trees_200.newick,28,48,7191,201,5770,199,199,naive
trees_200.newick,28,49,7050,201,5664,199,199,naive
trees_200.newick,29,30,7187,201,5646,199,199,naive
trees_200.newick,29,31,7250,201,5714,199,199,naive
trees_200.newick,29,32,7202,201,5592,199,199,naive
trees_200.newick,29,33,7992,201,5562,199,199,naive
trees_200.newick,29,34,7342,201,5701,199,199,naive
trees_200.newick,29,35,7317,201,5618,199,199,naive
trees_200.newick,29,36,7478,201,5536,199,199,naive
trees_200.newick,29,37,7162,201,5711,199,199,naive
trees_200.newick,29,38,7185,201,5557,199,199,naive
trees_200.newick,29,39,7226,201,5588,199,199,naive
trees_200.newick,29,40,7273,201,5687,199,199,naive
trees_200.newick,29,41,7313,201,5632,199,199,naive
trees_200.newick,29,42,7419,201,5774,199,199,naive
trees_200.newick,29,43,7309,201,5690,199,199,naive
trees_200.newick,29,44,7632,201,5569,199,199,naive
trees_200.newick,29,45,7243,201,5800,199,199,naive
trees_200.newick,29,46,7244,201,5651,199,199,naive
trees_200.newick,29,47,7433,201,5562,199,199,naive
trees_200.newick,29,48,7164,201,5474,199,199,naive
trees_200.newick,29,49,7190,201,5561,199,199,naive
trees_200.newick,30,31,7171,201,5715,199,199,naive
trees_200.newick,30,32,8223,201,5544,199,199,naive
trees_200.newick,30,33,7241,201,5670,199,199,naive
trees_200.newick,30,34,7334,201,5712,199,199,naive
trees_200.newick,30,35,7379,201,5585,199,199,naive
trees_200.newick,30,36,7374,201,5497,199,199,naive
trees_200.newick,30,37,7075,201,5669,199,199,naive
trees_200.newick,30,38,7200,201,5559,199,199,naive
trees_200.newick,30,39,7850,201,5690,199,199,naive
trees_200.newick,30,40,7328,201,5514,199,199,naive
trees_200.newick,30,41,7268,201,5676,199,199,naive
trees_200.newick,30,42,7259,201,5630,199,199,naive
trees_200.newick,30,43,7839,201,5660,199,199,naive
trees_200.newick,30,44,7280,201,5549,199,199,naive
trees_200.newick,30,45,8452,201,5696,199,199,naive
trees_200.newick,30,46,7482,201,5658,199,199,naive
trees_200.newick,30,47,8437,201,5520,199,199,naive
trees_200.newick,30,48,7453,201,5586,199,199,naive
trees_200.newick,30,49,7211,201,5638,199,199,naive
trees_200.newick,31,32,7404,201,5765,199,199,naive
trees_200.newick,31,33,7308,201,5662,199,199,naive
trees_200.newick,31,34,7371,201,5607,199,199,naive
trees_200.newick,31,35,7407,201,5717,199,199,naive
trees_200.newick,31,36,7647,201,5566,199,199,naive
trees_200.newick,31,37,7372,201,5772,199,199,naive
trees_200.newick,31,38,7316,201,5810,199,199,naive
trees_200.newick,31,39,7263,201,5792,199,199,naive
trees_200.newick,31,40,7390,201,5805,199,199,naive
trees_200.newick,31,41,7341,201,5712,199,199,naive
trees_200.newick,31,42,7366,201,5806,199,199,naive
trees_200.newick,31,43,7869,201,5548,199,199,naive
trees_200.newick,31,44,7644,201,5706,199,199,naive
trees_200.newick,31,45,7215,201,5819,199,199,naive
trees_200.newick,31,46,7304,201,5689,199,199,naive
trees_200.newick,31,47,7292,201,5841,199,199,naive
trees_200.newick,31,48,7294,201,5797,199,199,naive
trees_200.newick,31,49,7103,201,5751,199,199,naive
trees_200.newick,32,33,7221,201,5511,199,199,naive
trees_200.newick,32,34,7384,201,5640,199,199,naive
trees_200.newick,32,35,7366,201,5771,199,199,naive
trees_200.newick,32,36,7341,201,5517,199,199,naive
trees_200.newick,32,37,7626,201,5789,199,199,naive
trees_200.newick,32,38,7253,201,5589,199,199,naive
trees_200.newick,32,39,7316,201,5668,199,199,naive
trees_200.newick,32,40,7395,201,5624,199,199,naive
trees_200.newick,32,41,7420,201,5516,199,199,naive
trees_200.newick,32,42,7223,201,5592,199,199,naive
trees_200.newick,32,43,7287,201,5630,199,199,naive
trees_200.newick,32,44,7245,201,5581,199,199,naive
trees_200.newick,32,45,7175,201,5683,199,199,naive
trees_200.newick,32,46,7337,201,5796,199,199,naive
trees_200.newick,32,47,7244,201,5692,199,199,naive
trees_200.newick,32,48,7672,201,5493,199,199,naive
trees_200.newick,32,49,7084,201,5532,199,199,naive
trees_200.newick,33,34,7414,201,5622,199,199,naive
trees_200.newick,33,35,7304,201,5645,199,199,naive
trees_200.newick,33,36,8199,201,5627,199,199,naive
trees_200.newick,33,37,7185,201,5627,199,199,naive
trees_200.newick,33,38,7265,201,5688,199,199,naive
trees_200.newick,33,39,7250,201,5718,199,199,naive
trees_200.newick,33,40,8147,201,5548,199,199,naive
trees_200.newick,33,41,7291,201,5424,199,199,naive
trees_200.newick,33,42,7276,201,5597,199,199,naive
trees_200.newick,33,43,7119,201,5697,199,199,naive
trees_200.newick,33,44,7184,201,5566,199,199,naive
trees_200.newick,33,45,7228,201,5605,199,199,naive
trees_200.newick,33,46,7357,201,5583,199,199,naive
trees_200.newick,33,47,7333,201,5756,199,199,naive
trees_200.newick,33,48,7167,201,5665,199,199,naive
trees_200.newick,33,49,7223,201,5515,199,199,naive
trees_200.newick,34,35,7417,201,5620,199,199,naive
trees_200.newick,34,36,7794,201,5504,199,199,naive
trees_200.newick,34,37,7168,201,5607,199,199,naive
trees_200.newick,34,38,7272,201,5697,199,199,naive
trees_200.newick,34,39,7153,201,5609,199,199,naive
trees_200.newick,34,40,7239,201,5685,199,199,naive
trees_200.newick,34,41,7307,201,5675,199,199,naive
trees_200.newick,34,42,7343,201,5769,199,199,naive
trees_200.newick,34,43,7695,201,5623,199,199,naive
trees_200.newick,34,44,7232,201,5597,199,199,naive
trees_200.newick,34,45,7172,201,5647,199,199,naive
trees_200.newick,34,46,7215,201,5651,199,199,naive
trees_200.newick,34,47,7313,201,5747,199,199,naive
trees_200.newick,34,48,7247,201,5568,199,199,naive
trees_200.newick,34,49,7115,201,5336,199,199,naive
trees_200.newick,35,36,7441,201,5607,199,199,naive
trees_200.newick,35,37,7154,201,5619,199,199,naive
trees_200.newick,35,38,7219,201,5490,199,199,naive
trees_200.newick,35,39,7300,201,5533,199,199,naive
trees_200.newick,35,40,7741,201,5690,199,199,naive
trees_200.newick,35,41,7307,201,5496,199,199,naive
trees_200.newick,35,42,7365,201,5722,199,199,naive
trees_200.newick,35,43,7291,201,5639,199,199,naive
trees_200.newick,35,44,7184,201,5639,199,199,naive
trees_200.newick,35,45,7214,201,5546,199,199,naive
trees_200.newick,35,46,7263,201,5579,199,199,naive
trees_200.newick,35,47,7445,201,5697,199,199,naive
trees_200.newick,35,48,7657,201,5658,199,199,naive
trees_200.newick,35,49,7355,201,5667,199,199,naive
trees_200.newick,36,37,7266,201,5640,199,199,naive
trees_200.newick,36,38,7931,201,5578,199,199,naive
trees_200.newick,36,39,7186,201,5535,199,199,naive
trees_200.newick,36,40,7335,201,5650,199,199,naive
trees_200.newick,36,41,7178,201,5577,199,199,naive
trees_200.newick,36,42,7308,201,5673,199,199,naive
trees_200.newick,36,43,7145,201,5664,199,199,naive
trees_200.newick,36,44,7694,201,5564,199,199,naive
trees_200.newick,36,45,7255,201,5673,199,199,naive
trees_200.newick,36,46,7457,201,5722,199,199,naive
trees_200.newick,36,47,7648,201,5593,199,199,naive
trees_200.newick,36,48,7151,201,5526,199,199,naive
trees_200.newick,36,49,7379,201,5569,199,199,naive
trees_200.newick,37,38,7218,201,5664,199,199,naive
trees_200.newick,37,39,7359,201,5707,199,199,naive
trees_200.newick,37,40,7242,201,5628,199,199,naive
trees_200.newick,37,41,7833,201,5725,199,199,naive
trees_200.newick,37,42,7396,201,5730,199,199,naive
trees_200.newick,37,43,7814,201,5661,199,199,naive
trees_200.newick,37,44,7396,201,5645,199,199,naive
trees_200.newick,37,45,7183,201,5674,199,199,naive
trees_200.newick,37,46,8233,201,5807,199,199,naive
trees_200.newick,37,47,7411,201,5717,199,199,naive
trees_200.newick,37,48,7642,201,5643,199,199,naive
trees_200.newick,37,49,7193,201,5669,199,199,naive
trees_200.newick,38,39,7260,201,5532,199,199,naive
trees_200.newick,38,40,7216,201,5638,199,199,naive
trees_200.newick,38,41,7230,201,5760,199,199,naive
trees_200.newick,38,42,7343,201,5678,199,199,naive
trees_200.newick,38,43,7257,201,5731,199,199,naive
trees_200.newick,38,44,7269,201,5659,199,199,naive
trees_200.newick,38,45,7120,201,5438,199,199,naive
trees_200.newick,38,46,7245,201,5670,199,199,naive
trees_200.newick,38,47,7326,201,5810,199,199,naive
trees_200.newick,38,48,7556,201,5613,199,199,naive
trees_200.newick,38,49,7176,201,5767,199,199,naive
trees_200.newick,39,40,7231,201,5439,199,199,naive
trees_200.newick,39,41,7274,201,5621,199,199,naive
trees_200.newick,39,42,7622,201,5697,199,199,naive
trees_200.newick,39,43,7222,201,5709,199,199,naive
trees_200.newick,39,44,7379,201,5530,199,199,naive
trees_200.newick,39,45,7301,201,5699,199,199,naive
trees_200.newick,39,46,8045,201,5645,199,199,naive
trees_200.newick,39,47,7323,201,5691,199,199,naive
trees_200.newick,39,48,7501,201,5602,199,199,naive
trees_200.newick,39,49,7374,201,5704,199,199,naive
trees_200.newick,40,41,7365,201,5626,199,199,naive
trees_200.newick,40,42,7398,201,5705,199,199,naive
trees_200.newick,40,43,7197,201,5551,199,199,naive
trees_200.newick,40,44,8167,201,5652,199,199,naive
trees_200.newick,40,45,7095,201,5606,199,199,naive
trees_200.newick,40,46,7228,201,5747,199,199,naive
trees_200.newick,40,47,7326,201,5627,199,199,naive
trees_200.newick,40,48,7277,201,5714,199,199,naive
trees_200.newick,40,49,7079,201,5634,199,199,naive
trees_200.newick,41,42,7505,201,5804,199,199,naive
trees_200.newick,41,43,7188,201,5561,199,199,naive
trees_200.newick,41,44,7272,201,5585,199,199,naive
trees_200.newick,41,45,7385,201,5750,199,199,naive
trees_200.newick,41,46,7229,201,5742,199,199,naive
trees_200.newick,41,47,8121,201,5602,199,199,naive
trees_200.newick,41,48,7303,201,5684,199,199,naive
trees_200.newick,41,49,7344,201,5635,199,199,naive
trees_200.newick,42,43,7285,201,5609,199,199,naive
trees_200.newick,42,44,7637,201,5641,199,199,naive
trees_200.newick,42,45,7124,201,5687,199,199,naive
trees_200.newick,42,46,7642,201,5793,199,199,naive
trees_200.newick,42,47,7596,201,5897,199,199,naive
trees_200.newick,42,48,7117,201,5694,199,199,naive
trees_200.newick,42,49,7123,201,5602,199,199,naive
trees_200.newick,43,44,7185,201,5549,199,199,naive
trees_200.newick,43,45,7560,201,5687,199,199,naive
trees_200.newick,43,46,7304,201,5691,199,199,naive
trees_200.newick,43,47,7351,201,5618,199,199,naive
trees_200.newick,43,48,7238,201,5532,199,199,naive
trees_200.newick,43,49,7792,201,5530,199,199,naive
trees_200.newick,44,45,7102,201,5591,199,199,naive
trees_200.newick,44,46,7310,201,5820,199,199,naive
trees_200.newick,44,47,7486,201,5597,199,199,naive
trees_200.newick,44,48,7128,201,5555,199,199,naive
trees_200.newick,44,49,7122,201,5554,199,199,naive
trees_200.newick,45,46,8253,201,5638,199,199,naive
trees_200.newick,45,47,7297,201,5709,199,199,naive
trees_200.newick,45,48,7215,201,5681,199,199,naive
trees_200.newick,45,49,7115,201,5528,199,199,naive
trees_200.newick,46,47,7325,201,5865,199,199,naive
trees_200.newick,46,48,7222,201,5709,199,199,naive
trees_200.newick,46,49,7274,201,5814,199,199,naive
trees_200.newick,47,48,7258,201,5567,199,199,naive
trees_200.newick,47,49,7086,201,5689,199,199,naive
trees_200.newick,48,49,7146,201,5608,199,199,naive
trees_20.newick,0,1,87,21,165,19,19,naive
trees_20.newick,0,2,82,21,143,19,19,naive
trees_20.newick,0,3,79,21,157,19,19,naive
trees_20.newick,0,4,83,21,154,19,19,naive
trees_20.newick,0,5,83,21,151,19,19,naive
trees_20.newick,0,6,83,21,177,19,19,naive
trees_20.newick,0,7,79,21,143,19,19,naive
trees_20.newick,0,8,83,21,165,19,19,naive
trees_20.newick,0,9,81,21,147,19,19,naive
trees_20.newick,0,10,84,21,158,19,19,naive
trees_20.newick,0,11,84,21,178,19,19,naive
trees_20.newick,0,12,78,21,137,19,19,naive
trees_20.newick,0,13,80,21,151,19,19,naive
trees_20.newick,0,14,82,21,157,19,19,naive
trees_20.newick,0,15,78,21,102,19,19,naive
trees_20.newick,0,16,83,21,167,19,19,naive
trees_20.newick,0,17,84,21,171,19,19,naive
trees_20.newick,0,18,76,21,106,19,19,naive
trees_20.newick,0,19,80,21,155,19,19,naive
trees_20.newick,0,20,82,21,196,19,19,naive
trees_20.newick,0,21,87,21,169,19,19,naive
trees_20.newick,0,22,82,21,145,19,19,naive
trees_20.newick,0,23,79,21,136,19,19,naive
trees_20.newick,0,24,81,21,158,19,19,naive
trees_20.newick,0,25,79,21,154,19,19,naive
trees_20.newick,0,26,85,21,176,19,19,naive
trees_20.newick,0,27,79,21,136,19,19,naive
trees_20.newick,0,28,83,21,183,19,19,naive
trees_20.newick,0,29,84,21,181,19,19,naive
trees_20.newick,0,30,83,21,167,19,19,naive
trees_20.newick,0,31,84,21,167,19,19,naive
trees_20.newick,0,32,84,21,165,19,19,naive
trees_20.newick,0,33,79,21,135,19,19,naive
trees_20.newick,0,34,87,21,190,19,19,naive
trees_20.newick,0,35,80,21,157,19,19,naive
trees_20.newick,0,36,82,21,169,19,19,naive
trees_20.newick,0,37,80,21,156,19,19,naive
trees_20.newick,0,38,78,21,151,19,19,naive
trees_20.newick,0,39,82,21,128,19,19,naive
trees_20.newick,0,40,82,21,167,19,19,naive
trees_20.newick,0,41,84,21,172,19,19,naive
trees_20.newick,0,42,86,21,179,19,19,naive
trees_20.newick,0,43,80,21,148,19,19,naive
trees_20.newick,0,44,80,21,166,19,19,naive
trees_20.newick,0,45,86,21,177,19,19,naive
trees_20.newick,0,46,80,21,150,19,19,naive
trees_20.newick,0,47,79,21,160,19,19,naive
trees_20.newick,0,48,81,21,154,19,19,naive
trees_20.newick,0,49,80,21,156,19,19,naive
trees_20.newick,1,2,92,21,171,19,19,naive
trees_20.newick,1,3,79,21,158,19,19,naive
trees_20.newick,1,4,81,21,147,19,19,naive
trees_20.newick,1,5,81,21,149,19,19,naive
trees_20.newick,1,6,83,21,161,19,19,naive
trees_20.newick,1,7,81,21,158,19,19,naive
trees_20.newick,1,8,84,21,170,19,19,naive
trees_20.newick,1,9,78,21,155,19,19,naive
trees_20.newick,1,10,78,21,160,19,19,naive
trees_20.newick,1,11,81,21,162,19,19,naive
trees_20.newick,1,12,81,21,168,19,19,naive
trees_20.newick,1,13,91,21,171,19,19,naive
trees_20.newick,1,14,82,21,179,19,19,naive
trees_20.newick,1,15,79,21,144,19,19,naive
trees_20.newick,1,16,76,21,122,19,19,naive
trees_20.newick,1,17,73,21,105,19,19,naive
trees_20.newick,1,18,77,21,127,19,19,naive
trees_20.newick,1,19,79,21,167,19,19,naive
trees_20.newick,1,20,81,21,163,19,19,naive
trees_20.newick,1,21,76,21,127,19,19,naive
trees_20.newick,1,22,85,21,170,19,19,naive
trees_20.newick,1,23,80,21,150,19,19,naive
trees_20.newick,1,24,78,21,94,19,19,naive
trees_20.newick,1,25,78,21,151,19,19,naive
trees_20.newick,1,26,78,21,123,19,19,naive
trees_20.newick,1,27,79,21,130,19,19,naive
trees_20.newick,1,28,82,21,138,19,19,naive
trees_20.newick,1,29,81,21,150,19,19,naive
trees_20.newick,1,30,84,21,160,19,19,naive
trees_20.newick,1,31,84,21,168,19,19,naive
trees_20.newick,1,32,86,21,157,19,19,naive
trees_20.newick,1,33,79,21,153,19,19,naive
trees_20.newick,1,34,86,21,159,19,19,naive
trees_20.newick,1,35,89,21,159,19,19,naive
trees_20.newick,1,36,77,21,139,19,19,naive
trees_20.newick,1,37,78,21,128,19,19,naive
trees_20.newick,1,38,78,21,140,19,19,naive
trees_20.newick,1,39,79,21,137,19,19,naive
trees_20.newick,1,40,80,21,128,19,19,naive
trees_20.newick,1,41,80,21,136,19,19,naive
trees_20.newick,1,42,82,21,155,19,19,naive
trees_20.newick,1,43,82,21,113,19,19,naive
trees_20.newick,1,44,87,21,157,19,19,naive
trees_20.newick,1,45,88,21,151,19,19,naive
trees_20.newick,1,46,84,21,163,19,19,naive
trees_20.newick,1,47,78,21,162,19,19,naive
trees_20.newick,1,48,78,21,140,19,19,naive
trees_20.newick,1,49,83,21,160,19,19,naive
trees_20.newick,2,3,80,21,147,19,19,naive
trees_20.newick,2,4,82,21,167,19,19,naive
trees_20.newick,2,5,80,21,147,19,19,naive
trees_20.newick,2,6,87,21,170,19,19,naive
trees_20.newick,2,7,77,21,140,19,19,naive
trees_20.newick,2,8,85,21,162,19,19,naive
trees_20.newick,2,9,77,21,140,19,19,naive
trees_20.newick,2,10,78,21,161,19,19,naive
trees_20.newick,2,11,79,21,147,19,19,naive
trees_20.newick,2,12,80,21,146,19,19,naive
trees_20.newick,2,13,87,21,161,19,19,naive
trees_20.newick,2,14,85,21,174,19,19,naive
trees_20.newick,2,15,82,21,160,19,19,naive
trees_20.newick,2,16,81,21,132,19,19,naive
trees_20.newick,2,17,78,21,151,19,19,naive
trees_20.newick,2,18,75,21,103,19,19,naive
trees_20.newick,2,19,82,21,158,19,19,naive
trees_20.newick,2,20,82,21,137,19,19,naive
trees_20.newick,2,21,81,21,173,19,19,naive
trees_20.newick,2,22,79,21,152,19,19,naive
trees_20.newick,2,23,80,21,154,19,19,naive
trees_20.newick,2,24,80,21,136,19,19,naive
trees_20.newick,2,25,82,21,164,19,19,naive
trees_20.newick,2,26,110,21,144,19,19,naive
trees_20.newick,2,27,156,21,175,19,19,naive
trees_20.newick,2,28,96,21,158,19,19,naive
trees_20.newick,2,29,98,21,166,19,19,naive
trees_20.newick,2,30,92,21,123,19,19,naive
trees_20.newick,2,31,82,21,152,19,19,naive
trees_20.newick,2,32,81,21,138,19,19,naive
trees_20.newick,2,33,76,21,121,19,19,naive
trees_20.newick,2,34,80,21,147,19,19,naive
trees_20.newick,2,35,80,21,137,19,19,naive
trees_20.newick,2,36,81,21,165,19,19,naive
trees_20.newick,2,37,82,21,137,19,19,naive
trees_20.newick,2,38,81,21,167,19,19,naive
trees_20.newick,2,39,78,21,140,19,19,naive
trees_20.newick,2,40,86,21,169,19,19,naive
trees_20.newick,2,41,85,21,158,19,19,naive
trees_20.newick,2,42,83,21,157,19,19,naive
trees_20.newick,2,43,81,21,155,19,19,naive
trees_20.newick,2,44,81,21,153,19,19,naive
trees_20.newick,2,45,91,21,159,19,19,naive
trees_20.newick,2,46,88,21,158,19,19,naive
trees_20.newick,2,47,88,21,150,19,19,naive
trees_20.newick,2,48,84,21,134,19,19,naive
trees_20.newick,2,49,84,21,153,19,19,naive
trees_20.newick,3,4,90,21,140,19,19,naive
trees_20.newick,3,5,81,21,158,19,19,naive
trees_20.newick,3,6,82,21,172,19,19,naive
trees_20.newick,3,7,81,21,168,19,19,naive
trees_20.newick,3,8,80,21,141,19,19,naive
trees_20.newick,3,9,77,21,154,19,19,naive
trees_20.newick,3,10,79,21,164,19,19,naive
trees_20.newick,3,11,78,21,128,19,19,naive
trees_20.newick,3,12,80,21,147,19,19,naive
trees_20.newick,3,13,79,21,125,19,19,naive
trees_20.newick,3,14,77,21,148,19,19,naive
trees_20.newick,3,15,77,21,132,19,19,naive
trees_20.newick,3,16,84,21,160,19,19,naive
trees_20.newick,3,17,78,21,151,19,19,naive
trees_20.newick,3,18,76,21,134,19,19,naive
trees_20.newick,3,19,82,21,154,19,19,naive
trees_20.newick,3,20,83,21,163,19,19,naive
trees_20.newick,3,21,78,21,150,19,19,naive
trees_20.newick,3,22,81,21,170,19,19,naive
trees_20.newick,3,23,83,21,167,19,19,naive
trees_20.newick,3,24,81,21,165,19,19,naive
trees_20.newick,3,25,80,21,166,19,19,naive
trees_20.newick,3,26,91,21,166,19,19,naive
trees_20.newick,3,27,81,21,151,19,19,naive
trees_20.newick,3,28,81,21,140,19,19,naive
trees_20.newick,3,29,80,21,147,19,19,naive
trees_20.newick,3,30,84,21,147,19,19,naive
trees_20.newick,3,31,86,21,174,19,19,naive
trees_20.newick,3,32,86,21,174,19,19,naive
trees_20.newick,3,33,79,21,150,19,19,naive
trees_20.newick,3,34,83,21,165,19,19,naive
trees_20.newick,3,35,79,21,136,19,19,naive
trees_20.newick,3,36,78,21,153,19,19,naive
trees_20.newick,3,37,86,21,167,19,19,naive
trees_20.newick,3,38,82,21,169,19,19,naive
trees_20.newick,3,39,81,21,149,19,19,naive
trees_20.newick,3,40,82,21,159,19,19,naive
trees_20.newick,3,41,79,21,148,19,19,naive
trees_20.newick,3,42,80,21,131,19,19,naive
trees_20.newick,3,43,79,21,141,19,19,naive
trees_20.newick,3,44,80,21,152,19,19,naive
trees_20.newick,3,45,81,21,149,19,19,naive
trees_20.newick,3,46,86,21,157,19,19,naive
trees_20.newick,3,47,77,21,116,19,19,naive
trees_20.newick,3,48,87,21,157,19,19,naive
trees_20.newick,3,49,79,21,154,19,19,naive
trees_20.newick,4,5,80,21,170,19,19,naive
trees_20.newick,4,6,85,21,172,19,19,naive
trees_20.newick,4,7,77,21,132,19,19,naive
trees_20.newick,4,8,83,21,179,19,19,naive
trees_20.newick,4,9,77,21,145,19,19,naive
trees_20.newick,4,10,80,21,140,19,19,naive
trees_20.newick,4,11,76,21,131,19,19,naive
trees_20.newick,4,12,82,21,155,19,19,naive
trees_20.newick,4,13,88,21,159,19,19,naive
trees_20.newick,4,14,90,21,149,19,19,naive
trees_20.newick,4,15,88,21,155,19,19,naive
trees_20.newick,4,16,81,21,146,19,19,naive
trees_20.newick,4,17,78,21,143,19,19,naive
trees_20.newick,4,18,79,21,136,19,19,naive
trees_20.newick,4,19,76,21,142,19,19,naive
trees_20.newick,4,20,86,21,176,19,19,naive
trees_20.newick,4,21,81,21,144,19,19,naive
trees_20.newick,4,22,81,21,158,19,19,naive
trees_20.newick,4,23,82,21,143,19,19,naive
trees_20.newick,4,24,81,21,148,19,19,naive
trees_20.newick,4,25,89,21,133,19,19,naive
trees_20.newick,4,26,80,21,150,19,19,naive
trees_20.newick,4,27,79,21,156,19,19,naive
trees_20.newick,4,28,80,21,146,19,19,naive
trees_20.newick,4,29,80,21,141,19,19,naive
trees_20.newick,4,30,83,21,151,19,19,naive
trees_20.newick,4,31,77,21,122,19,19,naive
trees_20.newick,4,32,83,21,176,19,19,naive
trees_20.newick,4,33,80,21,147,19,19,naive
trees_20.newick,4,34,82,21,143,19,19,naive
trees_20.newick,4,35,77,21,149,19,19,naive
trees_20.newick,4,36,83,21,154,19,19,naive
trees_20.newick,4,37,78,21,144,19,19,naive
trees_20.newick,4,38,81,21,164,19,19,naive
trees_20.newick,4,39,77,21,141,19,19,naive
trees_20.newick,4,40,80,21,132,19,19,naive
trees_20.newick,4,41,84,21,163,19,19,naive
trees_20.newick,4,42,83,21,168,19,19,naive
trees_20.newick,4,43,81,21,164,19,19,naive
trees_20.newick,4,44,80,21,154,19,19,naive
trees_20.newick,4,45,86,21,163,19,19,naive
trees_20.newick,4,46,81,21,147,19,19,naive
trees_20.newick,4,47,83,21,151,19,19,naive
trees_20.newick,4,48,77,21,159,19,19,naive
trees_20.newick,4,49,77,21,137,19,19,naive
trees_20.newick,5,6,81,21,138,19,19,naive
trees_20.newick,5,7,78,21,138,19,19,naive
trees_20.newick,5,8,83,21,178,19,19,naive
trees_20.newick,5,9,79,21,164,19,19,naive
trees_20.newick,5,10,82,21,161,19,19,naive
trees_20.newick,5,11,78,21,148,19,19,naive
trees_20.newick,5,12,81,21,170,19,19,naive
trees_20.newick,5,13,86,21,168,19,19,naive
trees_20.newick,5,14,79,21,154,19,19,naive
trees_20.newick,5,15,81,21,165,19,19,naive
trees_20.newick,5,16,81,21,145,19,19,naive
trees_20.newick,5,17,78,21,138,19,19,naive
trees_20.newick,5,18,84,21,171,19,19,naive
trees_20.newick,5,19,80,21,179,19,19,naive
trees_20.newick,5,20,80,21,149,19,19,naive
trees_20.newick,5,21,78,21,134,19,19,naive
trees_20.newick,5,22,77,21,148,19,19,naive
trees_20.newick,5,23,84,21,180,19,19,naive
trees_20.newick,5,24,81,21,171,19,19,naive
trees_20.newick,5,25,81,21,170,19,19,naive
trees_20.newick,5,26,84,21,171,19,19,naive
trees_20.newick,5,27,78,21,135,19,19,naive
trees_20.newick,5,28,80,21,157,19,19,naive
trees_20.newick,5,29,83,21,150,19,19,naive
trees_20.newick,5,30,83,21,136,19,19,naive
trees_20.newick,5,31,80,21,145,19,19,naive
trees_20.newick,5,32,82,21,159,19,19,naive
trees_20.newick,5,33,78,21,148,19,19,naive
trees_20.newick,5,34,81,21,129,19,19,naive
trees_20.newick,5,35,80,21,141,19,19,naive
trees_20.newick,5,36,79,21,153,19,19,naive
trees_20.newick,5,37,82,21,160,19,19,naive
trees_20.newick,5,38,78,21,144,19,19,naive
trees_20.newick,5,39,76,21,143,19,19,naive
trees_20.newick,5,40,83,21,160,19,19,naive
trees_20.newick,5,41,78,21,145,19,19,naive
trees_20.newick,5,42,81,21,175,19,19,naive
trees_20.newick,5,43,81,21,160,19,19,naive
trees_20.newick,5,44,79,21,168,19,19,naive
trees_20.newick,5,45,79,21,157,19,19,naive
trees_20.newick,5,46,88,21,161,19,19,naive
trees_20.newick,5,47,79,21,177,19,19,naive
trees_20.newick,5,48,77,21,162,19,19,naive
trees_20.newick,5,49,76,21,155,19,19,naive
trees_20.newick,6,7,77,21,137,19,19,naive
trees_20.newick,6,8,86,21,170,19,19,naive
trees_20.newick,6,9,79,21,160,19,19,naive
trees_20.newick,6,10,76,21,135,19,19,naive
trees_20.newick,6,11,79,21,171,19,19,naive
trees_20.newick,6,12,82,21,171,19,19,naive
trees_20.newick,6,13,82,21,157,19,19,naive
trees_20.newick,6,14,85,21,186,19,19,naive
trees_20.newick,6,15,80,21,167,19,19,naive
trees_20.newick,6,16,78,21,156,19,19,naive
trees_20.newick,6,17,81,21,172,19,19,naive
trees_20.newick,6,18,78,21,157,19,19,naive
trees_20.newick,6,19,79,21,169,19,19,naive
trees_20.newick,6,20,81,21,119,19,19,naive
trees_20.newick,6,21,80,21,170,19,19,naive
trees_20.newick,6,22,80,21,170,19,19,naive
trees_20.newick,6,23,86,21,187,19,19,naive
trees_20.newick,6,24,78,21,157,19,19,naive
trees_20.newick,6,25,88,21,174,19,19,naive
trees_20.newick,6,26,79,21,153,19,19,naive
trees_20.newick,6,27,81,21,157,19,19,naive
trees_20.newick,6,28,82,21,151,19,19,naive
trees_20.newick,6,29,81,21,159,19,19,naive
trees_20.newick,6,30,88,21,174,19,19,naive
trees_20.newick,6,31,80,21,154,19,19,naive
trees_20.newick,6,32,83,21,138,19,19,naive
trees_20.newick,6,33,82,21,173,19,19,naive
trees_20.newick,6,34,88,21,181,19,19,naive
trees_20.newick,6,35,79,21,152,19,19,naive
trees_20.newick,6,36,83,21,159,19,19,naive
trees_20.newick,6,37,80,21,152,19,19,naive
trees_20.newick,6,38,77,21,132,19,19,naive
trees_20.newick,6,39,75,21,150,19,19,naive
trees_20.newick,6,40,81,21,179,19,19,naive
trees_20.newick,6,41,84,21,178,19,19,naive
trees_20.newick,6,42,82,21,180,19,19,naive
trees_20.newick,6,43,74,21,112,19,19,naive
trees_20.newick,6,44,81,21,165,19,19,naive
trees_20.newick,6,45,86,21,186,19,19,naive
trees_20.newick,6,46,81,21,153,19,19,naive
trees_20.newick,6,47,86,21,169,19,19,naive
trees_20.newick,6,48,81,21,171,19,19,naive
trees_20.newick,6,49,76,21,162,19,19,naive
trees_20.newick,7,8,81,21,164,19,19,naive
trees_20.newick,7,9,78,21,154,19,19,naive
trees_20.newick,7,10,77,21,126,19,19,naive
trees_20.newick,7,11,81,21,179,19,19,naive
trees_20.newick,7,12,77,21,145,19,19,naive
trees_20.newick,7,13,81,21,160,19,19,naive
trees_20.newick,7,14,78,21,133,19,19,naive
trees_20.newick,7,15,81,21,139,19,19,naive
trees_20.newick,7,16,87,21,167,19,19,naive
trees_20.newick,7,17,78,21,154,19,19,naive
trees_20.newick,7,18,79,21,158,19,19,naive
trees_20.newick,7,19,83,21,181,19,19,naive
trees_20.newick,7,20,79,21,161,19,19,naive
trees_20.newick,7,21,80,21,166,19,19,naive
trees_20.newick,7,22,77,21,154,19,19,naive
trees_20.newick,7,23,80,21,146,19,19,naive
trees_20.newick,7,24,77,21,122,19,19,naive
trees_20.newick,7,25,77,21,145,19,19,naive
trees_20.newick,7,26,80,21,163,19,19,naive
trees_20.newick,7,27,79,21,145,19,19,naive
trees_20.newick,7,28,81,21,148,19,19,naive
trees_20.newick,7,29,84,21,166,19,19,naive
trees_20.newick,7,30,81,21,135,19,19,naive
trees_20.newick,7,31,79,21,139,19,19,naive
trees_20.newick,7,32,81,21,143,19,19,naive
trees_20.newick,7,33,78,21,137,19,19,naive
trees_20.newick,7,34,82,21,153,19,19,naive
trees_20.newick,7,35,79,21,166,19,19,naive
trees_20.newick,7,36,78,21,155,19,19,naive
trees_20.newick,7,37,80,21,170,19,19,naive
trees_20.newick,7,38,77,21,143,19,19,naive
trees_20.newick,7,39,74,21,122,19,19,naive
trees_20.newick,7,40,80,21,167,19,19,naive
trees_20.newick,7,41,81,21,157,19,19,naive
trees_20.newick,7,42,83,21,164,19,19,naive
trees_20.newick,7,43,77,21,150,19,19,naive
trees_20.newick,7,44,83,21,162,19,19,naive
trees_20.newick,7,45,82,21,167,19,19,naive
trees_20.newick,7,46,80,21,141,19,19,naive
trees_20.newick,7,47,81,21,162,19,19,naive
trees_20.newick,7,48,78,21,136,19,19,naive
trees_20.newick,7,49,75,21,143,19,19,naive
trees_20.newick,8,9,76,21,143,19,19,naive
trees_20.newick,8,10,80,21,164,19,19,naive
trees_20.newick,8,11,80,21,162,19,19,naive
trees_20.newick,8,12,80,21,164,19,19,naive
trees_20.newick,8,13,83,21,164,19,19,naive
trees_20.newick,8,14,85,21,157,19,19,naive
trees_20.newick,8,15,80,21,158,19,19,naive
trees_20.newick,8,16,82,21,140,19,19,naive
trees_20.newick,8,17,80,21,164,19,19,naive
trees_20.newick,8,18,81,21,167,19,19,naive
trees_20.newick,8,19,84,21,161,19,19,naive
trees_20.newick,8,20,84,21,163,19,19,naive
trees_20.newick,8,21,78,21,154,19,19,naive
trees_20.newick,8,22,82,21,159,19,19,naive
trees_20.newick,8,23,80,21,151,19,19,naive
trees_20.newick,8,24,81,21,152,19,19,naive
trees_20.newick,8,25,82,21,163,19,19,naive
trees_20.newick,8,26,80,21,166,19,19,naive
trees_20.newick,8,27,103,21,144,19,19,naive
trees_20.newick,8,28,77,21,144,19,19,naive
trees_20.newick,8,29,82,21,163,19,19,naive
trees_20.newick,8,30,83,21,157,19,19,naive
trees_20.newick,8,31,86,21,160,19,19,naive
trees_20.newick,8,32,81,21,152,19,19,naive
trees_20.newick,8,33,79,21,162,19,19,naive
trees_20.newick,8,34,82,21,175,19,19,naive
trees_20.newick,8,35,83,21,179,19,19,naive
trees_20.newick,8,36,81,21,150,19,19,naive
trees_20.newick,8,37,82,21,148,19,19,naive
trees_20.newick,8,38,75,21,125,19,19,naive
trees_20.newick,8,39,77,21,147,19,19,naive
trees_20.newick,8,40,80,21,144,19,19,naive
trees_20.newick,8,41,82,21,161,19,19,naive
trees_20.newick,8,42,86,21,152,19,19,naive
trees_20.newick,8,43,80,21,138,19,19,naive
trees_20.newick,8,44,83,21,170,19,19,naive
trees_20.newick,8,45,80,21,149,19,19,naive
trees_20.newick,8,46,79,21,150,19,19,naive
trees_20.newick,8,47,78,21,123,19,19,naive
trees_20.newick,8,48,80,21,150,19,19,naive
trees_20.newick,8,49,76,21,137,19,19,naive
trees_20.newick,9,10,78,21,143,19,19,naive
trees_20.newick,9,11,78,21,143,19,19,naive
trees_20.newick,9,12,77,21,148,19,19,naive
trees_20.newick,9,13,85,21,151,19,19,naive
trees_20.newick,9,14,81,21,179,19,19,naive
trees_20.newick,9,15,79,21,155,19,19,naive
trees_20.newick,9,16,79,21,144,19,19,naive
trees_20.newick,9,17,78,21,145,19,19,naive
trees_20.newick,9,18,78,21,124,19,19,naive
trees_20.newick,9,19,80,21,172,19,19,naive
trees_20.newick,9,20,81,21,149,19,19,naive
trees_20.newick,9,21,78,21,148,19,19,naive
trees_20.newick,9,22,80,21,161,19,19,naive
trees_20.newick,9,23,81,21,168,19,19,naive
trees_20.newick,9,24,78,21,144,19,19,naive
trees_20.newick,9,25,76,21,124,19,19,naive
trees_20.newick,9,26,81,21,147,19,19,naive
trees_20.newick,9,27,82,21,179,19,19,naive
trees_20.newick,9,28,81,21,157,19,19,naive
trees_20.newick,9,29,84,21,157,19,19,naive
trees_20.newick,9,30,82,21,167,19,19,naive
trees_20.newick,9,31,80,21,144,19,19,naive
trees_20.newick,9,32,78,21,122,19,19,naive
trees_20.newick,9,33,82,21,169,19,19,naive
trees_20.newick,9,34,80,21,138,19,19,naive
trees_20.newick,9,35,79,21,157,19,19,naive
trees_20.newick,9,36,80,21,128,19,19,naive
trees_20.newick,9,37,79,21,143,19,19,naive
trees_20.newick,9,38,78,21,137,19,19,naive
trees_20.newick,9,39,76,21,142,19,19,naive
trees_20.newick,9,40,81,21,144,19,19,naive
trees_20.newick,9,41,82,21,167,19,19,naive
trees_20.newick,9,42,82,21,157,19,19,naive
trees_20.newick,9,43,78,21,146,19,19,naive
trees_20.newick,9,44,75,21,141,19,19,naive
trees_20.newick,9,45,78,21,144,19,19,naive
trees_20.newick,9,46,81,21,136,19,19,naive
trees_20.newick,9,47,80,21,144,19,19,naive
trees_20.newick,9,48,71,21,111,19,19,naive
trees_20.newick,9,49,77,21,165,19,19,naive
trees_20.newick,10,11,84,21,189,19,19,naive
trees_20.newick,10,12,80,21,166,19,19,naive
trees_20.newick,10,13,81,21,164,19,19,naive
trees_20.newick,10,14,79,21,167,19,19,naive
trees_20.newick,10,15,83,21,156,19,19,naive
trees_20.newick,10,16,80,21,139,19,19,naive
trees_20.newick,10,17,73,21,118,19,19,naive
trees_20.newick,10,18,79,21,151,19,19,naive
trees_20.newick,10,19,87,21,180,19,19,naive
trees_20.newick,10,20,78,21,145,19,19,naive
trees_20.newick,10,21,78,21,162,19,19,naive
trees_20.newick,10,22,77,21,161,19,19,naive
trees_20.newick,10,23,84,21,171,19,19,naive
trees_20.newick,10,24,76,21,146,19,19,naive
trees_20.newick,10,25,77,21,142,19,19,naive
trees_20.newick,10,26,81,21,149,19,19,naive
trees_20.newick,10,27,77,21,150,19,19,naive
trees_20.newick,10,28,79,21,161,19,19,naive
trees_20.newick,10,29,82,21,175,19,19,naive
trees_20.newick,10,30,83,21,165,19,19,naive
trees_20.newick,10,31,80,21,150,19,19,naive
trees_20.newick,10,32,85,21,166,19,19,naive
trees_20.newick,10,33,77,21,143,19,19,naive
trees_20.newick,10,34,82,21,148,19,19,naive
trees_20.newick,10,35,79,21,165,19,19,naive
trees_20.newick,10,36,83,21,157,19,19,naive
trees_20.newick,10,37,82,21,163,19,19,naive
trees_20.newick,10,38,111,21,139,19,19,naive
trees_20.newick,10,39,78,21,141,19,19,naive
trees_20.newick,10,40,80,21,168,19,19,naive
trees_20.newick,10,41,77,21,145,19,19,naive
trees_20.newick,10,42,78,21,130,19,19,naive
trees_20.newick,10,43,80,21,161,19,19,naive
trees_20.newick,10,44,78,21,154,19,19,naive
trees_20.newick,10,45,81,21,156,19,19,naive
trees_20.newick,10,46,74,21,117,19,19,naive
trees_20.newick,10,47,84,21,166,19,19,naive
trees_20.newick,10,48,79,21,153,19,19,naive
trees_20.newick,10,49,76,21,147,19,19,naive
trees_20.newick,11,12,82,21,181,19,19,naive
trees_20.newick,11,13,96,21,161,19,19,naive
trees_20.newick,11,14,156,21,175,19,19,naive
trees_20.newick,11,15,84,21,121,19,19,naive
trees_20.newick,11,16,88,21,144,19,19,naive
trees_20.newick,11,17,83,21,135,19,19,naive
trees_20.newick,11,18,81,21,159,19,19,naive
trees_20.newick,11,19,84,21,178,19,19,naive
trees_20.newick,11,20,79,21,153,19,19,naive
trees_20.newick,11,21,76,21,118,19,19,naive
trees_20.newick,11,22,79,21,170,19,19,naive
trees_20.newick,11,23,85,21,193,19,19,naive
trees_20.newick,11,24,77,21,160,19,19,naive
trees_20.newick,11,25,80,21,135,19,19,naive
trees_20.newick,11,26,81,21,164,19,19,naive
trees_20.newick,11,27,77,21,131,19,19,naive
trees_20.newick,11,28,78,21,171,19,19,naive
trees_20.newick,11,29,77,21,136,19,19,naive
trees_20.newick,11,30,79,21,145,19,19,naive
trees_20.newick,11,31,84,21,172,19,19,naive
trees_20.newick,11,32,85,21,183,19,19,naive
trees_20.newick,11,33,77,21,147,19,19,naive
trees_20.newick,11,34,82,21,153,19,19,naive
trees_20.newick,11,35,77,21,158,19,19,naive
trees_20.newick,11,36,75,21,143,19,19,naive
trees_20.newick,11,37,81,21,153,19,19,naive
trees_20.newick,11,38,77,21,147,19,19,naive
trees_20.newick,11,39,79,21,170,19,19,naive
trees_20.newick,11,40,80,21,159,19,19,naive
trees_20.newick,11,41,79,21,140,19,19,naive
trees_20.newick,11,42,82,21,166,19,19,naive
trees_20.newick,11,43,77,21,139,19,19,naive
trees_20.newick,11,44,79,21,153,19,19,naive
trees_20.newick,11,45,85,21,184,19,19,naive
trees_20.newick,11,46,81,21,163,19,19,naive
trees_20.newick,11,47,80,21,178,19,19,naive
trees_20.newick,11,48,82,21,157,19,19,naive
trees_20.newick,11,49,76,21,137,19,19,naive
trees_20.newick,12,13,80,21,158,19,19,naive
trees_20.newick,12,14,84,21,144,19,19,naive
trees_20.newick,12,15,78,21,133,19,19,naive
trees_20.newick,12,16,80,21,154,19,19,naive
trees_20.newick,12,17,77,21,143,19,19,naive
trees_20.newick,12,18,79,21,129,19,19,naive
trees_20.newick,12,19,80,21,169,19,19,naive
trees_20.newick,12,20,81,21,151,19,19,naive
trees_20.newick,12,21,82,21,175,19,19,naive
trees_20.newick,12,22,76,21,131,19,19,naive
trees_20.newick,12,23,77,21,118,19,19,naive
trees_20.newick,12,24,79,21,164,19,19,naive
trees_20.newick,12,25,81,21,158,19,19,naive
trees_20.newick,12,26,80,21,160,19,19,naive
trees_20.newick,12,27,82,21,166,19,19,naive
trees_20.newick,12,28,80,21,159,19,19,naive
trees_20.newick,12,29,81,21,179,19,19,naive
trees_20.newick,12,30,79,21,132,19,19,naive
trees_20.newick,12,31,82,21,149,19,19,naive
trees_20.newick,12,32,80,21,141,19,19,naive
trees_20.newick,12,33,77,21,132,19,19,naive
trees_20.newick,12,34,79,21,137,19,19,naive
trees_20.newick,12,35,76,21,142,19,19,naive
trees_20.newick,12,36,77,21,158,19,19,naive
trees_20.newick,12,37,76,21,124,19,19,naive
trees_20.newick,12,38,79,21,144,19,19,naive
trees_20.newick,12,39,80,21,160,19,19,naive
trees_20.newick,12,40,76,21,128,19,19,naive
trees_20.newick,12,41,81,21,167,19,19,naive
trees_20.newick,12,42,81,21,156,19,19,naive
trees_20.newick,12,43,76,21,135,19,19,naive
trees_20.newick,12,44,75,21,129,19,19,naive
trees_20.newick,12,45,80,21,160,19,19,naive
trees_20.newick,12,46,77,21,124,19,19,naive
trees_20.newick,12,47,78,21,153,19,19,naive
trees_20.newick,12,48,85,21,169,19,19,naive
trees_20.newick,12,49,75,21,164,19,19,naive
trees_20.newick,13,14,76,21,129,19,19,naive
trees_20.newick,13,15,76,21,133,19,19,naive
trees_20.newick,13,16,81,21,162,19,19,naive
trees_20.newick,13,17,77,21,167,19,19,naive
trees_20.newick,13,18,77,21,143,19,19,naive
trees_20.newick,13,19,80,21,143,19,19,naive
trees_20.newick,13,20,81,21,160,19,19,naive
trees_20.newick,13,21,82,21,177,19,19,naive
trees_20.newick,13,22,80,21,163,19,19,naive
trees_20.newick,13,23,84,21,136,19,19,naive
trees_20.newick,13,24,78,21,168,19,19,naive
trees_20.newick,13,25,81,21,151,19,19,naive
trees_20.newick,13,26,79,21,158,19,19,naive
trees_20.newick,13,27,79,21,165,19,19,naive
trees_20.newick,13,28,80,21,168,19,19,naive
trees_20.newick,13,29,82,21,129,19,19,naive
trees_20.newick,13,30,80,21,145,19,19,naive
trees_20.newick,13,31,82,21,158,19,19,naive
trees_20.newick,13,32,81,21,136,19,19,naive
trees_20.newick,13,33,77,21,159,19,19,naive
trees_20.newick,13,34,85,21,170,19,19,naive
trees_20.newick,13,35,79,21,134,19,19,naive
trees_20.newick,13,36,75,21,127,19,19,naive
trees_20.newick,13,37,77,21,132,19,19,naive
trees_20.newick,13,38,79,21,152,19,19,naive
trees_20.newick,13,39,80,21,145,19,19,naive
trees_20.newick,13,40,77,21,131,19,19,naive
trees_20.newick,13,41,82,21,149,19,19,naive
trees_20.newick,13,42,78,21,158,19,19,naive
trees_20.newick,13,43,80,21,140,19,19,naive
trees_20.newick,13,44,80,21,155,19,19,naive
trees_20.newick,13,45,85,21,173,19,19,naive
trees_20.newick,13,46,77,21,136,19,19,naive
trees_20.newick,13,47,79,21,143,19,19,naive
trees_20.newick,13,48,81,21,170,19,19,naive
trees_20.newick,13,49,78,21,159,19,19,naive
trees_20.newick,14,15,77,21,133,19,19,naive
trees_20.newick,14,16,82,21,166,19,19,naive
trees_20.newick,14,17,81,21,166,19,19,naive
trees_20.newick,14,18,82,21,166,19,19,naive
trees_20.newick,14,19,79,21,167,19,19,naive
trees_20.newick,14,20,84,21,193,19,19,naive
trees_20.newick,14,21,80,21,185,19,19,naive
trees_20.newick,14,22,80,21,164,19,19,naive
trees_20.newick,14,23,83,21,164,19,19,naive
trees_20.newick,14,24,79,21,150,19,19,naive
trees_20.newick,14,25,78,21,163,19,19,naive
trees_20.newick,14,26,78,21,152,19,19,naive
trees_20.newick,14,27,83,21,182,19,19,naive
trees_20.newick,14,28,82,21,180,19,19,naive
trees_20.newick,14,29,80,21,157,19,19,naive
trees_20.newick,14,30,76,21,93,19,19,naive
trees_20.newick,14,31,80,21,154,19,19,naive
trees_20.newick,14,32,81,21,159,19,19,naive
trees_20.newick,14,33,80,21,152,19,19,naive
trees_20.newick,14,34,83,21,172,19,19,naive
trees_20.newick,14,35,81,21,177,19,19,naive
trees_20.newick,14,36,81,21,175,19,19,naive
trees_20.newick,14,37,79,21,136,19,19,naive
trees_20.newick,14,38,81,21,163,19,19,naive
trees_20.newick,14,39,75,21,137,19,19,naive
trees_20.newick,14,40,82,21,147,19,19,naive
trees_20.newick,14,41,81,21,163,19,19,naive
trees_20.newick,14,42,81,21,162,19,19,naive
trees_20.newick,14,43,80,21,166,19,19,naive
trees_20.newick,14,44,82,21,159,19,19,naive
trees_20.newick,14,45,81,21,169,19,19,naive
trees_20.newick,14,46,80,21,170,19,19,naive
trees_20.newick,14,47,76,21,120,19,19,naive
trees_20.newick,14,48,80,21,179,19,19,naive
trees_20.newick,14,49,76,21,157,19,19,naive
trees_20.newick,15,16,82,21,149,19,19,naive
trees_20.newick,15,17,76,21,131,19,19,naive
trees_20.newick,15,18,79,21,139,19,19,naive
trees_20.newick,15,19,81,21,158,19,19,naive
trees_20.newick,15,20,81,21,163,19,19,naive
trees_20.newick,15,21,77,21,146,19,19,naive
trees_20.newick,15,22,78,21,160,19,19,naive
trees_20.newick,15,23,78,21,139,19,19,naive
trees_20.newick,15,24,78,21,148,19,19,naive
trees_20.newick,15,25,77,21,116,19,19,naive
trees_20.newick,15,26,81,21,158,19,19,naive
trees_20.newick,15,27,77,21,132,19,19,naive
trees_20.newick,15,28,80,21,159,19,19,naive
trees_20.newick,15,29,81,21,134,19,19,naive
trees_20.newick,15,30,81,21,139,19,19,naive
trees_20.newick,15,31,82,21,129,19,19,naive
trees_20.newick,15,32,83,21,165,19,19,naive
trees_20.newick,15,33,81,21,148,19,19,naive
trees_20.newick,15,34,84,21,171,19,19,naive
trees_20.newick,15,35,79,21,164,19,19,naive
trees_20.newick,15,36,75,21,133,19,19,naive
trees_20.newick,15,37,80,21,166,19,19,naive
trees_20.newick,15,38,80,21,169,19,19,naive
trees_20.newick,15,39,73,21,113,19,19,naive
trees_20.newick,15,40,79,21,134,19,19,naive
trees_20.newick,15,41,84,21,180,19,19,naive
trees_20.newick,15,42,80,21,148,19,19,naive
trees_20.newick,15,43,76,21,142,19,19,naive
trees_20.newick,15,44,79,21,163,19,19,naive
trees_20.newick,15,45,81,21,158,19,19,naive
trees_20.newick,15,46,82,21,153,19,19,naive
trees_20.newick,15,47,74,21,127,19,19,naive
trees_20.newick,15,48,79,21,167,19,19,naive
trees_20.newick,15,49,75,21,149,19,19,naive
trees_20.newick,16,17,78,21,142,19,19,naive
trees_20.newick,16,18,75,21,122,19,19,naive
trees_20.newick,16,19,82,21,161,19,19,naive
trees_20.newick,16,20,77,21,129,19,19,naive
trees_20.newick,16,21,79,21,162,19,19,naive
trees_20.newick,16,22,83,21,133,19,19,naive
trees_20.newick,16,23,114,21,150,19,19,naive
trees_20.newick,16,24,84,21,133,19,19,naive
trees_20.newick,16,25,97,21,148,19,19,naive
trees_20.newick,16,26,83,21,163,19,19,naive
trees_20.newick,16,27,80,21,158,19,19,naive
trees_20.newick,16,28,78,21,153,19,19,naive
trees_20.newick,16,29,80,21,146,19,19,naive
trees_20.newick,16,30,80,21,155,19,19,naive
trees_20.newick,16,31,87,21,167,19,19,naive
trees_20.newick,16,32,97,21,154,19,19,naive
trees_20.newick,16,33,82,21,138,19,19,naive
trees_20.newick,16,34,83,21,137,19,19,naive
trees_20.newick,16,35,103,21,157,19,19,naive
trees_20.newick,16,36,81,21,176,19,19,naive
trees_20.newick,16,37,82,21,136,19,19,naive
trees_20.newick,16,38,80,21,168,19,19,naive
trees_20.newick,16,39,75,21,122,19,19,naive
trees_20.newick,16,40,80,21,144,19,19,naive
trees_20.newick,16,41,79,21,146,19,19,naive
trees_20.newick,16,42,79,21,152,19,19,naive
trees_20.newick,16,43,81,21,139,19,19,naive
trees_20.newick,16,44,79,21,166,19,19,naive
trees_20.newick,16,45,78,21,136,19,19,naive
trees_20.newick,16,46,82,21,163,19,19,naive
trees_20.newick,16,47,78,21,140,19,19,naive
trees_20.newick,16,48,78,21,150,19,19,naive
trees_20.newick,16,49,75,21,126,19,19,naive
trees_20.newick,17,18,79,21,136,19,19,naive
trees_20.newick,17,19,80,21,160,19,19,naive
trees_20.newick,17,20,77,21,122,19,19,naive
trees_20.newick,17,21,80,21,151,19,19,naive
trees_20.newick,17,22,76,21,120,19,19,naive
trees_20.newick,17,23,81,21,141,19,19,naive
trees_20.newick,17,24,80,21,150,19,19,naive
trees_20.newick,17,25,74,21,114,19,19,naive
trees_20.newick,17,26,84,21,163,19,19,naive
trees_20.newick,17,27,79,21,144,19,19,naive
trees_20.newick,17,28,79,21,147,19,19,naive
trees_20.newick,17,29,82,21,156,19,19,naive
trees_20.newick,17,30,78,21,129,19,19,naive
trees_20.newick,17,31,81,21,144,19,19,naive
trees_20.newick,17,32,80,21,140,19,19,naive
trees_20.newick,17,33,79,21,145,19,19,naive
trees_20.newick,17,34,80,21,129,19,19,naive
trees_20.newick,17,35,78,21,155,19,19,naive
trees_20.newick,17,36,77,21,136,19,19,naive
trees_20.newick,17,37,81,21,135,19,19,naive
trees_20.newick,17,38,77,21,142,19,19,naive
trees_20.newick,17,39,73,21,122,19,19,naive
trees_20.newick,17,40,77,21,144,19,19,naive
trees_20.newick,17,41,77,21,143,19,19,naive
trees_20.newick,17,42,85,21,169,19,19,naive
trees_20.newick,17,43,73,21,113,19,19,naive
trees_20.newick,17,44,74,21,130,19,19,naive
trees_20.newick,17,45,79,21,143,19,19,naive
trees_20.newick,17,46,78,21,127,19,19,naive
trees_20.newick,17,47,78,21,170,19,19,naive
trees_20.newick,17,48,77,21,129,19,19,naive
trees_20.newick,17,49,75,21,151,19,19,naive
trees_20.newick,18,19,77,21,130,19,19,naive
trees_20.newick,18,20,82,21,172,19,19,naive
trees_20.newick,18,21,78,21,145,19,19,naive
trees_20.newick,18,22,78,21,157,19,19,naive
trees_20.newick,18,23,79,21,133,19,19,naive
trees_20.newick,18,24,80,21,141,19,19,naive
trees_20.newick,18,25,76,21,138,19,19,naive
trees_20.newick,18,26,81,21,171,19,19,naive
trees_20.newick,18,27,80,21,152,19,19,naive
trees_20.newick,18,28,89,21,163,19,19,naive
trees_20.newick,18,29,85,21,146,19,19,naive
trees_20.newick,18,30,80,21,157,19,19,naive
trees_20.newick,18,31,76,21,115,19,19,naive
trees_20.newick,18,32,82,21,143,19,19,naive
trees_20.newick,18,33,79,21,144,19,19,naive
trees_20.newick,18,34,86,21,158,19,19,naive
trees_20.newick,18,35,74,21,127,19,19,naive
trees_20.newick,18,36,76,21,142,19,19,naive
trees_20.newick,18,37,78,21,135,19,19,naive
trees_20.newick,18,38,79,21,161,19,19,naive
trees_20.newick,18,39,78,21,133,19,19,naive
trees_20.newick,18,40,78,21,156,19,19,naive
trees_20.newick,18,41,81,21,153,19,19,naive
trees_20.newick,18,42,83,21,172,19,19,naive
trees_20.newick,18,43,75,21,120,19,19,naive
trees_20.newick,18,44,77,21,151,19,19,naive
trees_20.newick,18,45,81,21,152,19,19,naive
trees_20.newick,18,46,82,21,149,19,19,naive
trees_20.newick,18,47,78,21,158,19,19,naive
trees_20.newick,18,48,74,21,135,19,19,naive
trees_20.newick,18,49,72,21,140,19,19,naive
trees_20.newick,19,20,81,21,155,19,19,naive
trees_20.newick,19,21,78,21,153,19,19,naive
trees_20.newick,19,22,86,21,178,19,19,naive
trees_20.newick,19,23,80,21,147,19,19,naive
trees_20.newick,19,24,84,21,177,19,19,naive
trees_20.newick,19,25,79,21,163,19,19,naive
trees_20.newick,19,26,80,21,153,19,19,naive
trees_20.newick,19,27,82,21,163,19,19,naive
trees_20.newick,19,28,76,21,149,19,19,naive
trees_20.newick,19,29,83,21,173,19,19,naive
trees_20.newick,19,30,78,21,145,19,19,naive
trees_20.newick,19,31,83,21,154,19,19,naive
trees_20.newick,19,32,81,21,145,19,19,naive
trees_20.newick,19,33,81,21,170,19,19,naive
trees_20.newick,19,34,79,21,144,19,19,naive
trees_20.newick,19,35,82,21,174,19,19,naive
trees_20.newick,19,36,81,21,167,19,19,naive
trees_20.newick,19,37,82,21,157,19,19,naive
trees_20.newick,19,38,83,21,183,19,19,naive
trees_20.newick,19,39,77,21,158,19,19,naive
trees_20.newick,19,40,79,21,155,19,19,naive
trees_20.newick,19,41,77,21,120,19,19,naive
trees_20.newick,19,42,81,21,158,19,19,naive
trees_20.newick,19,43,81,21,153,19,19,naive
trees_20.newick,19,44,79,21,151,19,19,naive
trees_20.newick,19,45,81,21,156,19,19,naive
trees_20.newick,19,46,83,21,172,19,19,naive
trees_20.newick,19,47,80,21,172,19,19,naive
trees_20.newick,19,48,80,21,158,19,19,naive
trees_20.newick,19,49,78,21,146,19,19,naive
trees_20.newick,20,21,81,21,160,19,19,naive
trees_20.newick,20,22,79,21,160,19,19,naive
trees_20.newick,20,23,78,21,148,19,19,naive
trees_20.newick,20,24,80,21,170,19,19,naive
trees_20.newick,20,25,80,21,154,19,19,naive
trees_20.newick,20,26,79,21,169,19,19,naive
trees_20.newick,20,27,81,21,182,19,19,naive
trees_20.newick,20,28,83,21,165,19,19,naive
trees_20.newick,20,29,79,21,153,19,19,naive
trees_20.newick,20,30,83,21,163,19,19,naive
trees_20.newick,20,31,77,21,137,19,19,naive
trees_20.newick,20,32,83,21,147,19,19,naive
trees_20.newick,20,33,81,21,159,19,19,naive
trees_20.newick,20,34,85,21,159,19,19,naive
trees_20.newick,20,35,76,21,131,19,19,naive
trees_20.newick,20,36,77,21,150,19,19,naive
trees_20.newick,20,37,78,21,133,19,19,naive
trees_20.newick,20,38,82,21,164,19,19,naive
trees_20.newick,20,39,80,21,152,19,19,naive
trees_20.newick,20,40,81,21,147,19,19,naive
trees_20.newick,20,41,80,21,166,19,19,naive
trees_20.newick,20,42,80,21,152,19,19,naive
trees_20.newick,20,43,78,21,160,19,19,naive
trees_20.newick,20,44,79,21,157,19,19,naive
trees_20.newick,20,45,82,21,155,19,19,naive
trees_20.newick,20,46,81,21,150,19,19,naive
trees_20.newick,20,47,79,21,160,19,19,naive
trees_20.newick,20,48,79,21,163,19,19,naive
trees_20.newick,20,49,74,21,144,19,19,naive
trees_20.newick,21,22,80,21,175,19,19,naive
trees_20.newick,21,23,81,21,157,19,19,naive
trees_20.newick,21,24,80,21,154,19,19,naive
trees_20.newick,21,25,79,21,146,19,19,naive
trees_20.newick,21,26,78,21,151,19,19,naive
trees_20.newick,21,27,78,21,145,19,19,naive
trees_20.newick,21,28,86,21,181,19,19,naive
trees_20.newick,21,29,79,21,125,19,19,naive
trees_20.newick,21,30,87,21,155,19,19,naive
trees_20.newick,21,31,87,21,178,19,19,naive
trees_20.newick,21,32,84,21,167,19,19,naive
trees_20.newick,21,33,78,21,137,19,19,naive
trees_20.newick,21,34,85,21,164,19,19,naive
trees_20.newick,21,35,80,21,169,19,19,naive
trees_20.newick,21,36,77,21,159,19,19,naive
trees_20.newick,21,37,80,21,176,19,19,naive
trees_20.newick,21,38,78,21,152,19,19,naive
trees_20.newick,21,39,78,21,154,19,19,naive
trees_20.newick,21,40,77,21,147,19,19,naive
trees_20.newick,21,41,85,21,128,19,19,naive
trees_20.newick,21,42,89,21,161,19,19,naive
trees_20.newick,21,43,73,21,117,19,19,naive
trees_20.newick,21,44,75,21,128,19,19,naive
trees_20.newick,21,45,80,21,155,19,19,naive
trees_20.newick,21,46,81,21,134,19,19,naive
trees_20.newick,21,47,77,21,156,19,19,naive
trees_20.newick,21,48,79,21,154,19,19,naive
trees_20.newick,21,49,77,21,149,19,19,naive
trees_20.newick,22,23,80,21,151,19,19,naive
trees_20.newick,22,24,79,21,167,19,19,naive
trees_20.newick,22,25,79,21,147,19,19,naive
trees_20.newick,22,26,84,21,179,19,19,naive
trees_20.newick,22,27,81,21,157,19,19,naive
trees_20.newick,22,28,82,21,182,19,19,naive
trees_20.newick,22,29,87,21,183,19,19,naive
trees_20.newick,22,30,82,21,158,19,19,naive
trees_20.newick,22,31,83,21,156,19,19,naive
trees_20.newick,22,32,85,21,171,19,19,naive
trees_20.newick,22,33,77,21,149,19,19,naive
trees_20.newick,22,34,82,21,149,19,19,naive
trees_20.newick,22,35,85,21,175,19,19,naive
trees_20.newick,22,36,84,21,152,19,19,naive
trees_20.newick,22,37,82,21,115,19,19,naive
trees_20.newick,22,38,78,21,165,19,19,naive
trees_20.newick,22,39,76,21,145,19,19,naive
trees_20.newick,22,40,79,21,158,19,19,naive
trees_20.newick,22,41,78,21,171,19,19,naive
trees_20.newick,22,42,82,21,164,19,19,naive
trees_20.newick,22,43,80,21,144,19,19,naive
trees_20.newick,22,44,78,21,148,19,19,naive
trees_20.newick,22,45,84,21,167,19,19,naive
trees_20.newick,22,46,78,21,147,19,19,naive
trees_20.newick,22,47,87,21,177,19,19,naive
trees_20.newick,22,48,83,21,176,19,19,naive
trees_20.newick,22,49,78,21,168,19,19,naive
trees_20.newick,23,24,81,21,178,19,19,naive
trees_20.newick,23,25,80,21,165,19,19,naive
trees_20.newick,23,26,81,21,164,19,19,naive
trees_20.newick,23,27,79,21,166,19,19,naive
trees_20.newick,23,28,83,21,187,19,19,naive
trees_20.newick,23,29,83,21,179,19,19,naive
trees_20.newick,23,30,81,21,154,19,19,naive
trees_20.newick,23,31,81,21,157,19,19,naive
trees_20.newick,23,32,88,21,163,19,19,naive
trees_20.newick,23,33,82,21,142,19,19,naive
trees_20.newick,23,34,86,21,166,19,19,naive
trees_20.newick,23,35,80,21,170,19,19,naive
trees_20.newick,23,36,78,21,124,19,19,naive
trees_20.newick,23,37,77,21,134,19,19,naive
trees_20.newick,23,38,79,21,172,19,19,naive
trees_20.newick,23,39,79,21,143,19,19,naive
trees_20.newick,23,40,82,21,165,19,19,naive
trees_20.newick,23,41,81,21,172,19,19,naive
trees_20.newick,23,42,81,21,167,19,19,naive
trees_20.newick,23,43,86,21,167,19,19,naive
trees_20.newick,23,44,78,21,132,19,19,naive
trees_20.newick,23,45,81,21,152,19,19,naive
trees_20.newick,23,46,76,21,105,19,19,naive
trees_20.newick,23,47,76,21,155,19,19,naive
trees_20.newick,23,48,80,21,165,19,19,naive
trees_20.newick,23,49,77,21,156,19,19,naive
trees_20.newick,24,25,76,21,154,19,19,naive
trees_20.newick,24,26,77,21,154,19,19,naive
trees_20.newick,24,27,80,21,153,19,19,naive
trees_20.newick,24,28,79,21,146,19,19,naive
trees_20.newick,24,29,81,21,153,19,19,naive
trees_20.newick,24,30,79,21,158,19,19,naive
trees_20.newick,24,31,78,21,127,19,19,naive
trees_20.newick,24,32,81,21,147,19,19,naive
trees_20.newick,24,33,76,21,129,19,19,naive
trees_20.newick,24,34,84,21,150,19,19,naive
trees_20.newick,24,35,77,21,148,19,19,naive
trees_20.newick,24,36,79,21,158,19,19,naive
trees_20.newick,24,37,80,21,145,19,19,naive
trees_20.newick,24,38,78,21,166,19,19,naive
trees_20.newick,24,39,75,21,137,19,19,naive
trees_20.newick,24,40,80,21,140,19,19,naive
trees_20.newick,24,41,86,21,158,19,19,naive
trees_20.newick,24,42,84,21,137,19,19,naive
trees_20.newick,24,43,77,21,150,19,19,naive
trees_20.newick,24,44,77,21,162,19,19,naive
trees_20.newick,24,45,80,21,171,19,19,naive
trees_20.newick,24,46,78,21,136,19,19,naive
trees_20.newick,24,47,76,21,131,19,19,naive
trees_20.newick,24,48,76,21,105,19,19,naive
trees_20.newick,24,49,73,21,116,19,19,naive
trees_20.newick,25,26,83,21,154,19,19,naive
trees_20.newick,25,27,78,21,139,19,19,naive
trees_20.newick,25,28,88,21,170,19,19,naive
trees_20.newick,25,29,84,21,138,19,19,naive
trees_20.newick,25,30,78,21,133,19,19,naive
trees_20.newick,25,31,78,21,125,19,19,naive
trees_20.newick,25,32,79,21,137,19,19,naive
trees_20.newick,25,33,81,21,170,19,19,naive
trees_20.newick,25,34,84,21,166,19,19,naive
trees_20.newick,25,35,76,21,154,19,19,naive
trees_20.newick,25,36,78,21,125,19,19,naive
trees_20.newick,25,37,79,21,151,19,19,naive
trees_20.newick,25,38,83,21,181,19,19,naive
trees_20.newick,25,39,73,21,118,19,19,naive
trees_20.newick,25,40,77,21,124,19,19,naive
trees_20.newick,25,41,82,21,165,19,19,naive
trees_20.newick,25,42,81,21,157,19,19,naive
trees_20.newick,25,43,78,21,144,19,19,naive
trees_20.newick,25,44,77,21,142,19,19,naive
trees_20.newick,25,45,79,21,147,19,19,naive
trees_20.newick,25,46,79,21,139,19,19,naive
trees_20.newick,25,47,76,21,131,19,19,naive
trees_20.newick,25,48,76,21,131,19,19,naive
trees_20.newick,25,49,75,21,130,19,19,naive
trees_20.newick,26,27,82,21,166,19,19,naive
trees_20.newick,26,28,78,21,133,19,19,naive
trees_20.newick,26,29,85,21,145,19,19,naive
trees_20.newick,26,30,78,21,139,19,19,naive
trees_20.newick,26,31,83,21,161,19,19,naive
trees_20.newick,26,32,84,21,159,19,19,naive
trees_20.newick,26,33,79,21,137,19,19,naive
trees_20.newick,26,34,85,21,170,19,19,naive
trees_20.newick,26,35,77,21,151,19,19,naive
trees_20.newick,26,36,78,21,121,19,19,naive
trees_20.newick,26,37,77,21,148,19,19,naive
trees_20.newick,26,38,76,21,102,19,19,naive
trees_20.newick,26,39,80,21,134,19,19,naive
trees_20.newick,26,40,79,21,140,19,19,naive
trees_20.newick,26,41,77,21,150,19,19,naive
trees_20.newick,26,42,82,21,155,19,19,naive
trees_20.newick,26,43,82,21,150,19,19,naive
trees_20.newick,26,44,78,21,150,19,19,naive
trees_20.newick,26,45,82,21,170,19,19,naive
trees_20.newick,26,46,79,21,136,19,19,naive
trees_20.newick,26,47,78,21,135,19,19,naive
trees_20.newick,26,48,76,21,158,19,19,naive
trees_20.newick,26,49,80,21,166,19,19,naive
trees_20.newick,27,28,80,21,168,19,19,naive
trees_20.newick,27,29,83,21,161,19,19,naive
trees_20.newick,27,30,85,21,169,19,19,naive
trees_20.newick,27,31,83,21,158,19,19,naive
trees_20.newick,27,32,82,21,159,19,19,naive
trees_20.newick,27,33,80,21,164,19,19,naive
trees_20.newick,27,34,81,21,140,19,19,naive
trees_20.newick,27,35,81,21,158,19,19,naive
trees_20.newick,27,36,100,21,157,19,19,naive
trees_20.newick,27,37,79,21,141,19,19,naive
trees_20.newick,27,38,78,21,155,19,19,naive
trees_20.newick,27,39,78,21,152,19,19,naive
trees_20.newick,27,40,80,21,140,19,19,naive
trees_20.newick,27,41,79,21,160,19,19,naive
trees_20.newick,27,42,79,21,142,19,19,naive
trees_20.newick,27,43,79,21,144,19,19,naive
trees_20.newick,27,44,76,21,134,19,19,naive
trees_20.newick,27,45,83,21,165,19,19,naive
trees_20.newick,27,46,81,21,156,19,19,naive
trees_20.newick,27,47,79,21,150,19,19,naive
trees_20.newick,27,48,75,21,148,19,19,naive
trees_20.newick,27,49,74,21,137,19,19,naive
trees_20.newick,28,29,83,21,166,19,19,naive
trees_20.newick,28,30,81,21,161,19,19,naive
trees_20.newick,28,31,79,21,146,19,19,naive
trees_20.newick,28,32,83,21,160,19,19,naive
trees_20.newick,28,33,78,21,158,19,19,naive
trees_20.newick,28,34,84,21,149,19,19,naive
trees_20.newick,28,35,78,21,163,19,19,naive
trees_20.newick,28,36,75,21,138,19,19,naive
trees_20.newick,28,37,80,21,144,19,19,naive
trees_20.newick,28,38,76,21,155,19,19,naive
trees_20.newick,28,39,80,21,173,19,19,naive
trees_20.newick,28,40,83,21,172,19,19,naive
trees_20.newick,28,41,80,21,123,19,19,naive
trees_20.newick,28,42,83,21,141,19,19,naive
trees_20.newick,28,43,79,21,172,19,19,naive
trees_20.newick,28,44,78,21,166,19,19,naive
trees_20.newick,28,45,81,21,145,19,19,naive
trees_20.newick,28,46,80,21,157,19,19,naive
trees_20.newick,28,47,78,21,155,19,19,naive
trees_20.newick,28,48,82,21,171,19,19,naive
trees_20.newick,28,49,75,21,111,19,19,naive
trees_20.newick,29,30,79,21,148,19,19,naive
trees_20.newick,29,31,83,21,172,19,19,naive
trees_20.newick,29,32,88,21,140,19,19,naive
trees_20.newick,29,33,84,21,154,19,19,naive
trees_20.newick,29,34,85,21,175,19,19,naive
trees_20.newick,29,35,80,21,156,19,19,naive
trees_20.newick,29,36,80,21,166,19,19,naive
trees_20.newick,29,37,81,21,168,19,19,naive
trees_20.newick,29,38,81,21,176,19,19,naive
trees_20.newick,29,39,75,21,147,19,19,naive
trees_20.newick,29,40,79,21,137,19,19,naive
trees_20.newick,29,41,80,21,151,19,19,naive
trees_20.newick,29,42,79,21,131,19,19,naive
trees_20.newick,29,43,81,21,138,19,19,naive
trees_20.newick,29,44,80,21,159,19,19,naive
trees_20.newick,29,45,81,21,155,19,19,naive
trees_20.newick,29,46,84,21,183,19,19,naive
trees_20.newick,29,47,76,21,133,19,19,naive
trees_20.newick,29,48,77,21,150,19,19,naive
trees_20.newick,29,49,76,21,144,19,19,naive
trees_20.newick,30,31,78,21,135,19,19,naive
trees_20.newick,30,32,81,21,133,19,19,naive
trees_20.newick,30,33,78,21,137,19,19,naive
trees_20.newick,30,34,82,21,162,19,19,naive
trees_20.newick,30,35,174,21,168,19,19,naive
trees_20.newick,30,36,148,21,149,19,19,naive
trees_20.newick,30,37,182,21,139,19,19,naive
trees_20.newick,30,38,176,21,138,19,19,naive
trees_20.newick,30,39,92,21,142,19,19,naive
trees_20.newick,30,40,153,21,152,19,19,naive
trees_20.newick,30,41,86,21,136,19,19,naive
trees_20.newick,30,42,90,21,153,19,19,naive
trees_20.newick,30,43,84,21,148,19,19,naive
trees_20.newick,30,44,93,21,157,19,19,naive
trees_20.newick,30,45,91,21,175,19,19,naive
trees_20.newick,30,46,85,21,137,19,19,naive
trees_20.newick,30,47,87,21,153,19,19,naive
trees_20.newick,30,48,92,21,163,19,19,naive
trees_20.newick,30,49,76,21,160,19,19,naive
trees_20.newick,31,32,81,21,154,19,19,naive
trees_20.newick,31,33,79,21,157,19,19,naive
trees_20.newick,31,34,81,21,140,19,19,naive
trees_20.newick,31,35,78,21,140,19,19,naive
trees_20.newick,31,36,79,21,159,19,19,naive
trees_20.newick,31,37,79,21,115,19,19,naive
trees_20.newick,31,38,81,21,157,19,19,naive
trees_20.newick,31,39,74,21,121,19,19,naive
trees_20.newick,31,40,78,21,138,19,19,naive
trees_20.newick,31,41,80,21,177,19,19,naive
trees_20.newick,31,42,83,21,160,19,19,naive
trees_20.newick,31,43,80,21,146,19,19,naive
trees_20.newick,31,44,80,21,160,19,19,naive
trees_20.newick,31,45,82,21,154,19,19,naive
trees_20.newick,31,46,78,21,145,19,19,naive
trees_20.newick,31,47,78,21,159,19,19,naive
trees_20.newick,31,48,77,21,132,19,19,naive
trees_20.newick,31,49,78,21,158,19,19,naive
trees_20.newick,32,33,76,21,145,19,19,naive
trees_20.newick,32,34,81,21,146,19,19,naive
trees_20.newick,32,35,76,21,121,19,19,naive
trees_20.newick,32,36,74,21,145,19,19,naive
trees_20.newick,32,37,79,21,159,19,19,naive
trees_20.newick,32,38,79,21,140,19,19,naive
trees_20.newick,32,39,76,21,127,19,19,naive
trees_20.newick,32,40,81,21,143,19,19,naive
trees_20.newick,32,41,81,21,157,19,19,naive
trees_20.newick,32,42,78,21,137,19,19,naive
trees_20.newick,32,43,74,21,127,19,19,naive
trees_20.newick,32,44,81,21,128,19,19,naive
trees_20.newick,32,45,82,21,155,19,19,naive
trees_20.newick,32,46,77,21,126,19,19,naive
trees_20.newick,32,47,87,21,187,19,19,naive
trees_20.newick,32,48,79,21,150,19,19,naive
trees_20.newick,32,49,75,21,153,19,19,naive
trees_20.newick,33,34,83,21,151,19,19,naive
trees_20.newick,33,35,96,21,133,19,19,naive
trees_20.newick,33,36,81,21,173,19,19,naive
trees_20.newick,33,37,74,21,105,19,19,naive
trees_20.newick,33,38,77,21,121,19,19,naive
trees_20.newick,33,39,79,21,151,19,19,naive
trees_20.newick,33,40,78,21,144,19,19,naive
trees_20.newick,33,41,79,21,155,19,19,naive
trees_20.newick,33,42,84,21,162,19,19,naive
trees_20.newick,33,43,78,21,156,19,19,naive
trees_20.newick,33,44,78,21,150,19,19,naive
trees_20.newick,33,45,80,21,153,19,19,naive
trees_20.newick,33,46,84,21,153,19,19,naive
trees_20.newick,33,47,76,21,152,19,19,naive
trees_20.newick,33,48,77,21,149,19,19,naive
trees_20.newick,33,49,73,21,124,19,19,naive
trees_20.newick,34,35,74,21,125,19,19,naive
trees_20.newick,34,36,79,21,165,19,19,naive
trees_20.newick,34,37,77,21,144,19,19,naive
trees_20.newick,34,38,79,21,155,19,19,naive
trees_20.newick,34,39,77,21,150,19,19,naive
trees_20.newick,34,40,77,21,132,19,19,naive
trees_20.newick,34,41,79,21,151,19,19,naive
trees_20.newick,34,42,81,21,164,19,19,naive
trees_20.newick,34,43,81,21,171,19,19,naive
trees_20.newick,34,44,76,21,143,19,19,naive
trees_20.newick,34,45,78,21,137,19,19,naive
trees_20.newick,34,46,80,21,140,19,19,naive
trees_20.newick,34,47,85,21,159,19,19,naive
trees_20.newick,34,48,78,21,157,19,19,naive
trees_20.newick,34,49,78,21,168,19,19,naive
trees_20.newick,35,36,81,21,154,19,19,naive
trees_20.newick,35,37,80,21,139,19,19,naive
trees_20.newick,35,38,78,21,155,19,19,naive
trees_20.newick,35,39,76,21,144,19,19,naive
trees_20.newick,35,40,81,21,149,19,19,naive
trees_20.newick,35,41,83,21,169,19,19,naive
trees_20.newick,35,42,78,21,130,19,19,naive
trees_20.newick,35,43,78,21,146,19,19,naive
trees_20.newick,35,44,81,21,152,19,19,naive
trees_20.newick,35,45,84,21,177,19,19,naive
trees_20.newick,35,46,76,21,120,19,19,naive
trees_20.newick,35,47,78,21,157,19,19,naive
trees_20.newick,35,48,76,21,146,19,19,naive
trees_20.newick,35,49,77,21,148,19,19,naive
trees_20.newick,36,37,82,21,170,19,19,naive
trees_20.newick,36,38,80,21,142,19,19,naive
trees_20.newick,36,39,76,21,147,19,19,naive
trees_20.newick,36,40,80,21,151,19,19,naive
trees_20.newick,36,41,102,21,165,19,19,naive
trees_20.newick,36,42,83,21,163,19,19,naive
trees_20.newick,36,43,79,21,152,19,19,naive
trees_20.newick,36,44,76,21,138,19,19,naive
trees_20.newick,36,45,79,21,161,19,19,naive
trees_20.newick,36,46,78,21,123,19,19,naive
trees_20.newick,36,47,79,21,171,19,19,naive
trees_20.newick,36,48,77,21,166,19,19,naive
trees_20.newick,36,49,78,21,168,19,19,naive
trees_20.newick,37,38,79,21,143,19,19,naive
trees_20.newick,37,39,80,21,155,19,19,naive
trees_20.newick,37,40,81,21,154,19,19,naive
trees_20.newick,37,41,80,21,150,19,19,naive
trees_20.newick,37,42,82,21,163,19,19,naive
trees_20.newick,37,43,79,21,141,19,19,naive
trees_20.newick,37,44,81,21,151,19,19,naive
trees_20.newick,37,45,80,21,138,19,19,naive
trees_20.newick,37,46,79,21,145,19,19,naive
trees_20.newick,37,47,78,21,156,19,19,naive
trees_20.newick,37,48,79,21,139,19,19,naive
trees_20.newick,37,49,78,21,150,19,19,naive
trees_20.newick,38,39,76,21,140,19,19,naive
trees_20.newick,38,40,81,21,161,19,19,naive
trees_20.newick,38,41,80,21,165,19,19,naive
trees_20.newick,38,42,84,21,163,19,19,naive
trees_20.newick,38,43,77,21,151,19,19,naive
trees_20.newick,38,44,80,21,150,19,19,naive
trees_20.newick,38,45,87,21,169,19,19,naive
trees_20.newick,38,46,78,21,111,19,19,naive
trees_20.newick,38,47,79,21,159,19,19,naive
trees_20.newick,38,48,76,21,164,19,19,naive
trees_20.newick,38,49,75,21,145,19,19,naive
trees_20.newick,39,40,81,21,140,19,19,naive
trees_20.newick,39,41,82,21,165,19,19,naive
trees_20.newick,39,42,79,21,144,19,19,naive
trees_20.newick,39,43,84,21,146,19,19,naive
trees_20.newick,39,44,76,21,142,19,19,naive
trees_20.newick,39,45,82,21,168,19,19,naive
trees_20.newick,39,46,82,21,129,19,19,naive
trees_20.newick,39,47,78,21,139,19,19,naive
trees_20.newick,39,48,78,21,140,19,19,naive
trees_20.newick,39,49,75,21,142,19,19,naive
trees_20.newick,40,41,78,21,138,19,19,naive
trees_20.newick,40,42,85,21,159,19,19,naive
trees_20.newick,40,43,79,21,148,19,19,naive
trees_20.newick,40,44,77,21,165,19,19,naive
trees_20.newick,40,45,85,21,157,19,19,naive
trees_20.newick,40,46,80,21,159,19,19,naive
trees_20.newick,40,47,75,21,128,19,19,naive
trees_20.newick,40,48,76,21,151,19,19,naive
trees_20.newick,40,49,79,21,154,19,19,naive
trees_20.newick,41,42,83,21,162,19,19,naive
trees_20.newick,41,43,76,21,150,19,19,naive
trees_20.newick,41,44,82,21,165,19,19,naive
trees_20.newick,41,45,84,21,171,19,19,naive
trees_20.newick,41,46,81,21,168,19,19,naive
trees_20.newick,41,47,79,21,164,19,19,naive
trees_20.newick,41,48,81,21,178,19,19,naive
trees_20.newick,41,49,75,21,126,19,19,naive
trees_20.newick,42,43,77,21,146,19,19,naive
trees_20.newick,42,44,78,21,166,19,19,naive
trees_20.newick,42,45,83,21,176,19,19,naive
trees_20.newick,42,46,81,21,165,19,19,naive
trees_20.newick,42,47,76,21,155,19,19,naive
trees_20.newick,42,48,75,21,139,19,19,naive
trees_20.newick,42,49,76,21,141,19,19,naive
trees_20.newick,43,44,81,21,152,19,19,naive
trees_20.newick,43,45,80,21,131,19,19,naive
trees_20.newick,43,46,79,21,142,19,19,naive
trees_20.newick,43,47,80,21,164,19,19,naive
trees_20.newick,43,48,75,21,139,19,19,naive
trees_20.newick,43,49,75,21,144,19,19,naive
trees_20.newick,44,45,86,21,166,19,19,naive
trees_20.newick,44,46,79,21,151,19,19,naive
trees_20.newick,44,47,81,21,162,19,19,naive
trees_20.newick,44,48,78,21,152,19,19,naive
trees_20.newick,44,49,74,21,132,19,19,naive
trees_20.newick,45,46,80,21,158,19,19,naive
trees_20.newick,45,47,81,21,170,19,19,naive
trees_20.newick,45,48,80,21,163,19,19,naive
trees_20.newick,45,49,132,21,127,19,19,naive
trees_20.newick,46,47,83,21,161,19,19,naive
trees_20.newick,46,48,84,21,157,19,19,naive
trees_20.newick,46,49,78,21,175,19,19,naive
trees_20.newick,47,48,76,21,135,19,19,naive
trees_20.newick,47,49,74,21,150,19,19,naive
trees_20.newick,48,49,74,21,138,19,19,naive
trees_500.newick,0,1,54916,501,19774,499,499,naive
trees_500.newick,0,2,54494,501,19692,499,499,naive
trees_500.newick,0,3,56679,501,19948,499,499,naive
trees_500.newick,0,4,55275,501,19941,499,499,naive
trees_500.newick,0,5,54564,501,19712,499,499,naive
trees_500.newick,0,6,55614,501,19751,499,499,naive
trees_500.newick,0,7,55408,501,19899,499,499,naive
trees_500.newick,0,8,53382,501,19641,499,499,naive
trees_500.newick,0,9,55463,501,19818,499,499,naive
trees_500.newick,0,10,54630,501,19993,499,499,naive
trees_500.newick,0,11,55288,501,19708,499,499,naive
trees_500.newick,0,12,54597,501,19749,499,499,naive
trees_500.newick,0,13,55786,501,19894,499,499,naive
trees_500.newick,0,14,54806,501,19699,499,499,naive
trees_500.newick,0,15,55407,501,19606,499,499,naive
trees_500.newick,0,16,55415,501,19782,499,499,naive
trees_500.newick,0,17,56356,501,19714,499,499,naive
trees_500.newick,0,18,53331,501,19746,499,499,naive
trees_500.newick,0,19,54920,501,19577,499,499,naive
trees_500.newick,0,20,54592,501,19930,499,499,naive
trees_500.newick,0,21,55222,501,19855,499,499,naive
trees_500.newick,0,22,55458,501,19685,499,499,naive
trees_500.newick,0,23,54486,501,20035,499,499,naive
trees_500.newick,0,24,54390,501,19802,499,499,naive
trees_500.newick,0,25,55054,501,19648,499,499,naive
trees_500.newick,0,26,55626,501,19738,499,499,naive
trees_500.newick,0,27,55387,501,19674,499,499,naive
trees_500.newick,0,28,57269,501,20029,499,499,naive
trees_500.newick,0,29,58064,501,19613,499,499,naive
trees_500.newick,0,30,55882,501,19526,499,499,naive
trees_500.newick,0,31,55636,501,19743,499,499,naive
trees_500.newick,0,32,55470,501,19785,499,499,naive
trees_500.newick,0,33,56313,501,19733,499,499,naive
trees_500.newick,0,34,54836,501,19982,499,499,naive
trees_500.newick,0,35,55531,501,19850,499,499,naive
trees_500.newick,0,36,55867,501,19809,499,499,naive
trees_500.newick,0,37,55550,501,19859,499,499,naive
trees_500.newick,0,38,54653,501,19750,499,499,naive
trees_500.newick,0,39,55378,501,19623,499,499,naive
trees_500.newick,0,40,55462,501,19461,499,499,naive
trees_500.newick,0,41,55203,501,19541,499,499,naive
trees_500.newick,0,42,55262,501,19966,499,499,naive
trees_500.newick,0,43,56396,501,19683,499,499,naive
trees_500.newick,0,44,55003,501,19835,499,499,naive
trees_500.newick,0,45,54792,501,19495,499,499,naive
trees_500.newick,0,46,54976,501,19606,499,499,naive
trees_500.newick,0,47,53778,501,19641,499,499,naive
trees_500.newick,0,48,55126,501,19832,499,499,naive
trees_500.newick,0,49,54934,501,19562,499,499,naive
trees_500.newick,1,2,54931,501,20035,499,499,naive
trees_500.newick,1,3,53680,501,19972,499,499,naive
trees_500.newick,1,4,54205,501,19496,499,499,naive
trees_500.newick,1,5,53726,501,19670,499,499,naive
trees_500.newick,1,6,55281,501,19945,499,499,naive
trees_500.newick,1,7,54250,501,19742,499,499,naive
trees_500.newick,1,8,53867,501,19708,499,499,naive
trees_500.newick,1,9,55563,501,19757,499,499,naive
trees_500.newick,1,10,69583,501,19993,499,499,naive
trees_500.newick,1,11,57372,501,19651,499,499,naive
trees_500.newick,1,12,54838,501,20183,499,499,naive
trees_500.newick,1,13,54276,501,19707,499,499,naive
trees_500.newick,1,14,56211,501,19505,499,499,naive
trees_500.newick,1,15,54162,501,19566,499,499,naive
trees_500.newick,1,16,55038,501,20048,499,499,naive
trees_500.newick,1,17,55446,501,19937,499,499,naive
trees_500.newick,1,18,54696,501,20090,499,499,naive
trees_500.newick,1,19,54927,501,19842,499,499,naive
trees_500.newick,1,20,54711,501,19986,499,499,naive
trees_500.newick,1,21,55201,501,19883,499,499,naive
trees_500.newick,1,22,54328,501,19680,499,499,naive
trees_500.newick,1,23,54288,501,19804,499,499,naive
trees_500.newick,1,24,53739,501,19738,499,499,naive
trees_500.newick,1,25,54227,501,19958,499,499,naive
trees_500.newick,1,26,54190,501,19779,499,499,naive
trees_500.newick,1,27,55063,501,19824,499,499,naive
trees_500.newick,1,28,55186,501,19725,499,499,naive
trees_500.newick,1,29,55508,501,19804,499,499,naive
trees_500.newick,1,30,55651,501,19959,499,499,naive
trees_500.newick,1,31,55396,501,19474,499,499,naive
trees_500.newick,1,32,54568,501,19689,499,499,naive
trees_500.newick,1,33,53998,501,19755,499,499,naive
trees_500.newick,1,34,54326,501,19889,499,499,naive
trees_500.newick,1,35,55119,501,19766,499,499,naive
trees_500.newick,1,36,55289,501,19952,499,499,naive
trees_500.newick,1,37,54043,501,19906,499,499,naive
trees_500.newick,1,38,54885,501,20037,499,499,naive
trees_500.newick,1,39,54432,501,19509,499,499,naive
trees_500.newick,1,40,54657,501,19972,499,499,naive
trees_500.newick,1,41,54141,501,19785,499,499,naive
trees_500.newick,1,42,55428,501,20053,499,499,naive
trees_500.newick,1,43,55316,501,19700,499,499,naive
trees_500.newick,1,44,54317,501,19858,499,499,naive
trees_500.newick,1,45,54934,501,20102,499,499,naive
trees_500.newick,1,46,54815,501,19649,499,499,naive
trees_500.newick,1,47,55451,501,19823,499,499,naive
trees_500.newick,1,48,54707,501,19846,499,499,naive
trees_500.newick,1,49,54590,501,20084,499,499,naive
trees_500.newick,2,3,54384,501,19809,499,499,naive
trees_500.newick,2,4,54457,501,19955,499,499,naive
trees_500.newick,2,5,54172,501,19594,499,499,naive
trees_500.newick,2,6,54681,501,19930,499,499,naive
trees_500.newick,2,7,54577,501,19839,499,499,naive
trees_500.newick,2,8,53093,501,19438,499,499,naive
trees_500.newick,2,9,54682,501,19638,499,499,naive
trees_500.newick,2,10,55693,501,19946,499,499,naive
trees_500.newick,2,11,55102,501,19483,499,499,naive
trees_500.newick,2,12,54975,501,19738,499,499,naive
trees_500.newick,2,13,56578,501,19589,499,499,naive
trees_500.newick,2,14,55481,501,19610,499,499,naive
trees_500.newick,2,15,54628,501,19901,499,499,naive
trees_500.newick,2,16,54928,501,19564,499,499,naive
trees_500.newick,2,17,55380,501,19790,499,499,naive
trees_500.newick,2,18,53378,501,19837,499,499,naive
trees_500.newick,2,19,53991,501,19548,499,499,naive
trees_500.newick,2,20,53744,501,19816,499,499,naive
trees_500.newick,2,21,54261,501,19849,499,499,naive
trees_500.newick,2,22,55017,501,19684,499,499,naive
trees_500.newick,2,23,54295,501,19793,499,499,naive
trees_500.newick,2,24,56967,501,19835,499,499,naive
trees_500.newick,2,25,53421,501,19365,499,499,naive
trees_500.newick,2,26,53981,501,19420,499,499,naive
trees_500.newick,2,27,55396,501,19863,499,499,naive
trees_500.newick,2,28,55066,501,19778,499,499,naive
trees_500.newick,2,29,54478,501,19613,499,499,naive
trees_500.newick,2,30,54674,501,19624,499,499,naive
trees_500.newick,2,31,54969,501,19696,499,499,naive
trees_500.newick,2,32,54932,501,19717,499,499,naive
trees_500.newick,2,33,55549,501,19395,499,499,naive
trees_500.newick,2,34,54320,501,19735,499,499,naive
trees_500.newick,2,35,56596,501,19726,499,499,naive
trees_500.newick,2,36,55074,501,19590,499,499,naive
trees_500.newick,2,37,54015,501,19691,499,499,naive
trees_500.newick,2,38,54680,501,19747,499,499,naive
trees_500.newick,2,39,55805,501,19739,499,499,naive
trees_500.newick,2,40,53841,501,19570,499,499,naive
trees_500.newick,2,41,54974,501,19522,499,499,naive
trees_500.newick,2,42,55423,501,19816,499,499,naive
trees_500.newick,2,43,55095,501,19691,499,499,naive
trees_500.newick,2,44,55167,501,19946,499,499,naive
trees_500.newick,2,45,55884,501,19630,499,499,naive
trees_500.newick,2,46,56631,501,19742,499,499,naive
trees_500.newick,2,47,53744,501,19647,499,499,naive
trees_500.newick,2,48,54582,501,19735,499,499,naive
trees_500.newick,2,49,54810,501,20091,499,499,naive
trees_500.newick,3,4,54536,501,19696,499,499,naive
trees_500.newick,3,5,54261,501,19847,499,499,naive
trees_500.newick,3,6,55810,501,20131,499,499,naive
trees_500.newick,3,7,54063,501,19850,499,499,naive
trees_500.newick,3,8,53524,501,19867,499,499,naive
trees_500.newick,3,9,54442,501,19752,499,499,naive
trees_500.newick,3,10,55274,501,20116,499,499,naive
trees_500.newick,3,11,55301,501,19622,499,499,naive
trees_500.newick,3,12,54580,501,19601,499,499,naive
trees_500.newick,3,13,53886,501,20050,499,499,naive
trees_500.newick,3,14,55470,501,19873,499,499,naive
trees_500.newick,3,15,54826,501,19997,499,499,naive
trees_500.newick,3,16,53976,501,19921,499,499,naive
trees_500.newick,3,17,55432,501,19603,499,499,naive
trees_500.newick,3,18,54039,501,19740,499,499,naive
trees_500.newick,3,19,53961,501,19711,499,499,naive
trees_500.newick,3,20,54117,501,19879,499,499,naive
trees_500.newick,3,21,54222,501,19884,499,499,naive
trees_500.newick,3,22,55428,501,19947,499,499,naive
trees_500.newick,3,23,54110,501,20087,499,499,naive
trees_500.newick,3,24,54764,501,19767,499,499,naive
trees_500.newick,3,25,54928,501,19845,499,499,naive
trees_500.newick,3,26,54319,501,19909,499,499,naive
trees_500.newick,3,27,54100,501,19881,499,499,naive
trees_500.newick,3,28,54906,501,19695,499,499,naive
trees_500.newick,3,29,54363,501,19754,499,499,naive
trees_500.newick,3,30,55877,501,19717,499,499,naive
trees_500.newick,3,31,54975,501,19863,499,499,naive
trees_500.newick,3,32,54531,501,19912,499,499,naive
trees_500.newick,3,33,54698,501,19706,499,499,naive
trees_500.newick,3,34,55452,501,19971,499,499,naive
trees_500.newick,3,35,54397,501,19793,499,499,naive
trees_500.newick,3,36,55088,501,19773,499,499,naive
trees_500.newick,3,37,54785,501,19828,499,499,naive
trees_500.newick,3,38,54279,501,19720,499,499,naive
trees_500.newick,3,39,55599,501,19515,499,499,naive
trees_500.newick,3,40,55737,501,19687,499,499,naive
trees_500.newick,3,41,54640,501,20061,499,499,naive
trees_500.newick,3,42,55492,501,19883,499,499,naive
trees_500.newick,3,43,56706,501,19760,499,499,naive
trees_500.newick,3,44,53832,501,20016,499,499,naive
trees_500.newick,3,45,55270,501,19899,499,499,naive
trees_500.newick,3,46,55895,501,19914,499,499,naive
trees_500.newick,3,47,54516,501,19896,499,499,naive
trees_500.newick,3,48,56057,501,20024,499,499,naive
trees_500.newick,3,49,55244,501,19737,499,499,naive
trees_500.newick,4,5,54428,501,19607,499,499,naive
trees_500.newick,4,6,55096,501,20251,499,499,naive
trees_500.newick,4,7,55786,501,19914,499,499,naive
trees_500.newick,4,8,54275,501,20003,499,499,naive
trees_500.newick,4,9,54312,501,19867,499,499,naive
trees_500.newick,4,10,54076,501,19991,499,499,naive
trees_500.newick,4,11,54656,501,19713,499,499,naive
trees_500.newick,4,12,55283,501,19807,499,499,naive
trees_500.newick,4,13,57487,501,20086,499,499,naive
trees_500.newick,4,14,57692,501,19712,499,499,naive
trees_500.newick,4,15,54981,501,20052,499,499,naive
trees_500.newick,4,16,54378,501,20050,499,499,naive
trees_500.newick,4,17,55662,501,19982,499,499,naive
trees_500.newick,4,18,55232,501,19529,499,499,naive
trees_500.newick,4,19,54575,501,19761,499,499,naive
trees_500.newick,4,20,54446,501,19773,499,499,naive
trees_500.newick,4,21,54647,501,20007,499,499,naive
trees_500.newick,4,22,54717,501,19759,499,499,naive
trees_500.newick,4,23,54328,501,19875,499,499,naive
trees_500.newick,4,24,55819,501,19721,499,499,naive
trees_500.newick,4,25,53823,501,19678,499,499,naive
trees_500.newick,4,26,55480,501,20011,499,499,naive
trees_500.newick,4,27,54699,501,19784,499,499,naive
trees_500.newick,4,28,54375,501,19744,499,499,naive
trees_500.newick,4,29,54312,501,19643,499,499,naive
trees_500.newick,4,30,55003,501,19902,499,499,naive
trees_500.newick,4,31,55647,501,19698,499,499,naive
trees_500.newick,4,32,55966,501,19854,499,499,naive
trees_500.newick,4,33,55739,501,19734,499,499,naive
trees_500.newick,4,34,54389,501,19931,499,499,naive
trees_500.newick,4,35,55778,501,19674,499,499,naive
trees_500.newick,4,36,55358,501,19838,499,499,naive
trees_500.newick,4,37,54752,501,19905,499,499,naive
trees_500.newick,4,38,54202,501,19840,499,499,naive
trees_500.newick,4,39,55407,501,19683,499,499,naive
trees_500.newick,4,40,54358,501,19826,499,499,naive
trees_500.newick,4,41,54334,501,19965,499,499,naive
trees_500.newick,4,42,56019,501,19776,499,499,naive
trees_500.newick,4,43,55643,501,19842,499,499,naive
trees_500.newick,4,44,54821,501,19917,499,499,naive
trees_500.newick,4,45,55696,501,19781,499,499,naive
trees_500.newick,4,46,54703,501,19950,499,499,naive
trees_500.newick,4,47,53459,501,19962,499,499,naive
trees_500.newick,4,48,55420,501,20027,499,499,naive
trees_500.newick,4,49,54733,501,19901,499,499,naive
trees_500.newick,5,6,56500,501,20023,499,499,naive
trees_500.newick,5,7,54760,501,19808,499,499,naive
trees_500.newick,5,8,54206,501,19753,499,499,naive
trees_500.newick,5,9,54617,501,19693,499,499,naive
trees_500.newick,5,10,55351,501,19934,499,499,naive
trees_500.newick,5,11,55001,501,19802,499,499,naive
trees_500.newick,5,12,54327,501,19940,499,499,naive
trees_500.newick,5,13,54530,501,19761,499,499,naive
trees_500.newick,5,14,54585,501,19755,499,499,naive
trees_500.newick,5,15,56605,501,19477,499,499,naive
trees_500.newick,5,16,54255,501,19729,499,499,naive
trees_500.newick,5,17,57348,501,20025,499,499,naive
trees_500.newick,5,18,53946,501,19591,499,499,naive
trees_500.newick,5,19,54807,501,19710,499,499,naive
trees_500.newick,5,20,55038,501,19790,499,499,naive
trees_500.newick,5,21,54780,501,19297,499,499,naive
trees_500.newick,5,22,54413,501,19747,499,499,naive
trees_500.newick,5,23,55351,501,19786,499,499,naive
trees_500.newick,5,24,55131,501,19393,499,499,naive
trees_500.newick,5,25,54672,501,19606,499,499,naive
trees_500.newick,5,26,55436,501,19488,499,499,naive
trees_500.newick,5,27,55359,501,20002,499,499,naive
trees_500.newick,5,28,56034,501,19862,499,499,naive
trees_500.newick,5,29,54336,501,19743,499,499,naive
trees_500.newick,5,30,56307,501,19777,499,499,naive
trees_500.newick,5,31,55381,501,19448,499,499,naive
trees_500.newick,5,32,56272,501,19627,499,499,naive
trees_500.newick,5,33,54937,501,19513,499,499,naive
trees_500.newick,5,34,54758,501,19621,499,499,naive
trees_500.newick,5,35,54549,501,19904,499,499,naive
trees_500.newick,5,36,54623,501,19642,499,499,naive
trees_500.newick,5,37,56005,501,19679,499,499,naive
trees_500.newick,5,38,55412,501,19704,499,499,naive
trees_500.newick,5,39,55199,501,19646,499,499,naive
trees_500.newick,5,40,54354,501,19648,499,499,naive
trees_500.newick,5,41,54757,501,19779,499,499,naive
trees_500.newick,5,42,54082,501,19688,499,499,naive
trees_500.newick,5,43,56663,501,19716,499,499,naive
trees_500.newick,5,44,54415,501,19765,499,499,naive
trees_500.newick,5,45,55349,501,19552,499,499,naive
trees_500.newick,5,46,54038,501,19759,499,499,naive
trees_500.newick,5,47,55012,501,19548,499,499,naive
trees_500.newick,5,48,54977,501,19876,499,499,naive
trees_500.newick,5,49,56044,501,19606,499,499,naive
trees_500.newick,6,7,55942,501,20028,499,499,naive
trees_500.newick,6,8,54367,501,19706,499,499,naive
trees_500.newick,6,9,55836,501,19763,499,499,naive
trees_500.newick,6,10,54320,501,19956,499,499,naive
trees_500.newick,6,11,54955,501,19932,499,499,naive
trees_500.newick,6,12,55326,501,19837,499,499,naive
trees_500.newick,6,13,55974,501,20170,499,499,naive
trees_500.newick,6,14,55592,501,19762,499,499,naive
trees_500.newick,6,15,55325,501,19803,499,499,naive
trees_500.newick,6,16,53397,501,20030,499,499,naive
trees_500.newick,6,17,55254,501,20313,499,499,naive
trees_500.newick,6,18,54201,501,19850,499,499,naive
trees_500.newick,6,19,55097,501,19914,499,499,naive
trees_500.newick,6,20,54770,501,19777,499,499,naive
trees_500.newick,6,21,56084,501,19862,499,499,naive
trees_500.newick,6,22,54152,501,19554,499,499,naive
trees_500.newick,6,23,53823,501,19842,499,499,naive
trees_500.newick,6,24,55566,501,19681,499,499,naive
trees_500.newick,6,25,54224,501,19749,499,499,naive
trees_500.newick,6,26,55543,501,19931,499,499,naive
trees_500.newick,6,27,54580,501,19730,499,499,naive
trees_500.newick,6,28,54607,501,19764,499,499,naive
trees_500.newick,6,29,54088,501,19591,499,499,naive
trees_500.newick,6,30,55525,501,19633,499,499,naive
trees_500.newick,6,31,54533,501,19713,499,499,naive
trees_500.newick,6,32,55556,501,19803,499,499,naive
trees_500.newick,6,33,55789,501,19832,499,499,naive
trees_500.newick,6,34,54075,501,19884,499,499,naive
trees_500.newick,6,35,55686,501,20038,499,499,naive
trees_500.newick,6,36,54926,501,19616,499,499,naive
trees_500.newick,6,37,54610,501,19722,499,499,naive
trees_500.newick,6,38,54289,501,19966,499,499,naive
trees_500.newick,6,39,54964,501,19834,499,499,naive
trees_500.newick,6,40,54863,501,19817,499,499,naive
trees_500.newick,6,41,55416,501,19581,499,499,naive
trees_500.newick,6,42,55323,501,19840,499,499,naive
trees_500.newick,6,43,55719,501,20061,499,499,naive
trees_500.newick,6,44,54362,501,19964,499,499,naive
trees_500.newick,6,45,56352,501,19726,499,499,naive
trees_500.newick,6,46,54565,501,19795,499,499,naive
trees_500.newick,6,47,53714,501,19638,499,499,naive
trees_500.newick,6,48,54136,501,19658,499,499,naive
trees_500.newick,6,49,53814,501,19875,499,499,naive
trees_500.newick,7,8,54373,501,19928,499,499,naive
trees_500.newick,7,9,53532,501,19866,499,499,naive
trees_500.newick,7,10,54933,501,19735,499,499,naive
trees_500.newick,7,11,54203,501,19750,499,499,naive
trees_500.newick,7,12,55464,501,19689,499,499,naive
trees_500.newick,7,13,55954,501,19705,499,499,naive
trees_500.newick,7,14,55511,501,19463,499,499,naive
trees_500.newick,7,15,54460,501,19540,499,499,naive
trees_500.newick,7,16,54155,501,20036,499,499,naive
trees_500.newick,7,17,55404,501,20124,499,499,naive
trees_500.newick,7,18,55053,501,19949,499,499,naive
trees_500.newick,7,19,55892,501,19813,499,499,naive
trees_500.newick,7,20,54718,501,19909,499,499,naive
trees_500.newick,7,21,57061,501,19937,499,499,naive
trees_500.newick,7,22,54417,501,19962,499,499,naive
trees_500.newick,7,23,54261,501,19676,499,499,naive
trees_500.newick,7,24,56186,501,19972,499,499,naive
trees_500.newick,7,25,55022,501,19785,499,499,naive
trees_500.newick,7,26,53865,501,19828,499,499,naive
trees_500.newick,7,27,54821,501,19983,499,499,naive
trees_500.newick,7,28,55362,501,19969,499,499,naive
trees_500.newick,7,29,54793,501,19677,499,499,naive
trees_500.newick,7,30,55555,501,19790,499,499,naive
trees_500.newick,7,31,58138,501,19579,499,499,naive
trees_500.newick,7,32,54817,501,19750,499,499,naive
trees_500.newick,7,33,54506,501,19709,499,499,naive
trees_500.newick,7,34,63975,501,19681,499,499,naive
trees_500.newick,7,35,54925,501,20161,499,499,naive
trees_500.newick,7,36,55830,501,19692,499,499,naive
trees_500.newick,7,37,54598,501,20042,499,499,naive
trees_500.newick,7,38,56225,501,19950,499,499,naive
trees_500.newick,7,39,54759,501,19412,499,499,naive
trees_500.newick,7,40,55856,501,19681,499,499,naive
trees_500.newick,7,41,54416,501,20110,499,499,naive
trees_500.newick,7,42,54705,501,19900,499,499,naive
trees_500.newick,7,43,54922,501,19844,499,499,naive
trees_500.newick,7,44,54589,501,20048,499,499,naive
trees_500.newick,7,45,55959,501,19716,499,499,naive
trees_500.newick,7,46,54465,501,20089,499,499,naive
trees_500.newick,7,47,55434,501,19832,499,499,naive
trees_500.newick,7,48,54141,501,19985,499,499,naive
trees_500.newick,7,49,54742,501,20042,499,499,naive
trees_500.newick,8,9,53264,501,19742,499,499,naive
trees_500.newick,8,10,54904,501,20099,499,499,naive
trees_500.newick,8,11,54307,501,19987,499,499,naive
trees_500.newick,8,12,54279,501,19581,499,499,naive
trees_500.newick,8,13,54966,501,20027,499,499,naive
trees_500.newick,8,14,55145,501,19914,499,499,naive
trees_500.newick,8,15,54175,501,19270,499,499,naive
trees_500.newick,8,16,54632,501,19923,499,499,naive
trees_500.newick,8,17,55520,501,19902,499,499,naive
trees_500.newick,8,18,54544,501,19908,499,499,naive
trees_500.newick,8,19,55343,501,19969,499,499,naive
trees_500.newick,8,20,53922,501,19641,499,499,naive
trees_500.newick,8,21,54713,501,19463,499,499,naive
trees_500.newick,8,22,55394,501,19962,499,499,naive
trees_500.newick,8,23,55689,501,19905,499,499,naive
trees_500.newick,8,24,55217,501,19822,499,499,naive
trees_500.newick,8,25,54356,501,19747,499,499,naive
trees_500.newick,8,26,54242,501,19805,499,499,naive
trees_500.newick,8,27,55463,501,19744,499,499,naive
trees_500.newick,8,28,53682,501,19802,499,499,naive
trees_500.newick,8,29,55192,501,19871,499,499,naive
trees_500.newick,8,30,55366,501,19716,499,499,naive
trees_500.newick,8,31,55206,501,19826,499,499,naive
trees_500.newick,8,32,54065,501,19385,499,499,naive
trees_500.newick,8,33,54719,501,19884,499,499,naive
trees_500.newick,8,34,54803,501,19805,499,499,naive
trees_500.newick,8,35,56236,501,20039,499,499,naive
trees_500.newick,8,36,54841,501,19787,499,499,naive
trees_500.newick,8,37,55749,501,19749,499,499,naive
trees_500.newick,8,38,55129,501,19908,499,499,naive
trees_500.newick,8,39,57621,501,19924,499,499,naive
trees_500.newick,8,40,54178,501,19788,499,499,naive
trees_500.newick,8,41,55759,501,19700,499,499,naive
trees_500.newick,8,42,56871,501,19788,499,499,naive
trees_500.newick,8,43,55566,501,19940,499,499,naive
trees_500.newick,8,44,55259,501,19879,499,499,naive
trees_500.newick,8,45,55956,501,19930,499,499,naive
trees_500.newick,8,46,55448,501,19976,499,499,naive
trees_500.newick,8,47,54717,501,19749,499,499,naive
trees_500.newick,8,48,55399,501,19818,499,499,naive
trees_500.newick,8,49,55704,501,20038,499,499,naive
trees_500.newick,9,10,56061,501,20356,499,499,naive
trees_500.newick,9,11,62012,501,19676,499,499,naive
trees_500.newick,9,12,60149,501,19646,499,499,naive
trees_500.newick,9,13,57511,501,19786,499,499,naive
trees_500.newick,9,14,56142,501,19785,499,499,naive
trees_500.newick,9,15,56248,501,19950,499,499,naive
trees_500.newick,9,16,54138,501,19741,499,499,naive
trees_500.newick,9,17,55286,501,19881,499,499,naive
trees_500.newick,9,18,53871,501,19955,499,499,naive
trees_500.newick,9,19,55071,501,19890,499,499,naive
trees_500.newick,9,20,54955,501,19986,499,499,naive
trees_500.newick,9,21,54909,501,19759,499,499,naive
trees_500.newick,9,22,55204,501,20037,499,499,naive
trees_500.newick,9,23,55366,501,19795,499,499,naive
trees_500.newick,9,24,54964,501,19648,499,499,naive
trees_500.newick,9,25,54891,501,19707,499,499,naive
trees_500.newick,9,26,54010,501,19689,499,499,naive
trees_500.newick,9,27,55092,501,19908,499,499,naive
trees_500.newick,9,28,55351,501,19551,499,499,naive
trees_500.newick,9,29,53768,501,19975,499,499,naive
trees_500.newick,9,30,55842,501,19940,499,499,naive
trees_500.newick,9,31,54989,501,19668,499,499,naive
trees_500.newick,9,32,55055,501,19870,499,499,naive
trees_500.newick,9,33,53548,501,19468,499,499,naive
trees_500.newick,9,34,54959,501,19829,499,499,naive
trees_500.newick,9,35,54769,501,19940,499,499,naive
trees_500.newick,9,36,55887,501,19588,499,499,naive
trees_500.newick,9,37,56149,501,19874,499,499,naive
trees_500.newick,9,38,53718,501,19883,499,499,naive
trees_500.newick,9,39,54807,501,20068,499,499,naive
trees_500.newick,9,40,55554,501,19837,499,499,naive
trees_500.newick,9,41,55345,501,19630,499,499,naive
trees_500.newick,9,42,54611,501,19603,499,499,naive
trees_500.newick,9,43,56236,501,19818,499,499,naive
trees_500.newick,9,44,54057,501,20061,499,499,naive
trees_500.newick,9,45,54900,501,19826,499,499,naive
trees_500.newick,9,46,54649,501,19678,499,499,naive
trees_500.newick,9,47,55137,501,19850,499,499,naive
trees_500.newick,9,48,53907,501,19751,499,499,naive
trees_500.newick,9,49,55095,501,19833,499,499,naive
trees_500.newick,10,11,55030,501,19820,499,499,naive
trees_500.newick,10,12,54267,501,19725,499,499,naive
trees_500.newick,10,13,55037,501,19751,499,499,naive
trees_500.newick,10,14,54114,501,19877,499,499,naive
trees_500.newick,10,15,55177,501,19648,499,499,naive
trees_500.newick,10,16,54511,501,19752,499,499,naive
trees_500.newick,10,17,55621,501,20052,499,499,naive
trees_500.newick,10,18,54430,501,20088,499,499,naive
trees_500.newick,10,19,54013,501,19763,499,499,naive
trees_500.newick,10,20,54961,501,19930,499,499,naive
trees_500.newick,10,21,53701,501,19861,499,499,naive
trees_500.newick,10,22,55195,501,19966,499,499,naive
trees_500.newick,10,23,54921,501,20093,499,499,naive
trees_500.newick,10,24,57239,501,19527,499,499,naive
trees_500.newick,10,25,54186,501,19947,499,499,naive
trees_500.newick,10,26,53870,501,19712,499,499,naive
trees_500.newick,10,27,54174,501,19909,499,499,naive
trees_500.newick,10,28,54178,501,20086,499,499,naive
trees_500.newick,10,29,53789,501,19691,499,499,naive
trees_500.newick,10,30,54741,501,20056,499,499,naive
trees_500.newick,10,31,55606,501,19952,499,499,naive
trees_500.newick,10,32,54104,501,19958,499,499,naive
trees_500.newick,10,33,54805,501,19864,499,499,naive
trees_500.newick,10,34,53901,501,19875,499,499,naive
trees_500.newick,10,35,54775,501,19900,499,499,naive
trees_500.newick,10,36,55387,501,19982,499,499,naive
trees_500.newick,10,37,56256,501,19651,499,499,naive
trees_500.newick,10,38,55280,501,20086,499,499,naive
trees_500.newick,10,39,54906,501,19801,499,499,naive
trees_500.newick,10,40,54918,501,19945,499,499,naive
trees_500.newick,10,41,54901,501,20172,499,499,naive
trees_500.newick,10,42,54895,501,19857,499,499,naive
trees_500.newick,10,43,55372,501,19766,499,499,naive
trees_500.newick,10,44,55005,501,20122,499,499,naive
trees_500.newick,10,45,55601,501,20017,499,499,naive
trees_500.newick,10,46,54619,501,19869,499,499,naive
trees_500.newick,10,47,53622,501,19739,499,499,naive
trees_500.newick,10,48,54172,501,19917,499,499,naive
trees_500.newick,10,49,54744,501,20284,499,499,naive
trees_500.newick,11,12,55962,501,19938,499,499,naive
trees_500.newick,11,13,54784,501,19709,499,499,naive
trees_500.newick,11,14,54537,501,19668,499,499,naive
trees_500.newick,11,15,54114,501,19604,499,499,naive
trees_500.newick,11,16,54123,501,19860,499,499,naive
trees_500.newick,11,17,56150,501,19898,499,499,naive
trees_500.newick,11,18,53548,501,19715,499,499,naive
trees_500.newick,11,19,54588,501,19763,499,499,naive
trees_500.newick,11,20,54549,501,19619,499,499,naive
trees_500.newick,11,21,54519,501,19792,499,499,naive
trees_500.newick,11,22,55180,501,19669,499,499,naive
trees_500.newick,11,23,54788,501,19682,499,499,naive
trees_500.newick,11,24,55018,501,19812,499,499,naive
trees_500.newick,11,25,54171,501,19398,499,499,naive
trees_500.newick,11,26,55597,501,19894,499,499,naive
trees_500.newick,11,27,54095,501,19604,499,499,naive
trees_500.newick,11,28,55165,501,19620,499,499,naive
trees_500.newick,11,29,53776,501,19483,499,499,naive
trees_500.newick,11,30,55026,501,19603,499,499,naive
trees_500.newick,11,31,55529,501,19661,499,499,naive
trees_500.newick,11,32,55283,501,19611,499,499,naive
trees_500.newick,11,33,54196,501,19710,499,499,naive
trees_500.newick,11,34,53803,501,19588,499,499,naive
trees_500.newick,11,35,54167,501,19848,499,499,naive
trees_500.newick,11,36,54968,501,19786,499,499,naive
trees_500.newick,11,37,55410,501,19735,499,499,naive
trees_500.newick,11,38,54572,501,19779,499,499,naive
trees_500.newick,11,39,55506,501,19608,499,499,naive
trees_500.newick,11,40,53803,501,19974,499,499,naive
trees_500.newick,11,41,54585,501,19723,499,499,naive
trees_500.newick,11,42,54665,501,19772,499,499,naive
trees_500.newick,11,43,55903,501,19980,499,499,naive
trees_500.newick,11,44,54608,501,19823,499,499,naive
trees_500.newick,11,45,55632,501,19528,499,499,naive
trees_500.newick,11,46,54489,501,19512,499,499,naive
trees_500.newick,11,47,54244,501,19459,499,499,naive
trees_500.newick,11,48,54307,501,19781,499,499,naive
trees_500.newick,11,49,54657,501,19981,499,499,naive
trees_500.newick,12,13,55107,501,19673,499,499,naive
trees_500.newick,12,14,54154,501,19841,499,499,naive
trees_500.newick,12,15,54073,501,19740,499,499,naive
trees_500.newick,12,16,52736,501,19970,499,499,naive
trees_500.newick,12,17,54896,501,20026,499,499,naive
trees_500.newick,12,18,54400,501,19670,499,499,naive
trees_500.newick,12,19,54362,501,20111,499,499,naive
trees_500.newick,12,20,55586,501,20055,499,499,naive
trees_500.newick,12,21,54633,501,19912,499,499,naive
trees_500.newick,12,22,55225,501,19909,499,499,naive
trees_500.newick,12,23,54339,501,19877,499,499,naive
trees_500.newick,12,24,55909,501,19855,499,499,naive
trees_500.newick,12,25,54170,501,19612,499,499,naive
trees_500.newick,12,26,55649,501,19678,499,499,naive
trees_500.newick,12,27,54939,501,20054,499,499,naive
trees_500.newick,12,28,55248,501,20016,499,499,naive
trees_500.newick,12,29,54696,501,19909,499,499,naive
trees_500.newick,12,30,55216,501,19835,499,499,naive
trees_500.newick,12,31,55763,501,19426,499,499,naive
trees_500.newick,12,32,55336,501,19665,499,499,naive
trees_500.newick,12,33,55199,501,19695,499,499,naive
trees_500.newick,12,34,54054,501,19837,499,499,naive
trees_500.newick,12,35,54534,501,19741,499,499,naive
trees_500.newick,12,36,54865,501,19456,499,499,naive
trees_500.newick,12,37,54447,501,19807,499,499,naive
trees_500.newick,12,38,54841,501,19836,499,499,naive
trees_500.newick,12,39,59527,501,19842,499,499,naive
trees_500.newick,12,40,55919,501,19920,499,499,naive
trees_500.newick,12,41,54357,501,19842,499,499,naive
trees_500.newick,12,42,54728,501,19975,499,499,naive
trees_500.newick,12,43,55119,501,19652,499,499,naive
trees_500.newick,12,44,53947,501,20012,499,499,naive
trees_500.newick,12,45,55096,501,19784,499,499,naive
trees_500.newick,12,46,56524,501,19740,499,499,naive
trees_500.newick,12,47,55334,501,19822,499,499,naive
trees_500.newick,12,48,54759,501,19829,499,499,naive
trees_500.newick,12,49,54753,501,19860,499,499,naive
trees_500.newick,13,14,54953,501,19619,499,499,naive
trees_500.newick,13,15,55440,501,20011,499,499,naive
trees_500.newick,13,16,55285,501,20047,499,499,naive
trees_500.newick,13,17,55405,501,20001,499,499,naive
trees_500.newick,13,18,54444,501,19697,499,499,naive
trees_500.newick,13,19,56539,501,19620,499,499,naive
trees_500.newick,13,20,53816,501,19827,499,499,naive
trees_500.newick,13,21,55748,501,19924,499,499,naive
trees_500.newick,13,22,54355,501,20051,499,499,naive
trees_500.newick,13,23,54472,501,19824,499,499,naive
trees_500.newick,13,24,55772,501,19655,499,499,naive
trees_500.newick,13,25,53399,501,19553,499,499,naive
trees_500.newick,13,26,53937,501,19913,499,499,naive
trees_500.newick,13,27,55048,501,19810,499,499,naive
trees_500.newick,13,28,56652,501,19851,499,499,naive
trees_500.newick,13,29,55095,501,19752,499,499,naive
trees_500.newick,13,30,55569,501,19768,499,499,naive
trees_500.newick,13,31,54402,501,19638,499,499,naive
trees_500.newick,13,32,55055,501,20122,499,499,naive
trees_500.newick,13,33,54639,501,19840,499,499,naive
trees_500.newick,13,34,54365,501,19758,499,499,naive
trees_500.newick,13,35,54293,501,20028,499,499,naive
trees_500.newick,13,36,54175,501,19688,499,499,naive
trees_500.newick,13,37,55881,501,19880,499,499,naive
trees_500.newick,13,38,54687,501,20049,499,499,naive
trees_500.newick,13,39,56173,501,19896,499,499,naive
trees_500.newick,13,40,54014,501,19739,499,499,naive
trees_500.newick,13,41,55022,501,20006,499,499,naive
trees_500.newick,13,42,54220,501,19760,499,499,naive
trees_500.newick,13,43,54890,501,19772,499,499,naive
trees_500.newick,13,44,55101,501,19780,499,499,naive
trees_500.newick,13,45,55315,501,19714,499,499,naive
trees_500.newick,13,46,54662,501,19711,499,499,naive
trees_500.newick,13,47,54237,501,19797,499,499,naive
trees_500.newick,13,48,54412,501,19924,499,499,naive
trees_500.newick,13,49,54304,501,19940,499,499,naive
trees_500.newick,14,15,55403,501,19738,499,499,naive
trees_500.newick,14,16,54535,501,19779,499,499,naive
trees_500.newick,14,17,56203,501,19837,499,499,naive
trees_500.newick,14,18,53980,501,19754,499,499,naive
trees_500.newick,14,19,54533,501,19727,499,499,naive
trees_500.newick,14,20,55114,501,19552,499,499,naive
trees_500.newick,14,21,55721,501,19763,499,499,naive
trees_500.newick,14,22,54986,501,19832,499,499,naive
trees_500.newick,14,23,53605,501,19845,499,499,naive
trees_500.newick,14,24,54661,501,19689,499,499,naive
trees_500.newick,14,25,54914,501,19252,499,499,naive
trees_500.newick,14,26,56030,501,19760,499,499,naive
trees_500.newick,14,27,55574,501,20032,499,499,naive
trees_500.newick,14,28,55259,501,19520,499,499,naive
trees_500.newick,14,29,54606,501,19764,499,499,naive
trees_500.newick,14,30,55144,501,19678,499,499,naive
trees_500.newick,14,31,55036,501,19577,499,499,naive
trees_500.newick,14,32,56268,501,19706,499,499,naive
trees_500.newick,14,33,53942,501,19541,499,499,naive
trees_500.newick,14,34,56067,501,19672,499,499,naive
trees_500.newick,14,35,54905,501,19930,499,499,naive
trees_500.newick,14,36,55220,501,19480,499,499,naive
trees_500.newick,14,37,54496,501,19790,499,499,naive
trees_500.newick,14,38,55145,501,19675,499,499,naive
trees_500.newick,14,39,55084,501,19902,499,499,naive
trees_500.newick,14,40,54730,501,19528,499,499,naive
trees_500.newick,14,41,53983,501,19673,499,499,naive
trees_500.newick,14,42,54992,501,19846,499,499,naive
trees_500.newick,14,43,55966,501,19734,499,499,naive
trees_500.newick,14,44,54127,501,19902,499,499,naive
trees_500.newick,14,45,55809,501,19871,499,499,naive
trees_500.newick,14,46,55236,501,19745,499,499,naive
trees_500.newick,14,47,55144,501,19403,499,499,naive
trees_500.newick,14,48,54459,501,19888,499,499,naive
trees_500.newick,14,49,55717,501,19925,499,499,naive
trees_500.newick,15,16,55908,501,19930,499,499,naive
trees_500.newick,15,17,55540,501,19967,499,499,naive
trees_500.newick,15,18,56229,501,19730,499,499,naive
trees_500.newick,15,19,55412,501,19636,499,499,naive
trees_500.newick,15,20,55424,501,19763,499,499,naive
trees_500.newick,15,21,54307,501,19726,499,499,naive
trees_500.newick,15,22,54779,501,19887,499,499,naive
trees_500.newick,15,23,54644,501,19887,499,499,naive
trees_500.newick,15,24,54846,501,19833,499,499,naive
trees_500.newick,15,25,54203,501,19748,499,499,naive
trees_500.newick,15,26,55069,501,19675,499,499,naive
trees_500.newick,15,27,55015,501,19641,499,499,naive
trees_500.newick,15,28,54966,501,19493,499,499,naive
trees_500.newick,15,29,54158,501,19852,499,499,naive
trees_500.newick,15,30,54384,501,19925,499,499,naive
trees_500.newick,15,31,54833,501,19535,499,499,naive
trees_500.newick,15,32,55460,501,19838,499,499,naive
trees_500.newick,15,33,57152,501,19849,499,499,naive
trees_500.newick,15,34,54179,501,19620,499,499,naive
trees_500.newick,15,35,55634,501,19740,499,499,naive
trees_500.newick,15,36,54342,501,19938,499,499,naive
trees_500.newick,15,37,54925,501,19780,499,499,naive
trees_500.newick,15,38,54617,501,19810,499,499,naive
trees_500.newick,15,39,55115,501,19613,499,499,naive
trees_500.newick,15,40,54619,501,19731,499,499,naive
trees_500.newick,15,41,54917,501,19770,499,499,naive
trees_500.newick,15,42,55018,501,19898,499,499,naive
trees_500.newick,15,43,55051,501,19547,499,499,naive
trees_500.newick,15,44,54789,501,19952,499,499,naive
trees_500.newick,15,45,54665,501,19626,499,499,naive
trees_500.newick,15,46,55605,501,19789,499,499,naive
trees_500.newick,15,47,55649,501,19431,499,499,naive
trees_500.newick,15,48,55771,501,19752,499,499,naive
trees_500.newick,15,49,54756,501,19674,499,499,naive
trees_500.newick,16,17,55726,501,20007,499,499,naive
trees_500.newick,16,18,54733,501,19838,499,499,naive
trees_500.newick,16,19,54768,501,20059,499,499,naive
trees_500.newick,16,20,54234,501,20005,499,499,naive
trees_500.newick,16,21,53911,501,19810,499,499,naive
trees_500.newick,16,22,53997,501,19837,499,499,naive
trees_500.newick,16,23,54920,501,19840,499,499,naive
trees_500.newick,16,24,56020,501,19696,499,499,naive
trees_500.newick,16,25,55985,501,19940,499,499,naive
trees_500.newick,16,26,54280,501,19730,499,499,naive
trees_500.newick,16,27,54534,501,19828,499,499,naive
trees_500.newick,16,28,54817,501,20057,499,499,naive
trees_500.newick,16,29,54639,501,19893,499,499,naive
trees_500.newick,16,30,55524,501,19739,499,499,naive
trees_500.newick,16,31,54912,501,19555,499,499,naive
trees_500.newick,16,32,54305,501,20147,499,499,naive
trees_500.newick,16,33,64870,501,19864,499,499,naive
trees_500.newick,16,34,53904,501,19865,499,499,naive
trees_500.newick,16,35,56952,501,19944,499,499,naive
trees_500.newick,16,36,54516,501,19585,499,499,naive
trees_500.newick,16,37,55350,501,19993,499,499,naive
trees_500.newick,16,38,54642,501,19869,499,499,naive
trees_500.newick,16,39,54246,501,19418,499,499,naive
trees_500.newick,16,40,54908,501,19511,499,499,naive
trees_500.newick,16,41,54885,501,19927,499,499,naive
trees_500.newick,16,42,52991,501,20041,499,499,naive
trees_500.newick,16,43,55563,501,19743,499,499,naive
trees_500.newick,16,44,54438,501,20152,499,499,naive
trees_500.newick,16,45,54052,501,19809,499,499,naive
trees_500.newick,16,46,55273,501,20014,499,499,naive
trees_500.newick,16,47,54421,501,19922,499,499,naive
trees_500.newick,16,48,54179,501,19707,499,499,naive
trees_500.newick,16,49,54439,501,19782,499,499,naive
trees_500.newick,17,18,54787,501,19831,499,499,naive
trees_500.newick,17,19,55377,501,20360,499,499,naive
trees_500.newick,17,20,55444,501,19767,499,499,naive
trees_500.newick,17,21,55532,501,19914,499,499,naive
trees_500.newick,17,22,55472,501,20049,499,499,naive
trees_500.newick,17,23,53722,501,19834,499,499,naive
trees_500.newick,17,24,54833,501,19882,499,499,naive
trees_500.newick,17,25,54277,501,19903,499,499,naive
trees_500.newick,17,26,55504,501,20360,499,499,naive
trees_500.newick,17,27,53620,501,20086,499,499,naive
trees_500.newick,17,28,54642,501,19789,499,499,naive
trees_500.newick,17,29,54192,501,19884,499,499,naive
trees_500.newick,17,30,56032,501,20150,499,499,naive
trees_500.newick,17,31,55308,501,19858,499,499,naive
trees_500.newick,17,32,55891,501,19974,499,499,naive
trees_500.newick,17,33,55570,501,19855,499,499,naive
trees_500.newick,17,34,54902,501,19931,499,499,naive
trees_500.newick,17,35,55268,501,20073,499,499,naive
trees_500.newick,17,36,55234,501,19850,499,499,naive
trees_500.newick,17,37,54912,501,20297,499,499,naive
trees_500.newick,17,38,55590,501,20117,499,499,naive
trees_500.newick,17,39,55237,501,19751,499,499,naive
trees_500.newick,17,40,55482,501,19886,499,499,naive
trees_500.newick,17,41,54100,501,19819,499,499,naive
trees_500.newick,17,42,54968,501,20230,499,499,naive
trees_500.newick,17,43,56083,501,19785,499,499,naive
trees_500.newick,17,44,55271,501,19940,499,499,naive
trees_500.newick,17,45,55396,501,19888,499,499,naive
trees_500.newick,17,46,54706,501,19940,499,499,naive
trees_500.newick,17,47,53935,501,19527,499,499,naive
trees_500.newick,17,48,54589,501,19747,499,499,naive
trees_500.newick,17,49,56085,501,20052,499,499,naive
trees_500.newick,18,19,54120,501,19669,499,499,naive
trees_500.newick,18,20,55667,501,19849,499,499,naive
trees_500.newick,18,21,54363,501,19579,499,499,naive
trees_500.newick,18,22,54437,501,19716,499,499,naive
trees_500.newick,18,23,54919,501,20004,499,499,naive
trees_500.newick,18,24,55356,501,19720,499,499,naive
trees_500.newick,18,25,53925,501,19599,499,499,naive
trees_500.newick,18,26,54738,501,20007,499,499,naive
trees_500.newick,18,27,56896,501,19831,499,499,naive
trees_500.newick,18,28,54414,501,19921,499,499,naive
trees_500.newick,18,29,54657,501,19696,499,499,naive
trees_500.newick,18,30,55474,501,19739,499,499,naive
trees_500.newick,18,31,55542,501,19640,499,499,naive
trees_500.newick,18,32,54959,501,19394,499,499,naive
trees_500.newick,18,33,55488,501,19829,499,499,naive
trees_500.newick,18,34,54626,501,19865,499,499,naive
trees_500.newick,18,35,55498,501,19895,499,499,naive
trees_500.newick,18,36,56264,501,19553,499,499,naive
trees_500.newick,18,37,54458,501,19731,499,499,naive
trees_500.newick,18,38,55979,501,19769,499,499,naive
trees_500.newick,18,39,54633,501,19487,499,499,naive
trees_500.newick,18,40,54261,501,19688,499,499,naive
trees_500.newick,18,41,53725,501,20105,499,499,naive
trees_500.newick,18,42,55475,501,20042,499,499,naive
trees_500.newick,18,43,55516,501,19827,499,499,naive
trees_500.newick,18,44,54667,501,19856,499,499,naive
trees_500.newick,18,45,55465,501,19632,499,499,naive
trees_500.newick,18,46,54698,501,19910,499,499,naive
trees_500.newick,18,47,53999,501,19848,499,499,naive
trees_500.newick,18,48,53796,501,19900,499,499,naive
trees_500.newick,18,49,54487,501,19774,499,499,naive
trees_500.newick,19,20,54053,501,19828,499,499,naive
trees_500.newick,19,21,55775,501,19961,499,499,naive
trees_500.newick,19,22,54643,501,19983,499,499,naive
trees_500.newick,19,23,55416,501,19785,499,499,naive
trees_500.newick,19,24,56006,501,19873,499,499,naive
trees_500.newick,19,25,54833,501,19633,499,499,naive
trees_500.newick,19,26,53464,501,19652,499,499,naive
trees_500.newick,19,27,53933,501,19928,499,499,naive
trees_500.newick,19,28,55902,501,19786,499,499,naive
trees_500.newick,19,29,53650,501,19653,499,499,naive
trees_500.newick,19,30,55458,501,19807,499,499,naive
trees_500.newick,19,31,55012,501,19718,499,499,naive
trees_500.newick,19,32,55693,501,19501,499,499,naive
trees_500.newick,19,33,54151,501,19874,499,499,naive
trees_500.newick,19,34,55153,501,19866,499,499,naive
trees_500.newick,19,35,55241,501,19862,499,499,naive
trees_500.newick,19,36,54987,501,19649,499,499,naive
trees_500.newick,19,37,54734,501,19845,499,499,naive
trees_500.newick,19,38,55540,501,19707,499,499,naive
trees_500.newick,19,39,55274,501,19806,499,499,naive
trees_500.newick,19,40,55045,501,19451,499,499,naive
trees_500.newick,19,41,56311,501,19751,499,499,naive
trees_500.newick,19,42,55344,501,20057,499,499,naive
trees_500.newick,19,43,56875,501,19911,499,499,naive
trees_500.newick,19,44,54966,501,19978,499,499,naive
trees_500.newick,19,45,57482,501,19764,499,499,naive
trees_500.newick,19,46,55466,501,19908,499,499,naive
trees_500.newick,19,47,55896,501,19702,499,499,naive
trees_500.newick,19,48,54584,501,19815,499,499,naive
trees_500.newick,19,49,54298,501,19938,499,499,naive
trees_500.newick,20,21,55524,501,19744,499,499,naive
trees_500.newick,20,22,55614,501,19665,499,499,naive
trees_500.newick,20,23,54676,501,19535,499,499,naive
trees_500.newick,20,24,54786,501,19666,499,499,naive
trees_500.newick,20,25,55781,501,20163,499,499,naive
trees_500.newick,20,26,53864,501,19952,499,499,naive
trees_500.newick,20,27,55916,501,19585,499,499,naive
trees_500.newick,20,28,54199,501,19875,499,499,naive
trees_500.newick,20,29,54862,501,19578,499,499,naive
trees_500.newick,20,30,55691,501,19734,499,499,naive
trees_500.newick,20,31,55092,501,19681,499,499,naive
trees_500.newick,20,32,54883,501,19690,499,499,naive
trees_500.newick,20,33,56451,501,19804,499,499,naive
trees_500.newick,20,34,53803,501,19727,499,499,naive
trees_500.newick,20,35,55449,501,20086,499,499,naive
trees_500.newick,20,36,55938,501,19513,499,499,naive
trees_500.newick,20,37,55297,501,19996,499,499,naive
trees_500.newick,20,38,55899,501,19611,499,499,naive
trees_500.newick,20,39,57461,501,19952,499,499,naive
trees_500.newick,20,40,55215,501,19677,499,499,naive
trees_500.newick,20,41,55441,501,19704,499,499,naive
trees_500.newick,20,42,54257,501,19977,499,499,naive
trees_500.newick,20,43,55653,501,19670,499,499,naive
trees_500.newick,20,44,54729,501,19998,499,499,naive
trees_500.newick,20,45,54834,501,19920,499,499,naive
trees_500.newick,20,46,54639,501,19706,499,499,naive
trees_500.newick,20,47,55132,501,19745,499,499,naive
trees_500.newick,20,48,54623,501,19849,499,499,naive
trees_500.newick,20,49,54514,501,19896,499,499,naive
trees_500.newick,21,22,54912,501,19858,499,499,naive
trees_500.newick,21,23,55599,501,19800,499,499,naive
trees_500.newick,21,24,54924,501,19627,499,499,naive
trees_500.newick,21,25,54483,501,19851,499,499,naive
trees_500.newick,21,26,54207,501,19815,499,499,naive
trees_500.newick,21,27,56595,501,19822,499,499,naive
trees_500.newick,21,28,54760,501,19668,499,499,naive
trees_500.newick,21,29,54179,501,19615,499,499,naive
trees_500.newick,21,30,56103,501,19968,499,499,naive
trees_500.newick,21,31,55125,501,19388,499,499,naive
trees_500.newick,21,32,55321,501,19779,499,499,naive
trees_500.newick,21,33,54610,501,19605,499,499,naive
trees_500.newick,21,34,55968,501,19896,499,499,naive
trees_500.newick,21,35,55386,501,19890,499,499,naive
trees_500.newick,21,36,54184,501,19948,499,499,naive
trees_500.newick,21,37,55163,501,19836,499,499,naive
trees_500.newick,21,38,54301,501,19698,499,499,naive
trees_500.newick,21,39,54936,501,19657,499,499,naive
trees_500.newick,21,40,53155,501,19678,499,499,naive
trees_500.newick,21,41,54473,501,19680,499,499,naive
trees_500.newick,21,42,54868,501,19935,499,499,naive
trees_500.newick,21,43,55412,501,19900,499,499,naive
trees_500.newick,21,44,54137,501,19897,499,499,naive
trees_500.newick,21,45,54624,501,19702,499,499,naive
trees_500.newick,21,46,55561,501,19854,499,499,naive
trees_500.newick,21,47,54310,501,19552,499,499,naive
trees_500.newick,21,48,55804,501,20230,499,499,naive
trees_500.newick,21,49,54896,501,19848,499,499,naive
trees_500.newick,22,23,54811,501,19514,499,499,naive
trees_500.newick,22,24,55246,501,19501,499,499,naive
trees_500.newick,22,25,54389,501,19655,499,499,naive
trees_500.newick,22,26,54359,501,19793,499,499,naive
trees_500.newick,22,27,55351,501,19690,499,499,naive
trees_500.newick,22,28,55301,501,19746,499,499,naive
trees_500.newick,22,29,54379,501,19783,499,499,naive
trees_500.newick,22,30,55051,501,19787,499,499,naive
trees_500.newick,22,31,55419,501,19597,499,499,naive
trees_500.newick,22,32,57029,501,19727,499,499,naive
trees_500.newick,22,33,54592,501,19670,499,499,naive
trees_500.newick,22,34,55175,501,19858,499,499,naive
trees_500.newick,22,35,54975,501,19540,499,499,naive
trees_500.newick,22,36,54956,501,19709,499,499,naive
trees_500.newick,22,37,53872,501,19676,499,499,naive
trees_500.newick,22,38,54302,501,19842,499,499,naive
trees_500.newick,22,39,55058,501,19881,499,499,naive
trees_500.newick,22,40,54521,501,19578,499,499,naive
trees_500.newick,22,41,55012,501,19781,499,499,naive
trees_500.newick,22,42,55604,501,19925,499,499,naive
trees_500.newick,22,43,55836,501,19965,499,499,naive
trees_500.newick,22,44,54020,501,19855,499,499,naive
trees_500.newick,22,45,55630,501,19559,499,499,naive
trees_500.newick,22,46,55380,501,19806,499,499,naive
trees_500.newick,22,47,54978,501,19946,499,499,naive
trees_500.newick,22,48,54640,501,19822,499,499,naive
trees_500.newick,22,49,55447,501,20086,499,499,naive
trees_500.newick,23,24,55004,501,19725,499,499,naive
trees_500.newick,23,25,54588,501,19448,499,499,naive
trees_500.newick,23,26,54069,501,19712,499,499,naive
trees_500.newick,23,27,56146,501,19921,499,499,naive
trees_500.newick,23,28,55546,501,19707,499,499,naive
trees_500.newick,23,29,54530,501,19734,499,499,naive
trees_500.newick,23,30,57062,501,19990,499,499,naive
trees_500.newick,23,31,55446,501,19709,499,499,naive
trees_500.newick,23,32,55912,501,19866,499,499,naive
trees_500.newick,23,33,53639,501,19667,499,499,naive
trees_500.newick,23,34,54525,501,19841,499,499,naive
trees_500.newick,23,35,53968,501,19849,499,499,naive
trees_500.newick,23,36,54495,501,19468,499,499,naive
trees_500.newick,23,37,55560,501,20019,499,499,naive
trees_500.newick,23,38,54787,501,19761,499,499,naive
trees_500.newick,23,39,55069,501,19625,499,499,naive
trees_500.newick,23,40,54233,501,19704,499,499,naive
trees_500.newick,23,41,54394,501,19971,499,499,naive
trees_500.newick,23,42,54823,501,20145,499,499,naive
trees_500.newick,23,43,55737,501,19630,499,499,naive
trees_500.newick,23,44,55152,501,19846,499,499,naive
trees_500.newick,23,45,55605,501,19515,499,499,naive
trees_500.newick,23,46,54378,501,19704,499,499,naive
trees_500.newick,23,47,54559,501,19690,499,499,naive
trees_500.newick,23,48,56642,501,19582,499,499,naive
trees_500.newick,23,49,55825,501,19955,499,499,naive
trees_500.newick,24,25,54350,501,19725,499,499,naive
trees_500.newick,24,26,55174,501,19537,499,499,naive
trees_500.newick,24,27,54806,501,19668,499,499,naive
trees_500.newick,24,28,54680,501,19862,499,499,naive
trees_500.newick,24,29,55582,501,19610,499,499,naive
trees_500.newick,24,30,54376,501,19679,499,499,naive
trees_500.newick,24,31,54604,501,19615,499,499,naive
trees_500.newick,24,32,54857,501,19557,499,499,naive
trees_500.newick,24,33,55348,501,19581,499,499,naive
trees_500.newick,24,34,53858,501,19349,499,499,naive
trees_500.newick,24,35,54634,501,19688,499,499,naive
trees_500.newick,24,36,55513,501,19638,499,499,naive
trees_500.newick,24,37,55927,501,19669,499,499,naive
trees_500.newick,24,38,54102,501,19748,499,499,naive
trees_500.newick,24,39,55174,501,19279,499,499,naive
trees_500.newick,24,40,55355,501,19558,499,499,naive
trees_500.newick,24,41,54579,501,19664,499,499,naive
trees_500.newick,24,42,55071,501,19924,499,499,naive
trees_500.newick,24,43,54734,501,19536,499,499,naive
trees_500.newick,24,44,54885,501,19460,499,499,naive
trees_500.newick,24,45,54497,501,19558,499,499,naive
trees_500.newick,24,46,54794,501,19710,499,499,naive
trees_500.newick,24,47,54930,501,19746,499,499,naive
trees_500.newick,24,48,53723,501,19578,499,499,naive
trees_500.newick,24,49,54677,501,19953,499,499,naive
trees_500.newick,25,26,53738,501,19804,499,499,naive
trees_500.newick,25,27,55817,501,19861,499,499,naive
trees_500.newick,25,28,54011,501,19749,499,499,naive
trees_500.newick,25,29,54141,501,19690,499,499,naive
trees_500.newick,25,30,55022,501,19710,499,499,naive
trees_500.newick,25,31,55523,501,19498,499,499,naive
trees_500.newick,25,32,55564,501,19822,499,499,naive
trees_500.newick,25,33,55815,501,19798,499,499,naive
trees_500.newick,25,34,55538,501,19674,499,499,naive
trees_500.newick,25,35,54433,501,19791,499,499,naive
trees_500.newick,25,36,54796,501,19663,499,499,naive
trees_500.newick,25,37,54637,501,19726,499,499,naive
trees_500.newick,25,38,54669,501,19740,499,499,naive
trees_500.newick,25,39,54527,501,19504,499,499,naive
trees_500.newick,25,40,54503,501,19222,499,499,naive
trees_500.newick,25,41,53567,501,19872,499,499,naive
trees_500.newick,25,42,55788,501,19879,499,499,naive
trees_500.newick,25,43,57030,501,19864,499,499,naive
trees_500.newick,25,44,54891,501,19982,499,499,naive
trees_500.newick,25,45,55245,501,19910,499,499,naive
trees_500.newick,25,46,55104,501,19473,499,499,naive
trees_500.newick,25,47,54586,501,19749,499,499,naive
trees_500.newick,25,48,55341,501,19620,499,499,naive
trees_500.newick,25,49,54761,501,19680,499,499,naive
trees_500.newick,26,27,54618,501,19787,499,499,naive
trees_500.newick,26,28,56350,501,19569,499,499,naive
trees_500.newick,26,29,54112,501,19647,499,499,naive
trees_500.newick,26,30,55636,501,19843,499,499,naive
trees_500.newick,26,31,54893,501,19557,499,499,naive
trees_500.newick,26,32,55744,501,19953,499,499,naive
trees_500.newick,26,33,55035,501,19741,499,499,naive
trees_500.newick,26,34,55718,501,19930,499,499,naive
trees_500.newick,26,35,55031,501,19881,499,499,naive
trees_500.newick,26,36,54202,501,19594,499,499,naive
trees_500.newick,26,37,56236,501,20107,499,499,naive
trees_500.newick,26,38,54843,501,20065,499,499,naive
trees_500.newick,26,39,54808,501,19585,499,499,naive
trees_500.newick,26,40,56075,501,19957,499,499,naive
trees_500.newick,26,41,56283,501,20018,499,499,naive
trees_500.newick,26,42,54494,501,19825,499,499,naive
trees_500.newick,26,43,55734,501,19631,499,499,naive
trees_500.newick,26,44,54456,501,19856,499,499,naive
trees_500.newick,26,45,56633,501,19946,499,499,naive
trees_500.newick,26,46,56164,501,19817,499,499,naive
trees_500.newick,26,47,54459,501,19326,499,499,naive
trees_500.newick,26,48,54991,501,19942,499,499,naive
trees_500.newick,26,49,55120,501,19829,499,499,naive
trees_500.newick,27,28,54404,501,19604,499,499,naive
trees_500.newick,27,29,54960,501,19649,499,499,naive
trees_500.newick,27,30,56263,501,19812,499,499,naive
trees_500.newick,27,31,54442,501,19553,499,499,naive
trees_500.newick,27,32,54071,501,19230,499,499,naive
trees_500.newick,27,33,54375,501,19705,499,499,naive
trees_500.newick,27,34,55145,501,19735,499,499,naive
trees_500.newick,27,35,54672,501,20061,499,499,naive
trees_500.newick,27,36,55580,501,19846,499,499,naive
trees_500.newick,27,37,56879,501,19951,499,499,naive
trees_500.newick,27,38,53685,501,19860,499,499,naive
trees_500.newick,27,39,54821,501,19696,499,499,naive
trees_500.newick,27,40,55019,501,19774,499,499,naive
trees_500.newick,27,41,54329,501,19692,499,499,naive
trees_500.newick,27,42,54437,501,19763,499,499,naive
trees_500.newick,27,43,54473,501,19578,499,499,naive
trees_500.newick,27,44,53759,501,19816,499,499,naive
trees_500.newick,27,45,56616,501,19555,499,499,naive
trees_500.newick,27,46,54820,501,19980,499,499,naive
trees_500.newick,27,47,55116,501,19510,499,499,naive
trees_500.newick,27,48,53873,501,19873,499,499,naive
trees_500.newick,27,49,55310,501,19909,499,499,naive
trees_500.newick,28,29,54455,501,19510,499,499,naive
trees_500.newick,28,30,55650,501,19789,499,499,naive
trees_500.newick,28,31,55425,501,19691,499,499,naive
trees_500.newick,28,32,54896,501,19847,499,499,naive
trees_500.newick,28,33,54483,501,19394,499,499,naive
trees_500.newick,28,34,53790,501,19645,499,499,naive
trees_500.newick,28,35,57815,501,20056,499,499,naive
trees_500.newick,28,36,54835,501,19948,499,499,naive
trees_500.newick,28,37,55684,501,19933,499,499,naive
trees_500.newick,28,38,54618,501,20051,499,499,naive
trees_500.newick,28,39,55997,501,19823,499,499,naive
trees_500.newick,28,40,53971,501,19770,499,499,naive
trees_500.newick,28,41,55105,501,19667,499,499,naive
trees_500.newick,28,42,54743,501,19885,499,499,naive
trees_500.newick,28,43,55265,501,19811,499,499,naive
trees_500.newick,28,44,53954,501,20074,499,499,naive
trees_500.newick,28,45,55005,501,19758,499,499,naive
trees_500.newick,28,46,55078,501,19932,499,499,naive
trees_500.newick,28,47,53982,501,19760,499,499,naive
trees_500.newick,28,48,55497,501,19612,499,499,naive
trees_500.newick,28,49,55624,501,19778,499,499,naive
trees_500.newick,29,30,55967,501,19772,499,499,naive
trees_500.newick,29,31,54228,501,19720,499,499,naive
trees_500.newick,29,32,55806,501,19748,499,499,naive
trees_500.newick,29,33,55520,501,19762,499,499,naive
trees_500.newick,29,34,54949,501,19660,499,499,naive
trees_500.newick,29,35,55255,501,19899,499,499,naive
trees_500.newick,29,36,55044,501,19643,499,499,naive
trees_500.newick,29,37,54556,501,19648,499,499,naive
trees_500.newick,29,38,54600,501,19861,499,499,naive
trees_500.newick,29,39,56105,501,19325,499,499,naive
trees_500.newick,29,40,53579,501,19495,499,499,naive
trees_500.newick,29,41,55282,501,19658,499,499,naive
trees_500.newick,29,42,54582,501,19580,499,499,naive
trees_500.newick,29,43,56282,501,19836,499,499,naive
trees_500.newick,29,44,55282,501,19615,499,499,naive
trees_500.newick,29,45,54440,501,19446,499,499,naive
trees_500.newick,29,46,54158,501,19687,499,499,naive
trees_500.newick,29,47,54439,501,19800,499,499,naive
trees_500.newick,29,48,55416,501,19665,499,499,naive
trees_500.newick,29,49,54804,501,19989,499,499,naive
trees_500.newick,30,31,55532,501,19821,499,499,naive
trees_500.newick,30,32,55487,501,19529,499,499,naive
trees_500.newick,30,33,54377,501,19710,499,499,naive
trees_500.newick,30,34,54473,501,19838,499,499,naive
trees_500.newick,30,35,54858,501,19707,499,499,naive
trees_500.newick,30,36,54417,501,19544,499,499,naive
trees_500.newick,30,37,54539,501,19754,499,499,naive
trees_500.newick,30,38,56709,501,19795,499,499,naive
trees_500.newick,30,39,55999,501,19599,499,499,naive
trees_500.newick,30,40,55512,501,19709,499,499,naive
trees_500.newick,30,41,54416,501,19618,499,499,naive
trees_500.newick,30,42,62072,501,19913,499,499,naive
trees_500.newick,30,43,55124,501,19991,499,499,naive
trees_500.newick,30,44,55338,501,20028,499,499,naive
trees_500.newick,30,45,55594,501,19470,499,499,naive
trees_500.newick,30,46,55044,501,19671,499,499,naive
trees_500.newick,30,47,53917,501,19697,499,499,naive
trees_500.newick,30,48,54270,501,19347,499,499,naive
trees_500.newick,30,49,56608,501,19990,499,499,naive
trees_500.newick,31,32,55341,501,19910,499,499,naive
trees_500.newick,31,33,53919,501,19490,499,499,naive
trees_500.newick,31,34,53950,501,19806,499,499,naive
trees_500.newick,31,35,55639,501,19707,499,499,naive
trees_500.newick,31,36,55101,501,19634,499,499,naive
trees_500.newick,31,37,55043,501,19888,499,499,naive
trees_500.newick,31,38,54366,501,19657,499,499,naive
trees_500.newick,31,39,55273,501,19566,499,499,naive
trees_500.newick,31,40,55265,501,19617,499,499,naive
trees_500.newick,31,41,54396,501,19664,499,499,naive
trees_500.newick,31,42,55588,501,19495,499,499,naive
trees_500.newick,31,43,55260,501,19840,499,499,naive
trees_500.newick,31,44,55019,501,20156,499,499,naive
trees_500.newick,31,45,54867,501,19742,499,499,naive
trees_500.newick,31,46,56201,501,19547,499,499,naive
trees_500.newick,31,47,53848,501,19448,499,499,naive
trees_500.newick,31,48,53818,501,19542,499,499,naive
trees_500.newick,31,49,54093,501,19614,499,499,naive
trees_500.newick,32,33,54503,501,19752,499,499,naive
trees_500.newick,32,34,55453,501,19791,499,499,naive
trees_500.newick,32,35,54832,501,19776,499,499,naive
trees_500.newick,32,36,55574,501,19584,499,499,naive
trees_500.newick,32,37,54524,501,19593,499,499,naive
trees_500.newick,32,38,55729,501,19741,499,499,naive
trees_500.newick,32,39,55386,501,19707,499,499,naive
trees_500.newick,32,40,54700,501,19798,499,499,naive
trees_500.newick,32,41,54330,501,19954,499,499,naive
trees_500.newick,32,42,54909,501,19542,499,499,naive
trees_500.newick,32,43,55404,501,19598,499,499,naive
trees_500.newick,32,44,54752,501,19790,499,499,naive
trees_500.newick,32,45,56097,501,19766,499,499,naive
trees_500.newick,32,46,54535,501,19605,499,499,naive
trees_500.newick,32,47,54821,501,19982,499,499,naive
trees_500.newick,32,48,53635,501,19622,499,499,naive
trees_500.newick,32,49,55524,501,19803,499,499,naive
trees_500.newick,33,34,54630,501,19781,499,499,naive
trees_500.newick,33,35,55458,501,19583,499,499,naive
trees_500.newick,33,36,56899,501,19594,499,499,naive
trees_500.newick,33,37,55348,501,19555,499,499,naive
trees_500.newick,33,38,54680,501,19649,499,499,naive
trees_500.newick,33,39,56033,501,19551,499,499,naive
trees_500.newick,33,40,55172,501,19674,499,499,naive
trees_500.newick,33,41,54086,501,19618,499,499,naive
trees_500.newick,33,42,56184,501,19871,499,499,naive
trees_500.newick,33,43,55366,501,19770,499,499,naive
trees_500.newick,33,44,55007,501,19665,499,499,naive
trees_500.newick,33,45,56387,501,19930,499,499,naive
trees_500.newick,33,46,55299,501,19918,499,499,naive
trees_500.newick,33,47,53351,501,19625,499,499,naive
trees_500.newick,33,48,54264,501,19524,499,499,naive
trees_500.newick,33,49,54374,501,19809,499,499,naive
trees_500.newick,34,35,55076,501,19970,499,499,naive
trees_500.newick,34,36,54292,501,19365,499,499,naive
trees_500.newick,34,37,54422,501,19907,499,499,naive
trees_500.newick,34,38,54981,501,19914,499,499,naive
trees_500.newick,34,39,54577,501,19682,499,499,naive
trees_500.newick,34,40,55482,501,19736,499,499,naive
trees_500.newick,34,41,55018,501,19923,499,499,naive
trees_500.newick,34,42,55314,501,19779,499,499,naive
trees_500.newick,34,43,55241,501,19510,499,499,naive
trees_500.newick,34,44,54209,501,19879,499,499,naive
trees_500.newick,34,45,54999,501,19731,499,499,naive
trees_500.newick,34,46,55297,501,19905,499,499,naive
trees_500.newick,34,47,56962,501,19748,499,499,naive
trees_500.newick,34,48,54503,501,19850,499,499,naive
trees_500.newick,34,49,55468,501,19878,499,499,naive
trees_500.newick,35,36,54976,501,19480,499,499,naive
trees_500.newick,35,37,56146,501,19730,499,499,naive
trees_500.newick,35,38,53885,501,19937,499,499,naive
trees_500.newick,35,39,55578,501,20094,499,499,naive
trees_500.newick,35,40,54039,501,19860,499,499,naive
trees_500.newick,35,41,55635,501,19974,499,499,naive
trees_500.newick,35,42,55593,501,19989,499,499,naive
trees_500.newick,35,43,56877,501,19795,499,499,naive
trees_500.newick,35,44,55136,501,19969,499,499,naive
trees_500.newick,35,45,55200,501,19846,499,499,naive
trees_500.newick,35,46,54828,501,19784,499,499,naive
trees_500.newick,35,47,54947,501,19667,499,499,naive
trees_500.newick,35,48,55577,501,19810,499,499,naive
trees_500.newick,35,49,54545,501,19632,499,499,naive
trees_500.newick,36,37,56791,501,19644,499,499,naive
trees_500.newick,36,38,54030,501,19713,499,499,naive
trees_500.newick,36,39,55368,501,19496,499,499,naive
trees_500.newick,36,40,54097,501,19512,499,499,naive
trees_500.newick,36,41,54526,501,19800,499,499,naive
trees_500.newick,36,42,54428,501,19574,499,499,naive
trees_500.newick,36,43,55215,501,19529,499,499,naive
trees_500.newick,36,44,54831,501,19821,499,499,naive
trees_500.newick,36,45,54844,501,19626,499,499,naive
trees_500.newick,36,46,55201,501,19653,499,499,naive
trees_500.newick,36,47,53709,501,19533,499,499,naive
trees_500.newick,36,48,55118,501,19731,499,499,naive
trees_500.newick,36,49,54970,501,19682,499,499,naive
trees_500.newick,37,38,55021,501,19728,499,499,naive
trees_500.newick,37,39,55545,501,19587,499,499,naive
trees_500.newick,37,40,54918,501,19704,499,499,naive
trees_500.newick,37,41,54763,501,19645,499,499,naive
trees_500.newick,37,42,55645,501,20149,499,499,naive
trees_500.newick,37,43,55666,501,19965,499,499,naive
trees_500.newick,37,44,54551,501,20166,499,499,naive
trees_500.newick,37,45,55982,501,19912,499,499,naive
trees_500.newick,37,46,54148,501,20139,499,499,naive
trees_500.newick,37,47,56157,501,19790,499,499,naive
trees_500.newick,37,48,55153,501,20014,499,499,naive
trees_500.newick,37,49,55448,501,19753,499,499,naive
trees_500.newick,38,39,54380,501,19553,499,499,naive
trees_500.newick,38,40,54884,501,19697,499,499,naive
trees_500.newick,38,41,54785,501,19798,499,499,naive
trees_500.newick,38,42,55599,501,19800,499,499,naive
trees_500.newick,38,43,55972,501,19860,499,499,naive
trees_500.newick,38,44,54973,501,19943,499,499,naive
trees_500.newick,38,45,55443,501,19838,499,499,naive
trees_500.newick,38,46,55166,501,19663,499,499,naive
trees_500.newick,38,47,54889,501,19849,499,499,naive
trees_500.newick,38,48,54054,501,19816,499,499,naive
trees_500.newick,38,49,55267,501,19890,499,499,naive
trees_500.newick,39,40,53777,501,19776,499,499,naive
trees_500.newick,39,41,53242,501,19518,499,499,naive
trees_500.newick,39,42,54801,501,19744,499,499,naive
trees_500.newick,39,43,55193,501,19555,499,499,naive
trees_500.newick,39,44,54741,501,19842,499,499,naive
trees_500.newick,39,45,55405,501,19559,499,499,naive
trees_500.newick,39,46,54371,501,19228,499,499,naive
trees_500.newick,39,47,54967,501,19368,499,499,naive
trees_500.newick,39,48,55926,501,19710,499,499,naive
trees_500.newick,39,49,55024,501,19513,499,499,naive
trees_500.newick,40,41,55392,501,19632,499,499,naive
trees_500.newick,40,42,54733,501,19864,499,499,naive
trees_500.newick,40,43,55287,501,19772,499,499,naive
trees_500.newick,40,44,53795,501,19904,499,499,naive
trees_500.newick,40,45,54998,501,19798,499,499,naive
trees_500.newick,40,46,55107,501,19923,499,499,naive
trees_500.newick,40,47,57210,501,19808,499,499,naive
trees_500.newick,40,48,56107,501,19887,499,499,naive
trees_500.newick,40,49,55728,501,19860,499,499,naive
trees_500.newick,41,42,55050,501,19812,499,499,naive
trees_500.newick,41,43,56541,501,19579,499,499,naive
trees_500.newick,41,44,54597,501,20033,499,499,naive
trees_500.newick,41,45,54530,501,19878,499,499,naive
trees_500.newick,41,46,55260,501,19906,499,499,naive
trees_500.newick,41,47,54351,501,19435,499,499,naive
trees_500.newick,41,48,54991,501,19867,499,499,naive
trees_500.newick,41,49,54375,501,19741,499,499,naive
trees_500.newick,42,43,56348,501,19712,499,499,naive
trees_500.newick,42,44,54243,501,20110,499,499,naive
trees_500.newick,42,45,54634,501,19932,499,499,naive
trees_500.newick,42,46,54095,501,19926,499,499,naive
trees_500.newick,42,47,54755,501,19568,499,499,naive
trees_500.newick,42,48,54520,501,19751,499,499,naive
trees_500.newick,42,49,54973,501,19940,499,499,naive
trees_500.newick,43,44,53939,501,20116,499,499,naive
trees_500.newick,43,45,55242,501,19608,499,499,naive
trees_500.newick,43,46,54462,501,19510,499,499,naive
trees_500.newick,43,47,54477,501,19558,499,499,naive
trees_500.newick,43,48,53978,501,19601,499,499,naive
trees_500.newick,43,49,54502,501,19967,499,499,naive
trees_500.newick,44,45,55617,501,19790,499,499,naive
trees_500.newick,44,46,55520,501,20090,499,499,naive
trees_500.newick,44,47,54565,501,19805,499,499,naive
trees_500.newick,44,48,54612,501,19837,499,499,naive
trees_500.newick,44,49,56348,501,20076,499,499,naive
trees_500.newick,45,46,54578,501,19487,499,499,naive
trees_500.newick,45,47,55074,501,19526,499,499,naive
trees_500.newick,45,48,54233,501,19561,499,499,naive
trees_500.newick,45,49,54497,501,19684,499,499,naive
trees_500.newick,46,47,54525,501,19885,499,499,naive
trees_500.newick,46,48,54572,501,19831,499,499,naive
trees_500.newick,46,49,53828,501,19921,499,499,naive
trees_500.newick,47,48,54762,501,19474,499,499,naive
trees_500.newick,47,49,55075,501,20048,499,499,naive
trees_500.newick,48,49,55031,501,19994,499,499,naive
trees_50.newick,0,1,478,51,743,49,49,naive
trees_50.newick,0,2,469,51,729,49,49,naive
trees_50.newick,0,3,465,51,715,49,49,naive
trees_50.newick,0,4,460,51,711,49,49,naive
trees_50.newick,0,5,451,51,675,49,49,naive
trees_50.newick,0,6,453,51,702,49,49,naive
trees_50.newick,0,7,468,51,741,49,49,naive
trees_50.newick,0,8,476,51,687,49,49,naive
trees_50.newick,0,9,490,51,660,49,49,naive
trees_50.newick,0,10,480,51,716,49,49,naive
trees_50.newick,0,11,469,51,733,49,49,naive
trees_50.newick,0,12,476,51,738,49,49,naive
trees_50.newick,0,13,460,51,720,49,49,naive
trees_50.newick,0,14,453,51,697,49,49,naive
trees_50.newick,0,15,474,51,690,49,49,naive
trees_50.newick,0,16,877,51,747,49,49,naive
trees_50.newick,0,17,799,51,767,49,49,naive
trees_50.newick,0,18,798,51,718,49,49,naive
trees_50.newick,0,19,789,51,764,49,49,naive
trees_50.newick,0,20,774,51,704,49,49,naive
trees_50.newick,0,21,557,51,713,49,49,naive
trees_50.newick,0,22,471,51,761,49,49,naive
trees_50.newick,0,23,479,51,738,49,49,naive
trees_50.newick,0,24,466,51,732,49,49,naive
trees_50.newick,0,25,471,51,735,49,49,naive
trees_50.newick,0,26,762,51,716,49,49,naive
trees_50.newick,0,27,641,51,689,49,49,naive
trees_50.newick,0,28,1130,51,725,49,49,naive
trees_50.newick,0,29,911,51,701,49,49,naive
trees_50.newick,0,30,883,51,746,49,49,naive
trees_50.newick,0,31,585,51,775,49,49,naive
trees_50.newick,0,32,466,51,779,49,49,naive
trees_50.newick,0,33,459,51,721,49,49,naive
trees_50.newick,0,34,465,51,735,49,49,naive
trees_50.newick,0,35,454,51,660,49,49,naive
trees_50.newick,0,36,463,51,749,49,49,naive
trees_50.newick,0,37,457,51,713,49,49,naive
trees_50.newick,0,38,456,51,707,49,49,naive
trees_50.newick,0,39,459,51,667,49,49,naive
trees_50.newick,0,40,463,51,710,49,49,naive
trees_50.newick,0,41,481,51,746,49,49,naive
trees_50.newick,0,42,472,51,679,49,49,naive
trees_50.newick,0,43,826,51,733,49,49,naive
trees_50.newick,0,44,800,51,741,49,49,naive
trees_50.newick,0,45,629,51,746,49,49,naive
trees_50.newick,0,46,456,51,754,49,49,naive
trees_50.newick,0,47,463,51,701,49,49,naive
trees_50.newick,0,48,473,51,738,49,49,naive
trees_50.newick,0,49,464,51,703,49,49,naive
trees_50.newick,1,2,468,51,703,49,49,naive
trees_50.newick,1,3,484,51,712,49,49,naive
trees_50.newick,1,4,446,51,700,49,49,naive
trees_50.newick,1,5,446,51,664,49,49,naive
trees_50.newick,1,6,473,51,741,49,49,naive
trees_50.newick,1,7,468,51,750,49,49,naive
trees_50.newick,1,8,485,51,770,49,49,naive
trees_50.newick,1,9,463,51,706,49,49,naive
trees_50.newick,1,10,466,51,688,49,49,naive
trees_50.newick,1,11,451,51,699,49,49,naive
trees_50.newick,1,12,463,51,757,49,49,naive
trees_50.newick,1,13,663,51,711,49,49,naive
trees_50.newick,1,14,506,51,789,49,49,naive
trees_50.newick,1,15,483,51,730,49,49,naive
trees_50.newick,1,16,454,51,747,49,49,naive
trees_50.newick,1,17,458,51,698,49,49,naive
trees_50.newick,1,18,477,51,698,49,49,naive
trees_50.newick,1,19,463,51,754,49,49,naive
trees_50.newick,1,20,481,51,766,49,49,naive
trees_50.newick,1,21,459,51,694,49,49,naive
trees_50.newick,1,22,462,51,730,49,49,naive
trees_50.newick,1,23,476,51,767,49,49,naive
trees_50.newick,1,24,451,51,724,49,49,naive
trees_50.newick,1,25,462,51,729,49,49,naive
trees_50.newick,1,26,469,51,710,49,49,naive
trees_50.newick,1,27,456,51,714,49,49,naive
trees_50.newick,1,28,451,51,671,49,49,naive
trees_50.newick,1,29,472,51,713,49,49,naive
trees_50.newick,1,30,469,51,744,49,49,naive
trees_50.newick,1,31,468,51,746,49,49,naive
trees_50.newick,1,32,458,51,764,49,49,naive
trees_50.newick,1,33,471,51,705,49,49,naive
trees_50.newick,1,34,453,51,673,49,49,naive
trees_50.newick,1,35,467,51,720,49,49,naive
trees_50.newick,1,36,467,51,702,49,49,naive
trees_50.newick,1,37,485,51,739,49,49,naive
trees_50.newick,1,38,456,51,675,49,49,naive
trees_50.newick,1,39,462,51,661,49,49,naive
trees_50.newick,1,40,464,51,741,49,49,naive
trees_50.newick,1,41,479,51,744,49,49,naive
trees_50.newick,1,42,475,51,742,49,49,naive
trees_50.newick,1,43,465,51,738,49,49,naive
trees_50.newick,1,44,474,51,719,49,49,naive
trees_50.newick,1,45,480,51,740,49,49,naive
trees_50.newick,1,46,460,51,716,49,49,naive
trees_50.newick,1,47,465,51,653,49,49,naive
trees_50.newick,1,48,472,51,810,49,49,naive
trees_50.newick,1,49,472,51,779,49,49,naive
trees_50.newick,2,3,463,51,698,49,49,naive
trees_50.newick,2,4,448,51,686,49,49,naive
trees_50.newick,2,5,449,51,682,49,49,naive
trees_50.newick,2,6,761,51,713,49,49,naive
trees_50.newick,2,7,557,51,739,49,49,naive
trees_50.newick,2,8,507,51,774,49,49,naive
trees_50.newick,2,9,472,51,767,49,49,naive
trees_50.newick,2,10,466,51,687,49,49,naive
trees_50.newick,2,11,468,51,758,49,49,naive
trees_50.newick,2,12,458,51,709,49,49,naive
trees_50.newick,2,13,468,51,713,49,49,naive
trees_50.newick,2,14,465,51,705,49,49,naive
trees_50.newick,2,15,474,51,717,49,49,naive
trees_50.newick,2,16,466,51,703,49,49,naive
trees_50.newick,2,17,458,51,677,49,49,naive
trees_50.newick,2,18,463,51,697,49,49,naive
trees_50.newick,2,19,461,51,691,49,49,naive
trees_50.newick,2,20,446,51,664,49,49,naive
trees_50.newick,2,21,460,51,680,49,49,naive
trees_50.newick,2,22,471,51,748,49,49,naive
trees_50.newick,2,23,452,51,693,49,49,naive
trees_50.newick,2,24,464,51,730,49,49,naive
trees_50.newick,2,25,684,51,744,49,49,naive
trees_50.newick,2,26,862,51,756,49,49,naive
trees_50.newick,2,27,479,51,669,49,49,naive
trees_50.newick,2,28,475,51,711,49,49,naive
trees_50.newick,2,29,468,51,702,49,49,naive
trees_50.newick,2,30,465,51,694,49,49,naive
trees_50.newick,2,31,475,51,735,49,49,naive
trees_50.newick,2,32,457,51,765,49,49,naive
trees_50.newick,2,33,477,51,710,49,49,naive
trees_50.newick,2,34,451,51,660,49,49,naive
trees_50.newick,2,35,464,51,712,49,49,naive
trees_50.newick,2,36,467,51,696,49,49,naive
trees_50.newick,2,37,454,51,662,49,49,naive
trees_50.newick,2,38,457,51,696,49,49,naive
trees_50.newick,2,39,471,51,658,49,49,naive
trees_50.newick,2,40,457,51,712,49,49,naive
trees_50.newick,2,41,489,51,776,49,49,naive
trees_50.newick,2,42,482,51,740,49,49,naive
trees_50.newick,2,43,464,51,727,49,49,naive
trees_50.newick,2,44,466,51,671,49,49,naive
trees_50.newick,2,45,471,51,645,49,49,naive
trees_50.newick,2,46,465,51,702,49,49,naive
trees_50.newick,2,47,470,51,693,49,49,naive
trees_50.newick,2,48,454,51,742,49,49,naive
trees_50.newick,2,49,458,51,713,49,49,naive
trees_50.newick,3,4,453,51,714,49,49,naive
trees_50.newick,3,5,456,51,690,49,49,naive
trees_50.newick,3,6,1132,51,733,49,49,naive
trees_50.newick,3,7,481,51,732,49,49,naive
trees_50.newick,3,8,470,51,754,49,49,naive
trees_50.newick,3,9,450,51,667,49,49,naive
trees_50.newick,3,10,462,51,745,49,49,naive
trees_50.newick,3,11,452,51,713,49,49,naive
trees_50.newick,3,12,462,51,765,49,49,naive
trees_50.newick,3,13,462,51,732,49,49,naive
trees_50.newick,3,14,453,51,667,49,49,naive
trees_50.newick,3,15,480,51,699,49,49,naive
trees_50.newick,3,16,471,51,782,49,49,naive
trees_50.newick,3,17,474,51,744,49,49,naive
trees_50.newick,3,18,502,51,734,49,49,naive
trees_50.newick,3,19,468,51,781,49,49,naive
trees_50.newick,3,20,484,51,705,49,49,naive
trees_50.newick,3,21,457,51,692,49,49,naive
trees_50.newick,3,22,460,51,652,49,49,naive
trees_50.newick,3,23,469,51,729,49,49,naive
trees_50.newick,3,24,458,51,739,49,49,naive
trees_50.newick,3,25,467,51,722,49,49,naive
trees_50.newick,3,26,467,51,734,49,49,naive
trees_50.newick,3,27,450,51,683,49,49,naive
trees_50.newick,3,28,476,51,717,49,49,naive
trees_50.newick,3,29,459,51,717,49,49,naive
trees_50.newick,3,30,458,51,719,49,49,naive
trees_50.newick,3,31,484,51,788,49,49,naive
trees_50.newick,3,32,455,51,699,49,49,naive
trees_50.newick,3,33,477,51,738,49,49,naive
trees_50.newick,3,34,451,51,679,49,49,naive
trees_50.newick,3,35,457,51,645,49,49,naive
trees_50.newick,3,36,464,51,726,49,49,naive
trees_50.newick,3,37,468,51,754,49,49,naive
trees_50.newick,3,38,456,51,737,49,49,naive
trees_50.newick,3,39,469,51,711,49,49,naive
trees_50.newick,3,40,458,51,716,49,49,naive
trees_50.newick,3,41,483,51,744,49,49,naive
trees_50.newick,3,42,479,51,681,49,49,naive
trees_50.newick,3,43,464,51,695,49,49,naive
trees_50.newick,3,44,484,51,732,49,49,naive
trees_50.newick,3,45,477,51,694,49,49,naive
trees_50.newick,3,46,482,51,760,49,49,naive
trees_50.newick,3,47,478,51,744,49,49,naive
trees_50.newick,3,48,486,51,613,49,49,naive
trees_50.newick,3,49,498,51,680,49,49,naive
trees_50.newick,4,5,450,51,724,49,49,naive
trees_50.newick,4,6,459,51,728,49,49,naive
trees_50.newick,4,7,477,51,767,49,49,naive
trees_50.newick,4,8,465,51,809,49,49,naive
trees_50.newick,4,9,476,51,760,49,49,naive
trees_50.newick,4,10,481,51,766,49,49,naive
trees_50.newick,4,11,461,51,755,49,49,naive
trees_50.newick,4,12,469,51,752,49,49,naive
trees_50.newick,4,13,452,51,649,49,49,naive
trees_50.newick,4,14,488,51,735,49,49,naive
trees_50.newick,4,15,475,51,733,49,49,naive
trees_50.newick,4,16,454,51,653,49,49,naive
trees_50.newick,4,17,463,51,694,49,49,naive
trees_50.newick,4,18,484,51,763,49,49,naive
trees_50.newick,4,19,462,51,740,49,49,naive
trees_50.newick,4,20,471,51,721,49,49,naive
trees_50.newick,4,21,473,51,686,49,49,naive
trees_50.newick,4,22,462,51,691,49,49,naive
trees_50.newick,4,23,460,51,684,49,49,naive
trees_50.newick,4,24,519,51,743,49,49,naive
trees_50.newick,4,25,473,51,738,49,49,naive
trees_50.newick,4,26,472,51,706,49,49,naive
trees_50.newick,4,27,467,51,700,49,49,naive
trees_50.newick,4,28,466,51,719,49,49,naive
trees_50.newick,4,29,470,51,754,49,49,naive
trees_50.newick,4,30,467,51,730,49,49,naive
trees_50.newick,4,31,474,51,742,49,49,naive
trees_50.newick,4,32,463,51,752,49,49,naive
trees_50.newick,4,33,467,51,727,49,49,naive
trees_50.newick,4,34,458,51,700,49,49,naive
trees_50.newick,4,35,464,51,684,49,49,naive
trees_50.newick,4,36,463,51,661,49,49,naive
trees_50.newick,4,37,471,51,759,49,49,naive
trees_50.newick,4,38,454,51,694,49,49,naive
trees_50.newick,4,39,453,51,681,49,49,naive
trees_50.newick,4,40,455,51,692,49,49,naive
trees_50.newick,4,41,483,51,743,49,49,naive
trees_50.newick,4,42,477,51,697,49,49,naive
trees_50.newick,4,43,475,51,733,49,49,naive
trees_50.newick,4,44,481,51,710,49,49,naive
trees_50.newick,4,45,508,51,670,49,49,naive
trees_50.newick,4,46,477,51,775,49,49,naive
trees_50.newick,4,47,477,51,701,49,49,naive
trees_50.newick,4,48,457,51,682,49,49,naive
trees_50.newick,4,49,462,51,711,49,49,naive
trees_50.newick,5,6,465,51,726,49,49,naive
trees_50.newick,5,7,463,51,678,49,49,naive
trees_50.newick,5,8,462,51,651,49,49,naive
trees_50.newick,5,9,461,51,677,49,49,naive
trees_50.newick,5,10,464,51,687,49,49,naive
trees_50.newick,5,11,452,51,692,49,49,naive
trees_50.newick,5,12,463,51,695,49,49,naive
trees_50.newick,5,13,467,51,701,49,49,naive
trees_50.newick,5,14,449,51,699,49,49,naive
trees_50.newick,5,15,474,51,707,49,49,naive
trees_50.newick,5,16,462,51,701,49,49,naive
trees_50.newick,5,17,458,51,704,49,49,naive
trees_50.newick,5,18,468,51,701,49,49,naive
trees_50.newick,5,19,457,51,702,49,49,naive
trees_50.newick,5,20,461,51,662,49,49,naive
trees_50.newick,5,21,525,51,717,49,49,naive
trees_50.newick,5,22,459,51,741,49,49,naive
trees_50.newick,5,23,456,51,723,49,49,naive
trees_50.newick,5,24,452,51,665,49,49,naive
trees_50.newick,5,25,461,51,688,49,49,naive
trees_50.newick,5,26,457,51,665,49,49,naive
trees_50.newick,5,27,454,51,669,49,49,naive
trees_50.newick,5,28,459,51,644,49,49,naive
trees_50.newick,5,29,471,51,750,49,49,naive
trees_50.newick,5,30,461,51,738,49,49,naive
trees_50.newick,5,31,470,51,726,49,49,naive
trees_50.newick,5,32,451,51,718,49,49,naive
trees_50.newick,5,33,478,51,661,49,49,naive
trees_50.newick,5,34,458,51,726,49,49,naive
trees_50.newick,5,35,455,51,673,49,49,naive
trees_50.newick,5,36,456,51,707,49,49,naive
trees_50.newick,5,37,455,51,662,49,49,naive
trees_50.newick,5,38,453,51,700,49,49,naive
trees_50.newick,5,39,458,51,680,49,49,naive
trees_50.newick,5,40,458,51,741,49,49,naive
trees_50.newick,5,41,482,51,695,49,49,naive
trees_50.newick,5,42,479,51,695,49,49,naive
trees_50.newick,5,43,457,51,713,49,49,naive
trees_50.newick,5,44,476,51,704,49,49,naive
trees_50.newick,5,45,477,51,734,49,49,naive
trees_50.newick,5,46,454,51,726,49,49,naive
trees_50.newick,5,47,539,51,706,49,49,naive
trees_50.newick,5,48,471,51,660,49,49,naive
trees_50.newick,5,49,455,51,685,49,49,naive
trees_50.newick,6,7,448,51,648,49,49,naive
trees_50.newick,6,8,482,51,752,49,49,naive
trees_50.newick,6,9,459,51,659,49,49,naive
trees_50.newick,6,10,472,51,750,49,49,naive
trees_50.newick,6,11,448,51,627,49,49,naive
trees_50.newick,6,12,463,51,733,49,49,naive
trees_50.newick,6,13,470,51,754,49,49,naive
trees_50.newick,6,14,466,51,736,49,49,naive
trees_50.newick,6,15,472,51,686,49,49,naive
trees_50.newick,6,16,459,51,721,49,49,naive
trees_50.newick,6,17,467,51,719,49,49,naive
trees_50.newick,6,18,474,51,776,49,49,naive
trees_50.newick,6,19,479,51,738,49,49,naive
trees_50.newick,6,20,464,51,729,49,49,naive
trees_50.newick,6,21,450,51,691,49,49,naive
trees_50.newick,6,22,471,51,778,49,49,naive
trees_50.newick,6,23,464,51,736,49,49,naive
trees_50.newick,6,24,462,51,761,49,49,naive
trees_50.newick,6,25,734,51,746,49,49,naive
trees_50.newick,6,26,730,51,700,49,49,naive
trees_50.newick,6,27,487,51,696,49,49,naive
trees_50.newick,6,28,484,51,684,49,49,naive
trees_50.newick,6,29,464,51,671,49,49,naive
trees_50.newick,6,30,473,51,759,49,49,naive
trees_50.newick,6,31,470,51,743,49,49,naive
trees_50.newick,6,32,457,51,807,49,49,naive
trees_50.newick,6,33,467,51,726,49,49,naive
trees_50.newick,6,34,454,51,707,49,49,naive
trees_50.newick,6,35,465,51,654,49,49,naive
trees_50.newick,6,36,479,51,722,49,49,naive
trees_50.newick,6,37,458,51,702,49,49,naive
trees_50.newick,6,38,461,51,676,49,49,naive
trees_50.newick,6,39,468,51,652,49,49,naive
trees_50.newick,6,40,458,51,689,49,49,naive
trees_50.newick,6,41,482,51,778,49,49,naive
trees_50.newick,6,42,485,51,734,49,49,naive
trees_50.newick,6,43,580,51,647,49,49,naive
trees_50.newick,6,44,475,51,686,49,49,naive
trees_50.newick,6,45,665,51,734,49,49,naive
trees_50.newick,6,46,493,51,778,49,49,naive
trees_50.newick,6,47,506,51,744,49,49,naive
trees_50.newick,6,48,456,51,745,49,49,naive
trees_50.newick,6,49,460,51,720,49,49,naive
trees_50.newick,7,8,469,51,741,49,49,naive
trees_50.newick,7,9,461,51,670,49,49,naive
trees_50.newick,7,10,477,51,706,49,49,naive
trees_50.newick,7,11,470,51,694,49,49,naive
trees_50.newick,7,12,460,51,666,49,49,naive
trees_50.newick,7,13,456,51,671,49,49,naive
trees_50.newick,7,14,455,51,674,49,49,naive
trees_50.newick,7,15,472,51,715,49,49,naive
trees_50.newick,7,16,459,51,700,49,49,naive
trees_50.newick,7,17,462,51,731,49,49,naive
trees_50.newick,7,18,471,51,676,49,49,naive
trees_50.newick,7,19,501,51,648,49,49,naive
trees_50.newick,7,20,471,51,730,49,49,naive
trees_50.newick,7,21,479,51,711,49,49,naive
trees_50.newick,7,22,479,51,737,49,49,naive
trees_50.newick,7,23,458,51,720,49,49,naive
trees_50.newick,7,24,470,51,745,49,49,naive
trees_50.newick,7,25,472,51,712,49,49,naive
trees_50.newick,7,26,462,51,677,49,49,naive
trees_50.newick,7,27,475,51,752,49,49,naive
trees_50.newick,7,28,454,51,701,49,49,naive
trees_50.newick,7,29,483,51,724,49,49,naive
trees_50.newick,7,30,466,51,719,49,49,naive
trees_50.newick,7,31,467,51,694,49,49,naive
trees_50.newick,7,32,467,51,758,49,49,naive
trees_50.newick,7,33,467,51,675,49,49,naive
trees_50.newick,7,34,461,51,677,49,49,naive
trees_50.newick,7,35,462,51,706,49,49,naive
trees_50.newick,7,36,460,51,698,49,49,naive
trees_50.newick,7,37,456,51,662,49,49,naive
trees_50.newick,7,38,448,51,697,49,49,naive
trees_50.newick,7,39,515,51,699,49,49,naive
trees_50.newick,7,40,460,51,730,49,49,naive
trees_50.newick,7,41,482,51,758,49,49,naive
trees_50.newick,7,42,468,51,609,49,49,naive
trees_50.newick,7,43,459,51,704,49,49,naive
trees_50.newick,7,44,483,51,740,49,49,naive
trees_50.newick,7,45,485,51,727,49,49,naive
trees_50.newick,7,46,650,51,718,49,49,naive
trees_50.newick,7,47,493,51,686,49,49,naive
trees_50.newick,7,48,468,51,745,49,49,naive
trees_50.newick,7,49,447,51,708,49,49,naive
trees_50.newick,8,9,492,51,725,49,49,naive
trees_50.newick,8,10,475,51,718,49,49,naive
trees_50.newick,8,11,472,51,745,49,49,naive
trees_50.newick,8,12,466,51,782,49,49,naive
trees_50.newick,8,13,468,51,736,49,49,naive
trees_50.newick,8,14,475,51,777,49,49,naive
trees_50.newick,8,15,470,51,728,49,49,naive
trees_50.newick,8,16,472,51,693,49,49,naive
trees_50.newick,8,17,465,51,759,49,49,naive
trees_50.newick,8,18,517,51,760,49,49,naive
trees_50.newick,8,19,504,51,766,49,49,naive
trees_50.newick,8,20,475,51,727,49,49,naive
trees_50.newick,8,21,472,51,761,49,49,naive
trees_50.newick,8,22,467,51,760,49,49,naive
trees_50.newick,8,23,453,51,721,49,49,naive
trees_50.newick,8,24,453,51,649,49,49,naive
trees_50.newick,8,25,468,51,679,49,49,naive
trees_50.newick,8,26,461,51,680,49,49,naive
trees_50.newick,8,27,456,51,710,49,49,naive
trees_50.newick,8,28,458,51,689,49,49,naive
trees_50.newick,8,29,462,51,697,49,49,naive
trees_50.newick,8,30,470,51,761,49,49,naive
trees_50.newick,8,31,469,51,763,49,49,naive
trees_50.newick,8,32,455,51,786,49,49,naive
trees_50.newick,8,33,476,51,726,49,49,naive
trees_50.newick,8,34,459,51,725,49,49,naive
trees_50.newick,8,35,460,51,699,49,49,naive
trees_50.newick,8,36,470,51,757,49,49,naive
trees_50.newick,8,37,477,51,699,49,49,naive
trees_50.newick,8,38,477,51,709,49,49,naive
trees_50.newick,8,39,472,51,752,49,49,naive
trees_50.newick,8,40,453,51,731,49,49,naive
trees_50.newick,8,41,478,51,726,49,49,naive
trees_50.newick,8,42,477,51,726,49,49,naive
trees_50.newick,8,43,473,51,747,49,49,naive
trees_50.newick,8,44,473,51,707,49,49,naive
trees_50.newick,8,45,480,51,700,49,49,naive
trees_50.newick,8,46,465,51,728,49,49,naive
trees_50.newick,8,47,466,51,719,49,49,naive
trees_50.newick,8,48,460,51,753,49,49,naive
trees_50.newick,8,49,466,51,729,49,49,naive
trees_50.newick,9,10,468,51,712,49,49,naive
trees_50.newick,9,11,457,51,708,49,49,naive
trees_50.newick,9,12,472,51,775,49,49,naive
trees_50.newick,9,13,462,51,712,49,49,naive
trees_50.newick,9,14,476,51,760,49,49,naive
trees_50.newick,9,15,468,51,672,49,49,naive
trees_50.newick,9,16,476,51,703,49,49,naive
trees_50.newick,9,17,465,51,714,49,49,naive
trees_50.newick,9,18,466,51,703,49,49,naive
trees_50.newick,9,19,477,51,756,49,49,naive
trees_50.newick,9,20,464,51,689,49,49,naive
trees_50.newick,9,21,458,51,685,49,49,naive
trees_50.newick,9,22,461,51,738,49,49,naive
trees_50.newick,9,23,467,51,759,49,49,naive
trees_50.newick,9,24,461,51,736,49,49,naive
trees_50.newick,9,25,487,51,756,49,49,naive
trees_50.newick,9,26,464,51,664,49,49,naive
trees_50.newick,9,27,462,51,737,49,49,naive
trees_50.newick,9,28,466,51,752,49,49,naive
trees_50.newick,9,29,475,51,708,49,49,naive
trees_50.newick,9,30,471,51,723,49,49,naive
trees_50.newick,9,31,473,51,767,49,49,naive
trees_50.newick,9,32,468,51,761,49,49,naive
trees_50.newick,9,33,451,51,640,49,49,naive
trees_50.newick,9,34,463,51,760,49,49,naive
trees_50.newick,9,35,477,51,716,49,49,naive
trees_50.newick,9,36,478,51,753,49,49,naive
trees_50.newick,9,37,470,51,729,49,49,naive
trees_50.newick,9,38,472,51,751,49,49,naive
trees_50.newick,9,39,470,51,756,49,49,naive
trees_50.newick,9,40,462,51,697,49,49,naive
trees_50.newick,9,41,485,51,758,49,49,naive
trees_50.newick,9,42,474,51,701,49,49,naive
trees_50.newick,9,43,473,51,692,49,49,naive
trees_50.newick,9,44,491,51,792,49,49,naive
trees_50.newick,9,45,487,51,661,49,49,naive
trees_50.newick,9,46,449,51,708,49,49,naive
trees_50.newick,9,47,464,51,707,49,49,naive
trees_50.newick,9,48,468,51,755,49,49,naive
trees_50.newick,9,49,449,51,688,49,49,naive
trees_50.newick,10,11,456,51,737,49,49,naive
trees_50.newick,10,12,474,51,711,49,49,naive
trees_50.newick,10,13,471,51,719,49,49,naive
trees_50.newick,10,14,458,51,681,49,49,naive
trees_50.newick,10,15,470,51,728,49,49,naive
trees_50.newick,10,16,453,51,699,49,49,naive
trees_50.newick,10,17,467,51,734,49,49,naive
trees_50.newick,10,18,468,51,710,49,49,naive
trees_50.newick,10,19,474,51,716,49,49,naive
trees_50.newick,10,20,458,51,681,49,49,naive
trees_50.newick,10,21,453,51,697,49,49,naive
trees_50.newick,10,22,466,51,764,49,49,naive
trees_50.newick,10,23,466,51,760,49,49,naive
trees_50.newick,10,24,449,51,737,49,49,naive
trees_50.newick,10,25,469,51,733,49,49,naive
trees_50.newick,10,26,461,51,714,49,49,naive
trees_50.newick,10,27,465,51,706,49,49,naive
trees_50.newick,10,28,463,51,733,49,49,naive
trees_50.newick,10,29,466,51,703,49,49,naive
trees_50.newick,10,30,491,51,706,49,49,naive
trees_50.newick,10,31,461,51,749,49,49,naive
trees_50.newick,10,32,469,51,794,49,49,naive
trees_50.newick,10,33,471,51,747,49,49,naive
trees_50.newick,10,34,456,51,698,49,49,naive
trees_50.newick,10,35,459,51,633,49,49,naive
trees_50.newick,10,36,495,51,758,49,49,naive
trees_50.newick,10,37,455,51,702,49,49,naive
trees_50.newick,10,38,460,51,698,49,49,naive
trees_50.newick,10,39,463,51,740,49,49,naive
trees_50.newick,10,40,464,51,755,49,49,naive
trees_50.newick,10,41,470,51,696,49,49,naive
trees_50.newick,10,42,485,51,768,49,49,naive
trees_50.newick,10,43,462,51,720,49,49,naive
trees_50.newick,10,44,467,51,725,49,49,naive
trees_50.newick,10,45,474,51,732,49,49,naive
trees_50.newick,10,46,456,51,734,49,49,naive
trees_50.newick,10,47,463,51,671,49,49,naive
trees_50.newick,10,48,467,51,755,49,49,naive
trees_50.newick,10,49,457,51,705,49,49,naive
trees_50.newick,11,12,483,51,732,49,49,naive
trees_50.newick,11,13,469,51,702,49,49,naive
trees_50.newick,11,14,453,51,673,49,49,naive
trees_50.newick,11,15,475,51,735,49,49,naive
trees_50.newick,11,16,470,51,773,49,49,naive
trees_50.newick,11,17,459,51,693,49,49,naive
trees_50.newick,11,18,552,51,755,49,49,naive
trees_50.newick,11,19,449,51,641,49,49,naive
trees_50.newick,11,20,477,51,734,49,49,naive
trees_50.newick,11,21,471,51,753,49,49,naive
trees_50.newick,11,22,460,51,703,49,49,naive
trees_50.newick,11,23,463,51,770,49,49,naive
trees_50.newick,11,24,471,51,745,49,49,naive
trees_50.newick,11,25,474,51,749,49,49,naive
trees_50.newick,11,26,464,51,734,49,49,naive
trees_50.newick,11,27,466,51,776,49,49,naive
trees_50.newick,11,28,459,51,700,49,49,naive
trees_50.newick,11,29,481,51,769,49,49,naive
trees_50.newick,11,30,460,51,705,49,49,naive
trees_50.newick,11,31,493,51,779,49,49,naive
trees_50.newick,11,32,464,51,781,49,49,naive
trees_50.newick,11,33,471,51,720,49,49,naive
trees_50.newick,11,34,473,51,757,49,49,naive
trees_50.newick,11,35,457,51,681,49,49,naive
trees_50.newick,11,36,489,51,738,49,49,naive
trees_50.newick,11,37,466,51,752,49,49,naive
trees_50.newick,11,38,454,51,685,49,49,naive
trees_50.newick,11,39,471,51,726,49,49,naive
trees_50.newick,11,40,465,51,771,49,49,naive
trees_50.newick,11,41,481,51,808,49,49,naive
trees_50.newick,11,42,479,51,703,49,49,naive
trees_50.newick,11,43,471,51,788,49,49,naive
trees_50.newick,11,44,489,51,768,49,49,naive
trees_50.newick,11,45,484,51,720,49,49,naive
trees_50.newick,11,46,458,51,715,49,49,naive
trees_50.newick,11,47,480,51,750,49,49,naive
trees_50.newick,11,48,453,51,746,49,49,naive
trees_50.newick,11,49,455,51,752,49,49,naive
trees_50.newick,12,13,472,51,741,49,49,naive
trees_50.newick,12,14,535,51,700,49,49,naive
trees_50.newick,12,15,478,51,739,49,49,naive
trees_50.newick,12,16,477,51,759,49,49,naive
trees_50.newick,12,17,461,51,744,49,49,naive
trees_50.newick,12,18,482,51,789,49,49,naive
trees_50.newick,12,19,461,51,722,49,49,naive
trees_50.newick,12,20,467,51,722,49,49,naive
trees_50.newick,12,21,465,51,713,49,49,naive
trees_50.newick,12,22,504,51,759,49,49,naive
trees_50.newick,12,23,560,51,734,49,49,naive
trees_50.newick,12,24,458,51,756,49,49,naive
trees_50.newick,12,25,463,51,748,49,49,naive
trees_50.newick,12,26,476,51,749,49,49,naive
trees_50.newick,12,27,455,51,712,49,49,naive
trees_50.newick,12,28,464,51,730,49,49,naive
trees_50.newick,12,29,478,51,806,49,49,naive
trees_50.newick,12,30,463,51,713,49,49,naive
trees_50.newick,12,31,471,51,735,49,49,naive
trees_50.newick,12,32,475,51,800,49,49,naive
trees_50.newick,12,33,462,51,687,49,49,naive
trees_50.newick,12,34,529,51,746,49,49,naive
trees_50.newick,12,35,475,51,683,49,49,naive
trees_50.newick,12,36,471,51,717,49,49,naive
trees_50.newick,12,37,464,51,754,49,49,naive
trees_50.newick,12,38,464,51,698,49,49,naive
trees_50.newick,12,39,474,51,714,49,49,naive
trees_50.newick,12,40,463,51,782,49,49,naive
trees_50.newick,12,41,491,51,838,49,49,naive
trees_50.newick,12,42,473,51,712,49,49,naive
trees_50.newick,12,43,463,51,741,49,49,naive
trees_50.newick,12,44,479,51,716,49,49,naive
trees_50.newick,12,45,483,51,718,49,49,naive
trees_50.newick,12,46,455,51,721,49,49,naive
trees_50.newick,12,47,476,51,713,49,49,naive
trees_50.newick,12,48,453,51,711,49,49,naive
trees_50.newick,12,49,466,51,766,49,49,naive
trees_50.newick,13,14,466,51,728,49,49,naive
trees_50.newick,13,15,473,51,695,49,49,naive
trees_50.newick,13,16,453,51,674,49,49,naive
trees_50.newick,13,17,465,51,723,49,49,naive
trees_50.newick,13,18,477,51,689,49,49,naive
trees_50.newick,13,19,454,51,678,49,49,naive
trees_50.newick,13,20,455,51,701,49,49,naive
trees_50.newick,13,21,466,51,704,49,49,naive
trees_50.newick,13,22,459,51,737,49,49,naive
trees_50.newick,13,23,454,51,679,49,49,naive
trees_50.newick,13,24,463,51,707,49,49,naive
trees_50.newick,13,25,463,51,723,49,49,naive
trees_50.newick,13,26,466,51,681,49,49,naive
trees_50.newick,13,27,462,51,648,49,49,naive
trees_50.newick,13,28,465,51,743,49,49,naive
trees_50.newick,13,29,478,51,716,49,49,naive
trees_50.newick,13,30,468,51,699,49,49,naive
trees_50.newick,13,31,466,51,718,49,49,naive
trees_50.newick,13,32,474,51,778,49,49,naive
trees_50.newick,13,33,470,51,689,49,49,naive
trees_50.newick,13,34,463,51,712,49,49,naive
trees_50.newick,13,35,463,51,705,49,49,naive
trees_50.newick,13,36,460,51,710,49,49,naive
trees_50.newick,13,37,464,51,699,49,49,naive
trees_50.newick,13,38,454,51,677,49,49,naive
trees_50.newick,13,39,464,51,683,49,49,naive
trees_50.newick,13,40,485,51,737,49,49,naive
trees_50.newick,13,41,482,51,765,49,49,naive
trees_50.newick,13,42,475,51,656,49,49,naive
trees_50.newick,13,43,467,51,750,49,49,naive
trees_50.newick,13,44,467,51,670,49,49,naive
trees_50.newick,13,45,479,51,737,49,49,naive
trees_50.newick,13,46,443,51,683,49,49,naive
trees_50.newick,13,47,483,51,748,49,49,naive
trees_50.newick,13,48,462,51,682,49,49,naive
trees_50.newick,13,49,461,51,751,49,49,naive
trees_50.newick,14,15,485,51,764,49,49,naive
trees_50.newick,14,16,462,51,688,49,49,naive
trees_50.newick,14,17,471,51,692,49,49,naive
trees_50.newick,14,18,473,51,692,49,49,naive
trees_50.newick,14,19,455,51,711,49,49,naive
trees_50.newick,14,20,467,51,729,49,49,naive
trees_50.newick,14,21,459,51,702,49,49,naive
trees_50.newick,14,22,460,51,720,49,49,naive
trees_50.newick,14,23,474,51,734,49,49,naive
trees_50.newick,14,24,445,51,705,49,49,naive
trees_50.newick,14,25,469,51,701,49,49,naive
trees_50.newick,14,26,467,51,706,49,49,naive
trees_50.newick,14,27,458,51,693,49,49,naive
trees_50.newick,14,28,455,51,699,49,49,naive
trees_50.newick,14,29,469,51,715,49,49,naive
trees_50.newick,14,30,458,51,710,49,49,naive
trees_50.newick,14,31,464,51,704,49,49,naive
trees_50.newick,14,32,460,51,784,49,49,naive
trees_50.newick,14,33,470,51,739,49,49,naive
trees_50.newick,14,34,465,51,684,49,49,naive
trees_50.newick,14,35,486,51,695,49,49,naive
trees_50.newick,14,36,471,51,719,49,49,naive
trees_50.newick,14,37,459,51,715,49,49,naive
trees_50.newick,14,38,451,51,654,49,49,naive
trees_50.newick,14,39,532,51,720,49,49,naive
trees_50.newick,14,40,489,51,737,49,49,naive
trees_50.newick,14,41,481,51,769,49,49,naive
trees_50.newick,14,42,470,51,643,49,49,naive
trees_50.newick,14,43,468,51,720,49,49,naive
trees_50.newick,14,44,467,51,716,49,49,naive
trees_50.newick,14,45,506,51,697,49,49,naive
trees_50.newick,14,46,450,51,703,49,49,naive
trees_50.newick,14,47,470,51,736,49,49,naive
trees_50.newick,14,48,451,51,623,49,49,naive
trees_50.newick,14,49,449,51,717,49,49,naive
trees_50.newick,15,16,446,51,641,49,49,naive
trees_50.newick,15,17,478,51,761,49,49,naive
trees_50.newick,15,18,470,51,740,49,49,naive
trees_50.newick,15,19,461,51,755,49,49,naive
trees_50.newick,15,20,508,51,679,49,49,naive
trees_50.newick,15,21,465,51,710,49,49,naive
trees_50.newick,15,22,471,51,730,49,49,naive
trees_50.newick,15,23,451,51,601,49,49,naive
trees_50.newick,15,24,457,51,699,49,49,naive
trees_50.newick,15,25,456,51,714,49,49,naive
trees_50.newick,15,26,461,51,716,49,49,naive
trees_50.newick,15,27,448,51,656,49,49,naive
trees_50.newick,15,28,475,51,714,49,49,naive
trees_50.newick,15,29,471,51,714,49,49,naive
trees_50.newick,15,30,459,51,667,49,49,naive
trees_50.newick,15,31,465,51,760,49,49,naive
trees_50.newick,15,32,457,51,727,49,49,naive
trees_50.newick,15,33,455,51,631,49,49,naive
trees_50.newick,15,34,455,51,718,49,49,naive
trees_50.newick,15,35,469,51,676,49,49,naive
trees_50.newick,15,36,463,51,688,49,49,naive
trees_50.newick,15,37,461,51,668,49,49,naive
trees_50.newick,15,38,458,51,703,49,49,naive
trees_50.newick,15,39,469,51,730,49,49,naive
trees_50.newick,15,40,497,51,714,49,49,naive
trees_50.newick,15,41,488,51,788,49,49,naive
trees_50.newick,15,42,485,51,738,49,49,naive
trees_50.newick,15,43,457,51,667,49,49,naive
trees_50.newick,15,44,476,51,683,49,49,naive
trees_50.newick,15,45,478,51,697,49,49,naive
trees_50.newick,15,46,453,51,699,49,49,naive
trees_50.newick,15,47,559,51,700,49,49,naive
trees_50.newick,15,48,584,51,702,49,49,naive
trees_50.newick,15,49,498,51,714,49,49,naive
trees_50.newick,16,17,462,51,712,49,49,naive
trees_50.newick,16,18,472,51,724,49,49,naive
trees_50.newick,16,19,455,51,688,49,49,naive
trees_50.newick,16,20,460,51,708,49,49,naive
trees_50.newick,16,21,455,51,669,49,49,naive
trees_50.newick,16,22,465,51,754,49,49,naive
trees_50.newick,16,23,457,51,720,49,49,naive
trees_50.newick,16,24,453,51,678,49,49,naive
trees_50.newick,16,25,463,51,722,49,49,naive
trees_50.newick,16,26,507,51,665,49,49,naive
trees_50.newick,16,27,459,51,739,49,49,naive
trees_50.newick,16,28,462,51,734,49,49,naive
trees_50.newick,16,29,481,51,765,49,49,naive
trees_50.newick,16,30,470,51,742,49,49,naive
trees_50.newick,16,31,463,51,754,49,49,naive
trees_50.newick,16,32,476,51,735,49,49,naive
trees_50.newick,16,33,473,51,711,49,49,naive
trees_50.newick,16,34,451,51,683,49,49,naive
trees_50.newick,16,35,465,51,695,49,49,naive
trees_50.newick,16,36,471,51,700,49,49,naive
trees_50.newick,16,37,472,51,733,49,49,naive
trees_50.newick,16,38,462,51,716,49,49,naive
trees_50.newick,16,39,463,51,711,49,49,naive
trees_50.newick,16,40,463,51,724,49,49,naive
trees_50.newick,16,41,489,51,752,49,49,naive
trees_50.newick,16,42,493,51,723,49,49,naive
trees_50.newick,16,43,469,51,747,49,49,naive
trees_50.newick,16,44,475,51,690,49,49,naive
trees_50.newick,16,45,498,51,761,49,49,naive
trees_50.newick,16,46,468,51,762,49,49,naive
trees_50.newick,16,47,461,51,697,49,49,naive
trees_50.newick,16,48,452,51,711,49,49,naive
trees_50.newick,16,49,462,51,723,49,49,naive
trees_50.newick,17,18,482,51,733,49,49,naive
trees_50.newick,17,19,458,51,723,49,49,naive
trees_50.newick,17,20,454,51,598,49,49,naive
trees_50.newick,17,21,463,51,675,49,49,naive
trees_50.newick,17,22,467,51,733,49,49,naive
trees_50.newick,17,23,470,51,730,49,49,naive
trees_50.newick,17,24,461,51,776,49,49,naive
trees_50.newick,17,25,467,51,757,49,49,naive
trees_50.newick,17,26,759,51,751,49,49,naive
trees_50.newick,17,27,480,51,744,49,49,naive
trees_50.newick,17,28,475,51,718,49,49,naive
trees_50.newick,17,29,482,51,710,49,49,naive
trees_50.newick,17,30,458,51,690,49,49,naive
trees_50.newick,17,31,471,51,775,49,49,naive
trees_50.newick,17,32,465,51,720,49,49,naive
trees_50.newick,17,33,469,51,747,49,49,naive
trees_50.newick,17,34,462,51,732,49,49,naive
trees_50.newick,17,35,464,51,751,49,49,naive
trees_50.newick,17,36,463,51,723,49,49,naive
trees_50.newick,17,37,469,51,708,49,49,naive
trees_50.newick,17,38,458,51,682,49,49,naive
trees_50.newick,17,39,468,51,720,49,49,naive
trees_50.newick,17,40,463,51,667,49,49,naive
trees_50.newick,17,41,481,51,766,49,49,naive
trees_50.newick,17,42,492,51,737,49,49,naive
trees_50.newick,17,43,463,51,740,49,49,naive
trees_50.newick,17,44,484,51,755,49,49,naive
trees_50.newick,17,45,499,51,711,49,49,naive
trees_50.newick,17,46,458,51,724,49,49,naive
trees_50.newick,17,47,477,51,723,49,49,naive
trees_50.newick,17,48,448,51,684,49,49,naive
trees_50.newick,17,49,459,51,700,49,49,naive
trees_50.newick,18,19,468,51,715,49,49,naive
trees_50.newick,18,20,470,51,724,49,49,naive
trees_50.newick,18,21,460,51,657,49,49,naive
trees_50.newick,18,22,472,51,733,49,49,naive
trees_50.newick,18,23,460,51,679,49,49,naive
trees_50.newick,18,24,466,51,754,49,49,naive
trees_50.newick,18,25,466,51,737,49,49,naive
trees_50.newick,18,26,458,51,669,49,49,naive
trees_50.newick,18,27,463,51,745,49,49,naive
trees_50.newick,18,28,467,51,752,49,49,naive
trees_50.newick,18,29,468,51,725,49,49,naive
trees_50.newick,18,30,482,51,719,49,49,naive
trees_50.newick,18,31,468,51,731,49,49,naive
trees_50.newick,18,32,467,51,724,49,49,naive
trees_50.newick,18,33,458,51,746,49,49,naive
trees_50.newick,18,34,472,51,726,49,49,naive
trees_50.newick,18,35,478,51,704,49,49,naive
trees_50.newick,18,36,464,51,716,49,49,naive
trees_50.newick,18,37,492,51,783,49,49,naive
trees_50.newick,18,38,455,51,707,49,49,naive
trees_50.newick,18,39,474,51,772,49,49,naive
trees_50.newick,18,40,466,51,733,49,49,naive
trees_50.newick,18,41,486,51,712,49,49,naive
trees_50.newick,18,42,476,51,688,49,49,naive
trees_50.newick,18,43,454,51,676,49,49,naive
trees_50.newick,18,44,485,51,755,49,49,naive
trees_50.newick,18,45,492,51,723,49,49,naive
trees_50.newick,18,46,456,51,761,49,49,naive
trees_50.newick,18,47,466,51,725,49,49,naive
trees_50.newick,18,48,454,51,731,49,49,naive
trees_50.newick,18,49,463,51,740,49,49,naive
trees_50.newick,19,20,470,51,744,49,49,naive
trees_50.newick,19,21,468,51,749,49,49,naive
trees_50.newick,19,22,478,51,777,49,49,naive
trees_50.newick,19,23,467,51,761,49,49,naive
trees_50.newick,19,24,446,51,686,49,49,naive
trees_50.newick,19,25,465,51,720,49,49,naive
trees_50.newick,19,26,459,51,758,49,49,naive
trees_50.newick,19,27,459,51,739,49,49,naive
trees_50.newick,19,28,466,51,735,49,49,naive
trees_50.newick,19,29,507,51,752,49,49,naive
trees_50.newick,19,30,513,51,766,49,49,naive
trees_50.newick,19,31,471,51,734,49,49,naive
trees_50.newick,19,32,476,51,785,49,49,naive
trees_50.newick,19,33,480,51,741,49,49,naive
trees_50.newick,19,34,470,51,745,49,49,naive
trees_50.newick,19,35,474,51,727,49,49,naive
trees_50.newick,19,36,466,51,686,49,49,naive
trees_50.newick,19,37,472,51,724,49,49,naive
trees_50.newick,19,38,465,51,727,49,49,naive
trees_50.newick,19,39,482,51,739,49,49,naive
trees_50.newick,19,40,463,51,757,49,49,naive
trees_50.newick,19,41,475,51,702,49,49,naive
trees_50.newick,19,42,479,51,633,49,49,naive
trees_50.newick,19,43,467,51,756,49,49,naive
trees_50.newick,19,44,479,51,793,49,49,naive
trees_50.newick,19,45,527,51,757,49,49,naive
trees_50.newick,19,46,446,51,721,49,49,naive
trees_50.newick,19,47,475,51,727,49,49,naive
trees_50.newick,19,48,476,51,772,49,49,naive
trees_50.newick,19,49,456,51,713,49,49,naive
trees_50.newick,20,21,455,51,717,49,49,naive
trees_50.newick,20,22,475,51,794,49,49,naive
trees_50.newick,20,23,462,51,688,49,49,naive
trees_50.newick,20,24,452,51,738,49,49,naive
trees_50.newick,20,25,460,51,698,49,49,naive
trees_50.newick,20,26,456,51,681,49,49,naive
trees_50.newick,20,27,458,51,716,49,49,naive
trees_50.newick,20,28,468,51,717,49,49,naive
trees_50.newick,20,29,465,51,729,49,49,naive
trees_50.newick,20,30,461,51,754,49,49,naive
trees_50.newick,20,31,471,51,772,49,49,naive
trees_50.newick,20,32,457,51,770,49,49,naive
trees_50.newick,20,33,466,51,723,49,49,naive
trees_50.newick,20,34,460,51,723,49,49,naive
trees_50.newick,20,35,465,51,714,49,49,naive
trees_50.newick,20,36,679,51,732,49,49,naive
trees_50.newick,20,37,493,51,700,49,49,naive
trees_50.newick,20,38,452,51,700,49,49,naive
trees_50.newick,20,39,468,51,723,49,49,naive
trees_50.newick,20,40,450,51,680,49,49,naive
trees_50.newick,20,41,481,51,811,49,49,naive
trees_50.newick,20,42,488,51,740,49,49,naive
trees_50.newick,20,43,467,51,733,49,49,naive
trees_50.newick,20,44,471,51,694,49,49,naive
trees_50.newick,20,45,479,51,701,49,49,naive
trees_50.newick,20,46,445,51,711,49,49,naive
trees_50.newick,20,47,461,51,668,49,49,naive
trees_50.newick,20,48,490,51,727,49,49,naive
trees_50.newick,20,49,450,51,682,49,49,naive
trees_50.newick,21,22,465,51,753,49,49,naive
trees_50.newick,21,23,458,51,725,49,49,naive
trees_50.newick,21,24,454,51,742,49,49,naive
trees_50.newick,21,25,461,51,749,49,49,naive
trees_50.newick,21,26,457,51,645,49,49,naive
trees_50.newick,21,27,454,51,707,49,49,naive
trees_50.newick,21,28,468,51,670,49,49,naive
trees_50.newick,21,29,468,51,703,49,49,naive
trees_50.newick,21,30,465,51,717,49,49,naive
trees_50.newick,21,31,458,51,736,49,49,naive
trees_50.newick,21,32,447,51,663,49,49,naive
trees_50.newick,21,33,446,51,630,49,49,naive
trees_50.newick,21,34,461,51,690,49,49,naive
trees_50.newick,21,35,456,51,623,49,49,naive
trees_50.newick,21,36,852,51,701,49,49,naive
trees_50.newick,21,37,514,51,726,49,49,naive
trees_50.newick,21,38,443,51,669,49,49,naive
trees_50.newick,21,39,464,51,689,49,49,naive
trees_50.newick,21,40,463,51,740,49,49,naive
trees_50.newick,21,41,476,51,742,49,49,naive
trees_50.newick,21,42,483,51,711,49,49,naive
trees_50.newick,21,43,450,51,670,49,49,naive
trees_50.newick,21,44,476,51,747,49,49,naive
trees_50.newick,21,45,479,51,725,49,49,naive
trees_50.newick,21,46,453,51,741,49,49,naive
trees_50.newick,21,47,468,51,715,49,49,naive
trees_50.newick,21,48,509,51,721,49,49,naive
trees_50.newick,21,49,453,51,705,49,49,naive
trees_50.newick,22,23,476,51,794,49,49,naive
trees_50.newick,22,24,457,51,786,49,49,naive
trees_50.newick,22,25,469,51,710,49,49,naive
trees_50.newick,22,26,454,51,678,49,49,naive
trees_50.newick,22,27,464,51,773,49,49,naive
trees_50.newick,22,28,457,51,701,49,49,naive
trees_50.newick,22,29,466,51,747,49,49,naive
trees_50.newick,22,30,468,51,740,49,49,naive
trees_50.newick,22,31,466,51,727,49,49,naive
trees_50.newick,22,32,468,51,716,49,49,naive
trees_50.newick,22,33,479,51,753,49,49,naive
trees_50.newick,22,34,456,51,678,49,49,naive
trees_50.newick,22,35,462,51,681,49,49,naive
trees_50.newick,22,36,470,51,728,49,49,naive
trees_50.newick,22,37,468,51,741,49,49,naive
trees_50.newick,22,38,447,51,621,49,49,naive
trees_50.newick,22,39,469,51,709,49,49,naive
trees_50.newick,22,40,458,51,716,49,49,naive
trees_50.newick,22,41,507,51,771,49,49,naive
trees_50.newick,22,42,481,51,751,49,49,naive
trees_50.newick,22,43,460,51,681,49,49,naive
trees_50.newick,22,44,473,51,709,49,49,naive
trees_50.newick,22,45,475,51,714,49,49,naive
trees_50.newick,22,46,453,51,727,49,49,naive
trees_50.newick,22,47,485,51,745,49,49,naive
trees_50.newick,22,48,460,51,737,49,49,naive
trees_50.newick,22,49,457,51,702,49,49,naive
trees_50.newick,23,24,457,51,750,49,49,naive
trees_50.newick,23,25,455,51,697,49,49,naive
trees_50.newick,23,26,688,51,697,49,49,naive
trees_50.newick,23,27,443,51,662,49,49,naive
trees_50.newick,23,28,462,51,779,49,49,naive
trees_50.newick,23,29,466,51,710,49,49,naive
trees_50.newick,23,30,460,51,767,49,49,naive
trees_50.newick,23,31,462,51,685,49,49,naive
trees_50.newick,23,32,452,51,749,49,49,naive
trees_50.newick,23,33,446,51,639,49,49,naive
trees_50.newick,23,34,461,51,719,49,49,naive
trees_50.newick,23,35,464,51,734,49,49,naive
trees_50.newick,23,36,462,51,684,49,49,naive
trees_50.newick,23,37,470,51,708,49,49,naive
trees_50.newick,23,38,462,51,769,49,49,naive
trees_50.newick,23,39,466,51,674,49,49,naive
trees_50.newick,23,40,462,51,695,49,49,naive
trees_50.newick,23,41,480,51,770,49,49,naive
trees_50.newick,23,42,482,51,734,49,49,naive
trees_50.newick,23,43,455,51,689,49,49,naive
trees_50.newick,23,44,471,51,667,49,49,naive
trees_50.newick,23,45,498,51,700,49,49,naive
trees_50.newick,23,46,451,51,681,49,49,naive
trees_50.newick,23,47,471,51,706,49,49,naive
trees_50.newick,23,48,459,51,753,49,49,naive
trees_50.newick,23,49,450,51,755,49,49,naive
trees_50.newick,24,25,467,51,728,49,49,naive
trees_50.newick,24,26,470,51,717,49,49,naive
trees_50.newick,24,27,458,51,714,49,49,naive
trees_50.newick,24,28,468,51,714,49,49,naive
trees_50.newick,24,29,479,51,796,49,49,naive
trees_50.newick,24,30,471,51,758,49,49,naive
trees_50.newick,24,31,472,51,736,49,49,naive
trees_50.newick,24,32,879,51,774,49,49,naive
trees_50.newick,24,33,840,51,685,49,49,naive
trees_50.newick,24,34,472,51,759,49,49,naive
trees_50.newick,24,35,462,51,683,49,49,naive
trees_50.newick,24,36,467,51,759,49,49,naive
trees_50.newick,24,37,460,51,708,49,49,naive
trees_50.newick,24,38,463,51,729,49,49,naive
trees_50.newick,24,39,473,51,742,49,49,naive
trees_50.newick,24,40,467,51,727,49,49,naive
trees_50.newick,24,41,474,51,732,49,49,naive
trees_50.newick,24,42,495,51,714,49,49,naive
trees_50.newick,24,43,464,51,768,49,49,naive
trees_50.newick,24,44,495,51,752,49,49,naive
trees_50.newick,24,45,476,51,732,49,49,naive
trees_50.newick,24,46,465,51,768,49,49,naive
trees_50.newick,24,47,467,51,706,49,49,naive
trees_50.newick,24,48,455,51,785,49,49,naive
trees_50.newick,24,49,457,51,736,49,49,naive
trees_50.newick,25,26,773,51,739,49,49,naive
trees_50.newick,25,27,466,51,756,49,49,naive
trees_50.newick,25,28,485,51,746,49,49,naive
trees_50.newick,25,29,477,51,781,49,49,naive
trees_50.newick,25,30,477,51,773,49,49,naive
trees_50.newick,25,31,478,51,750,49,49,naive
trees_50.newick,25,32,465,51,792,49,49,naive
trees_50.newick,25,33,489,51,741,49,49,naive
trees_50.newick,25,34,452,51,669,49,49,naive
trees_50.newick,25,35,467,51,681,49,49,naive
trees_50.newick,25,36,479,51,799,49,49,naive
trees_50.newick,25,37,459,51,718,49,49,naive
trees_50.newick,25,38,469,51,750,49,49,naive
trees_50.newick,25,39,521,51,743,49,49,naive
trees_50.newick,25,40,469,51,779,49,49,naive
trees_50.newick,25,41,472,51,768,49,49,naive
trees_50.newick,25,42,479,51,710,49,49,naive
trees_50.newick,25,43,465,51,695,49,49,naive
trees_50.newick,25,44,464,51,684,49,49,naive
trees_50.newick,25,45,490,51,718,49,49,naive
trees_50.newick,25,46,464,51,805,49,49,naive
trees_50.newick,25,47,474,51,753,49,49,naive
trees_50.newick,25,48,458,51,703,49,49,naive
trees_50.newick,25,49,459,51,737,49,49,naive
trees_50.newick,26,27,449,51,732,49,49,naive
trees_50.newick,26,28,468,51,683,49,49,naive
trees_50.newick,26,29,470,51,758,49,49,naive
trees_50.newick,26,30,466,51,759,49,49,naive
trees_50.newick,26,31,455,51,687,49,49,naive
trees_50.newick,26,32,459,51,772,49,49,naive
trees_50.newick,26,33,465,51,690,49,49,naive
trees_50.newick,26,34,453,51,682,49,49,naive
trees_50.newick,26,35,458,51,691,49,49,naive
trees_50.newick,26,36,503,51,698,49,49,naive
trees_50.newick,26,37,499,51,734,49,49,naive
trees_50.newick,26,38,573,51,756,49,49,naive
trees_50.newick,26,39,466,51,707,49,49,naive
trees_50.newick,26,40,459,51,738,49,49,naive
trees_50.newick,26,41,490,51,754,49,49,naive
trees_50.newick,26,42,471,51,684,49,49,naive
trees_50.newick,26,43,451,51,602,49,49,naive
trees_50.newick,26,44,470,51,727,49,49,naive
trees_50.newick,26,45,465,51,666,49,49,naive
trees_50.newick,26,46,471,51,740,49,49,naive
trees_50.newick,26,47,475,51,734,49,49,naive
trees_50.newick,26,48,458,51,739,49,49,naive
trees_50.newick,26,49,464,51,739,49,49,naive
trees_50.newick,27,28,461,51,698,49,49,naive
trees_50.newick,27,29,481,51,718,49,49,naive
trees_50.newick,27,30,477,51,742,49,49,naive
trees_50.newick,27,31,473,51,717,49,49,naive
trees_50.newick,27,32,471,51,751,49,49,naive
trees_50.newick,27,33,492,51,753,49,49,naive
trees_50.newick,27,34,473,51,698,49,49,naive
trees_50.newick,27,35,467,51,678,49,49,naive
trees_50.newick,27,36,557,51,744,49,49,naive
trees_50.newick,27,37,483,51,715,49,49,naive
trees_50.newick,27,38,458,51,637,49,49,naive
trees_50.newick,27,39,472,51,738,49,49,naive
trees_50.newick,27,40,460,51,668,49,49,naive
trees_50.newick,27,41,479,51,741,49,49,naive
trees_50.newick,27,42,491,51,702,49,49,naive
trees_50.newick,27,43,481,51,768,49,49,naive
trees_50.newick,27,44,530,51,739,49,49,naive
trees_50.newick,27,45,512,51,750,49,49,naive
trees_50.newick,27,46,471,51,740,49,49,naive
trees_50.newick,27,47,486,51,696,49,49,naive
trees_50.newick,27,48,463,51,798,49,49,naive
trees_50.newick,27,49,469,51,719,49,49,naive
trees_50.newick,28,29,503,51,651,49,49,naive
trees_50.newick,28,30,468,51,727,49,49,naive
trees_50.newick,28,31,483,51,758,49,49,naive
trees_50.newick,28,32,460,51,799,49,49,naive
trees_50.newick,28,33,469,51,748,49,49,naive
trees_50.newick,28,34,568,51,672,49,49,naive
trees_50.newick,28,35,587,51,695,49,49,naive
trees_50.newick,28,36,508,51,675,49,49,naive
trees_50.newick,28,37,502,51,663,49,49,naive
trees_50.newick,28,38,474,51,680,49,49,naive
trees_50.newick,28,39,478,51,727,49,49,naive
trees_50.newick,28,40,461,51,716,49,49,naive
trees_50.newick,28,41,492,51,714,49,49,naive
trees_50.newick,28,42,508,51,754,49,49,naive
trees_50.newick,28,43,465,51,663,49,49,naive
trees_50.newick,28,44,483,51,696,49,49,naive
trees_50.newick,28,45,487,51,739,49,49,naive
trees_50.newick,28,46,462,51,775,49,49,naive
trees_50.newick,28,47,478,51,725,49,49,naive
trees_50.newick,28,48,456,51,726,49,49,naive
trees_50.newick,28,49,447,51,707,49,49,naive
trees_50.newick,29,30,477,51,780,49,49,naive
trees_50.newick,29,31,483,51,750,49,49,naive
trees_50.newick,29,32,478,51,799,49,49,naive
trees_50.newick,29,33,553,51,758,49,49,naive
trees_50.newick,29,34,498,51,743,49,49,naive
trees_50.newick,29,35,513,51,693,49,49,naive
trees_50.newick,29,36,512,51,754,49,49,naive
trees_50.newick,29,37,495,51,737,49,49,naive
trees_50.newick,29,38,458,51,690,49,49,naive
trees_50.newick,29,39,472,51,750,49,49,naive
trees_50.newick,29,40,472,51,724,49,49,naive
trees_50.newick,29,41,490,51,820,49,49,naive
trees_50.newick,29,42,503,51,754,49,49,naive
trees_50.newick,29,43,483,51,741,49,49,naive
trees_50.newick,29,44,472,51,668,49,49,naive
trees_50.newick,29,45,489,51,752,49,49,naive
trees_50.newick,29,46,444,51,639,49,49,naive
trees_50.newick,29,47,471,51,748,49,49,naive
trees_50.newick,29,48,459,51,754,49,49,naive
trees_50.newick,29,49,457,51,751,49,49,naive
trees_50.newick,30,31,468,51,731,49,49,naive
trees_50.newick,30,32,467,51,771,49,49,naive
trees_50.newick,30,33,502,51,725,49,49,naive
trees_50.newick,30,34,458,51,697,49,49,naive
trees_50.newick,30,35,476,51,741,49,49,naive
trees_50.newick,30,36,487,51,718,49,49,naive
trees_50.newick,30,37,469,51,697,49,49,naive
trees_50.newick,30,38,1037,51,718,49,49,naive
trees_50.newick,30,39,533,51,744,49,49,naive
trees_50.newick,30,40,453,51,763,49,49,naive
trees_50.newick,30,41,483,51,787,49,49,naive
trees_50.newick,30,42,484,51,707,49,49,naive
trees_50.newick,30,43,474,51,730,49,49,naive
trees_50.newick,30,44,488,51,782,49,49,naive
trees_50.newick,30,45,478,51,703,49,49,naive
trees_50.newick,30,46,454,51,689,49,49,naive
trees_50.newick,30,47,467,51,752,49,49,naive
trees_50.newick,30,48,457,51,732,49,49,naive
trees_50.newick,30,49,447,51,665,49,49,naive
trees_50.newick,31,32,449,51,722,49,49,naive
trees_50.newick,31,33,465,51,655,49,49,naive
trees_50.newick,31,34,498,51,743,49,49,naive
trees_50.newick,31,35,457,51,718,49,49,naive
trees_50.newick,31,36,475,51,759,49,49,naive
trees_50.newick,31,37,459,51,736,49,49,naive
trees_50.newick,31,38,451,51,722,49,49,naive
trees_50.newick,31,39,464,51,770,49,49,naive
trees_50.newick,31,40,456,51,721,49,49,naive
trees_50.newick,31,41,489,51,779,49,49,naive
trees_50.newick,31,42,484,51,775,49,49,naive
trees_50.newick,31,43,459,51,701,49,49,naive
trees_50.newick,31,44,468,51,728,49,49,naive
trees_50.newick,31,45,487,51,772,49,49,naive
trees_50.newick,31,46,452,51,663,49,49,naive
trees_50.newick,31,47,470,51,738,49,49,naive
trees_50.newick,31,48,460,51,778,49,49,naive
trees_50.newick,31,49,451,51,698,49,49,naive
trees_50.newick,32,33,472,51,750,49,49,naive
trees_50.newick,32,34,459,51,760,49,49,naive
trees_50.newick,32,35,469,51,731,49,49,naive
trees_50.newick,32,36,464,51,721,49,49,naive
trees_50.newick,32,37,466,51,730,49,49,naive
trees_50.newick,32,38,462,51,688,49,49,naive
trees_50.newick,32,39,469,51,761,49,49,naive
trees_50.newick,32,40,454,51,730,49,49,naive
trees_50.newick,32,41,478,51,750,49,49,naive
trees_50.newick,32,42,485,51,769,49,49,naive
trees_50.newick,32,43,506,51,803,49,49,naive
trees_50.newick,32,44,475,51,774,49,49,naive
trees_50.newick,32,45,501,51,781,49,49,naive
trees_50.newick,32,46,469,51,761,49,49,naive
trees_50.newick,32,47,469,51,765,49,49,naive
trees_50.newick,32,48,466,51,759,49,49,naive
trees_50.newick,32,49,460,51,755,49,49,naive
trees_50.newick,33,34,459,51,716,49,49,naive
trees_50.newick,33,35,464,51,743,49,49,naive
trees_50.newick,33,36,452,51,731,49,49,naive
trees_50.newick,33,37,457,51,673,49,49,naive
trees_50.newick,33,38,459,51,697,49,49,naive
trees_50.newick,33,39,457,51,688,49,49,naive
trees_50.newick,33,40,467,51,722,49,49,naive
trees_50.newick,33,41,487,51,770,49,49,naive
trees_50.newick,33,42,469,51,655,49,49,naive
trees_50.newick,33,43,460,51,680,49,49,naive
trees_50.newick,33,44,463,51,685,49,49,naive
trees_50.newick,33,45,477,51,732,49,49,naive
trees_50.newick,33,46,454,51,696,49,49,naive
trees_50.newick,33,47,480,51,685,49,49,naive
trees_50.newick,33,48,469,51,752,49,49,naive
trees_50.newick,33,49,462,51,764,49,49,naive
trees_50.newick,34,35,451,51,633,49,49,naive
trees_50.newick,34,36,468,51,712,49,49,naive
trees_50.newick,34,37,465,51,713,49,49,naive
trees_50.newick,34,38,442,51,657,49,49,naive
trees_50.newick,34,39,466,51,703,49,49,naive
trees_50.newick,34,40,468,51,684,49,49,naive
trees_50.newick,34,41,479,51,729,49,49,naive
trees_50.newick,34,42,492,51,752,49,49,naive
trees_50.newick,34,43,462,51,732,49,49,naive
trees_50.newick,34,44,474,51,714,49,49,naive
trees_50.newick,34,45,482,51,727,49,49,naive
trees_50.newick,34,46,457,51,759,49,49,naive
trees_50.newick,34,47,456,51,662,49,49,naive
trees_50.newick,34,48,461,51,727,49,49,naive
trees_50.newick,34,49,449,51,636,49,49,naive
trees_50.newick,35,36,459,51,696,49,49,naive
trees_50.newick,35,37,485,51,737,49,49,naive
trees_50.newick,35,38,527,51,713,49,49,naive
trees_50.newick,35,39,488,51,695,49,49,naive
trees_50.newick,35,40,461,51,696,49,49,naive
trees_50.newick,35,41,468,51,633,49,49,naive
trees_50.newick,35,42,474,51,716,49,49,naive
trees_50.newick,35,43,464,51,697,49,49,naive
trees_50.newick,35,44,485,51,729,49,49,naive
trees_50.newick,35,45,488,51,731,49,49,naive
trees_50.newick,35,46,453,51,708,49,49,naive
trees_50.newick,35,47,465,51,705,49,49,naive
trees_50.newick,35,48,446,51,657,49,49,naive
trees_50.newick,35,49,459,51,714,49,49,naive
trees_50.newick,36,37,465,51,741,49,49,naive
trees_50.newick,36,38,456,51,729,49,49,naive
trees_50.newick,36,39,471,51,740,49,49,naive
trees_50.newick,36,40,459,51,717,49,49,naive
trees_50.newick,36,41,472,51,752,49,49,naive
trees_50.newick,36,42,483,51,733,49,49,naive
trees_50.newick,36,43,461,51,730,49,49,naive
trees_50.newick,36,44,472,51,718,49,49,naive
trees_50.newick,36,45,481,51,693,49,49,naive
trees_50.newick,36,46,453,51,741,49,49,naive
trees_50.newick,36,47,464,51,733,49,49,naive
trees_50.newick,36,48,459,51,734,49,49,naive
trees_50.newick,36,49,461,51,718,49,49,naive
trees_50.newick,37,38,453,51,735,49,49,naive
trees_50.newick,37,39,452,51,646,49,49,naive
trees_50.newick,37,40,460,51,731,49,49,naive
trees_50.newick,37,41,487,51,770,49,49,naive
trees_50.newick,37,42,468,51,730,49,49,naive
trees_50.newick,37,43,454,51,699,49,49,naive
trees_50.newick,37,44,465,51,712,49,49,naive
trees_50.newick,37,45,483,51,726,49,49,naive
trees_50.newick,37,46,453,51,733,49,49,naive
trees_50.newick,37,47,467,51,717,49,49,naive
trees_50.newick,37,48,464,51,757,49,49,naive
trees_50.newick,37,49,459,51,700,49,49,naive
trees_50.newick,38,39,461,51,676,49,49,naive
trees_50.newick,38,40,464,51,710,49,49,naive
trees_50.newick,38,41,494,51,730,49,49,naive
trees_50.newick,38,42,489,51,730,49,49,naive
trees_50.newick,38,43,464,51,682,49,49,naive
trees_50.newick,38,44,481,51,778,49,49,naive
trees_50.newick,38,45,486,51,713,49,49,naive
trees_50.newick,38,46,454,51,706,49,49,naive
trees_50.newick,38,47,466,51,674,49,49,naive
trees_50.newick,38,48,460,51,712,49,49,naive
trees_50.newick,38,49,464,51,723,49,49,naive
trees_50.newick,39,40,450,51,668,49,49,naive
trees_50.newick,39,41,488,51,772,49,49,naive
trees_50.newick,39,42,528,51,774,49,49,naive
trees_50.newick,39,43,461,51,754,49,49,naive
trees_50.newick,39,44,472,51,653,49,49,naive
trees_50.newick,39,45,490,51,714,49,49,naive
trees_50.newick,39,46,447,51,765,49,49,naive
trees_50.newick,39,47,471,51,692,49,49,naive
trees_50.newick,39,48,450,51,742,49,49,naive
trees_50.newick,39,49,457,51,703,49,49,naive
trees_50.newick,40,41,483,51,731,49,49,naive
trees_50.newick,40,42,488,51,785,49,49,naive
trees_50.newick,40,43,463,51,694,49,49,naive
trees_50.newick,40,44,497,51,710,49,49,naive
trees_50.newick,40,45,523,51,756,49,49,naive
trees_50.newick,40,46,445,51,681,49,49,naive
trees_50.newick,40,47,462,51,698,49,49,naive
trees_50.newick,40,48,458,51,722,49,49,naive
trees_50.newick,40,49,448,51,719,49,49,naive
trees_50.newick,41,42,475,51,740,49,49,naive
trees_50.newick,41,43,471,51,768,49,49,naive
trees_50.newick,41,44,482,51,788,49,49,naive
trees_50.newick,41,45,502,51,752,49,49,naive
trees_50.newick,41,46,460,51,766,49,49,naive
trees_50.newick,41,47,462,51,683,49,49,naive
trees_50.newick,41,48,472,51,768,49,49,naive
trees_50.newick,41,49,445,51,704,49,49,naive
trees_50.newick,42,43,475,51,717,49,49,naive
trees_50.newick,42,44,473,51,745,49,49,naive
trees_50.newick,42,45,475,51,755,49,49,naive
trees_50.newick,42,46,466,51,725,49,49,naive
trees_50.newick,42,47,460,51,711,49,49,naive
trees_50.newick,42,48,460,51,704,49,49,naive
trees_50.newick,42,49,455,51,717,49,49,naive
trees_50.newick,43,44,468,51,678,49,49,naive
trees_50.newick,43,45,481,51,733,49,49,naive
trees_50.newick,43,46,447,51,714,49,49,naive
trees_50.newick,43,47,475,51,747,49,49,naive
trees_50.newick,43,48,470,51,742,49,49,naive
trees_50.newick,43,49,457,51,702,49,49,naive
trees_50.newick,44,45,484,51,715,49,49,naive
trees_50.newick,44,46,516,51,707,49,49,naive
trees_50.newick,44,47,468,51,749,49,49,naive
trees_50.newick,44,48,673,51,799,49,49,naive
trees_50.newick,44,49,502,51,744,49,49,naive
trees_50.newick,45,46,470,51,719,49,49,naive
trees_50.newick,45,47,469,51,703,49,49,naive
trees_50.newick,45,48,457,51,758,49,49,naive
trees_50.newick,45,49,442,51,697,49,49,naive
trees_50.newick,46,47,469,51,738,49,49,naive
trees_50.newick,46,48,457,51,748,49,49,naive
trees_50.newick,46,49,458,51,770,49,49,naive
trees_50.newick,47,48,459,51,772,49,49,naive
trees_50.newick,47,49,460,51,694,49,49,naive
trees_50.newick,48,49,458,51,793,49,49,naive
