filename,tree1,tree2,nbleaves,nbedges,nbinternalnodes1,nbinternalnodes2,fasttime,naivetime,bhvtime
trees_1000.newick,0,1,1001,48775,999,999,11106,238299,1063584
trees_1000.newick,0,2,1001,49221,999,999,11114,244684,949423
trees_1000.newick,0,3,1001,49496,999,999,11067,239005,1461941
trees_1000.newick,0,4,1001,48762,999,999,10842,233413,1014260
trees_1000.newick,0,5,1001,49462,999,999,11164,236114,1009730
trees_1000.newick,0,6,1001,49356,999,999,11020,238333,991796
trees_1000.newick,0,7,1001,49515,999,999,11093,245914,953335
trees_1000.newick,0,8,1001,49316,999,999,11058,250599,1005807
trees_1000.newick,0,9,1001,49520,999,999,11192,242870,995671
trees_1000.newick,0,10,1001,49155,999,999,10983,251700,935958
trees_1000.newick,0,11,1001,49512,999,999,11280,245056,967681
trees_1000.newick,0,12,1001,49197,999,999,11080,239292,1274007
trees_1000.newick,0,13,1001,49320,999,999,11103,241826,1006532
trees_1000.newick,0,14,1001,49407,999,999,11136,244135,1269955
trees_1000.newick,0,15,1001,49177,999,999,11131,242780,942130
trees_1000.newick,0,16,1001,49236,999,999,11563,245532,1021688
trees_1000.newick,0,17,1001,49434,999,999,11361,240097,954285
trees_1000.newick,0,18,1001,49423,999,999,11713,239257,1005206
trees_1000.newick,0,19,1001,49260,999,999,11250,239868,1294633
trees_1000.newick,0,20,1001,48759,999,999,11918,236773,982998
trees_1000.newick,0,21,1001,49144,999,999,11245,241084,1031068
trees_1000.newick,0,22,1001,49460,999,999,12050,239929,1268826
trees_1000.newick,0,23,1001,49345,999,999,11798,237800,1054399
trees_1000.newick,0,24,1001,49311,999,999,11479,237907,1338882
trees_1000.newick,0,25,1001,49550,999,999,11319,241049,982402
trees_1000.newick,0,26,1001,49368,999,999,11157,237017,994222
trees_1000.newick,0,27,1001,49136,999,999,11277,241908,944803
trees_1000.newick,0,28,1001,48990,999,999,11198,241309,1846187
trees_1000.newick,0,29,1001,49368,999,999,11592,236433,939275
trees_1000.newick,0,30,1001,49782,999,999,11172,245420,1038152
trees_1000.newick,0,31,1001,49465,999,999,11052,240733,934321
trees_1000.newick,0,32,1001,49702,999,999,11230,240847,1019932
trees_1000.newick,0,33,1001,49115,999,999,11167,237858,1335809
trees_1000.newick,0,34,1001,49279,999,999,11078,240416,958818
trees_1000.newick,0,35,1001,49079,999,999,10891,241347,1108606
trees_1000.newick,0,36,1001,49677,999,999,11089,241648,1279333
trees_1000.newick,0,37,1001,48851,999,999,10954,234080,943219
trees_1000.newick,0,38,1001,49086,999,999,11049,241501,1291504
trees_1000.newick,0,39,1001,49227,999,999,10968,243389,983687
trees_1000.newick,0,40,1001,49623,999,999,11164,243540,975679
trees_1000.newick,0,41,1001,49382,999,999,11106,272376,950558
trees_1000.newick,0,42,1001,49244,999,999,11095,242985,1217747
trees_1000.newick,0,43,1001,49439,999,999,11240,239554,984253
trees_1000.newick,0,44,1001,48822,999,999,10994,241369,1533380
trees_1000.newick,0,45,1001,49355,999,999,11039,237204,994694
trees_1000.newick,0,46,1001,49443,999,999,11145,240841,942312
trees_1000.newick,0,47,1001,48936,999,999,11148,241958,963968
trees_1000.newick,0,48,1001,49365,999,999,11124,244112,1019191
trees_1000.newick,0,49,1001,49359,999,999,10994,253526,972661
trees_1000.newick,1,2,1001,49088,999,999,11095,269063,944504
trees_1000.newick,1,3,1001,48808,999,999,11005,257255,1005191
trees_1000.newick,1,4,1001,49063,999,999,11126,255556,948099
trees_1000.newick,1,5,1001,48892,999,999,11205,257545,1007521
trees_1000.newick,1,6,1001,49204,999,999,11152,238223,958736
trees_1000.newick,1,7,1001,49071,999,999,11406,246709,1347745
trees_1000.newick,1,8,1001,49142,999,999,11063,243325,954150
trees_1000.newick,1,9,1001,48733,999,999,10857,245875,1323226
trees_1000.newick,1,10,1001,48833,999,999,11005,245459,938530
trees_1000.newick,1,11,1001,49152,999,999,11146,240027,1035175
trees_1000.newick,1,12,1001,48750,999,999,10937,243131,954330
trees_1000.newick,1,13,1001,48974,999,999,11059,247866,1277640
trees_1000.newick,1,14,1001,48888,999,999,10917,251608,1262328
trees_1000.newick,1,15,1001,48883,999,999,10976,244685,1496783
trees_1000.newick,1,16,1001,49488,999,999,10990,244461,995944
trees_1000.newick,1,17,1001,48841,999,999,10945,243410,996484
trees_1000.newick,1,18,1001,48946,999,999,11116,253044,966352
trees_1000.newick,1,19,1001,49053,999,999,11082,244126,948004
trees_1000.newick,1,20,1001,49003,999,999,11015,251775,1343605
trees_1000.newick,1,21,1001,48735,999,999,11041,258301,944511
trees_1000.newick,1,22,1001,49178,999,999,10991,266909,1009627
trees_1000.newick,1,23,1001,49071,999,999,11017,247370,1240515
trees_1000.newick,1,24,1001,48755,999,999,10987,239517,1297242
trees_1000.newick,1,25,1001,49035,999,999,10947,244399,1032263
trees_1000.newick,1,26,1001,48810,999,999,11056,245511,1009680
trees_1000.newick,1,27,1001,48892,999,999,10843,245126,991294
trees_1000.newick,1,28,1001,48902,999,999,10922,250288,948803
trees_1000.newick,1,29,1001,48536,999,999,11769,239644,1358746
trees_1000.newick,1,30,1001,49145,999,999,11096,243363,935507
trees_1000.newick,1,31,1001,49048,999,999,11008,242425,1034602
trees_1000.newick,1,32,1001,49251,999,999,11167,243403,967996
trees_1000.newick,1,33,1001,49037,999,999,11154,244358,1008982
trees_1000.newick,1,34,1001,49303,999,999,11013,257915,994231
trees_1000.newick,1,35,1001,48907,999,999,10862,240341,944943
trees_1000.newick,1,36,1001,49641,999,999,11063,245573,1057355
trees_1000.newick,1,37,1001,48278,999,999,10933,241544,934385
trees_1000.newick,1,38,1001,49040,999,999,11040,244648,1038776
trees_1000.newick,1,39,1001,48822,999,999,10908,242270,938224
trees_1000.newick,1,40,1001,48876,999,999,11089,237247,1015001
trees_1000.newick,1,41,1001,48965,999,999,10999,252219,1216319
trees_1000.newick,1,42,1001,49087,999,999,11051,246095,1263445
trees_1000.newick,1,43,1001,48895,999,999,11110,243302,1595397
trees_1000.newick,1,44,1001,48613,999,999,11288,247177,1537165
trees_1000.newick,1,45,1001,48661,999,999,11528,237022,1003152
trees_1000.newick,1,46,1001,48686,999,999,11099,239823,973185
trees_1000.newick,1,47,1001,48937,999,999,10859,239057,962166
trees_1000.newick,1,48,1001,48889,999,999,11189,241474,1030592
trees_1000.newick,1,49,1001,48762,999,999,10919,239379,996053
trees_1000.newick,2,3,1001,49278,999,999,11097,240104,1250073
trees_1000.newick,2,4,1001,49208,999,999,10951,237078,1003419
trees_1000.newick,2,5,1001,49432,999,999,11062,237097,949662
trees_1000.newick,2,6,1001,49285,999,999,10931,237437,971014
trees_1000.newick,2,7,1001,49151,999,999,11101,242082,1023831
trees_1000.newick,2,8,1001,49437,999,999,11023,242448,1275684
trees_1000.newick,2,9,1001,49345,999,999,11315,243523,1265180
trees_1000.newick,2,10,1001,49545,999,999,11059,240715,997338
trees_1000.newick,2,11,1001,49850,999,999,11144,243457,974492
trees_1000.newick,2,12,1001,49548,999,999,11060,242265,932116
trees_1000.newick,2,13,1001,49469,999,999,11080,243292,1017711
trees_1000.newick,2,14,1001,49365,999,999,10979,241352,1230702
trees_1000.newick,2,15,1001,49519,999,999,11048,239833,1001226
trees_1000.newick,2,16,1001,49493,999,999,11123,240710,1253374
trees_1000.newick,2,17,1001,49354,999,999,11013,244015,997053
trees_1000.newick,2,18,1001,49561,999,999,11081,244659,1235674
trees_1000.newick,2,19,1001,49317,999,999,11099,239242,955191
trees_1000.newick,2,20,1001,49473,999,999,11041,241508,1029068
trees_1000.newick,2,21,1001,49173,999,999,11052,245773,953946
trees_1000.newick,2,22,1001,49289,999,999,11035,242385,1329167
trees_1000.newick,2,23,1001,49866,999,999,11104,240692,931134
trees_1000.newick,2,24,1001,49638,999,999,11055,238445,1000252
trees_1000.newick,2,25,1001,49567,999,999,11576,241376,961619
trees_1000.newick,2,26,1001,49450,999,999,11667,259320,1271421
trees_1000.newick,2,27,1001,49268,999,999,11281,244959,1006251
trees_1000.newick,2,28,1001,49266,999,999,11197,238855,941625
trees_1000.newick,2,29,1001,49678,999,999,10912,248715,1003640
trees_1000.newick,2,30,1001,49492,999,999,10899,243645,1265597
trees_1000.newick,2,31,1001,49616,999,999,11622,236526,1048296
trees_1000.newick,2,32,1001,49988,999,999,11330,245127,947485
trees_1000.newick,2,33,1001,49490,999,999,11124,236142,942981
trees_1000.newick,2,34,1001,49336,999,999,10990,243379,995133
trees_1000.newick,2,35,1001,49156,999,999,11524,243247,1265097
trees_1000.newick,2,36,1001,49153,999,999,11123,244614,963124
trees_1000.newick,2,37,1001,49200,999,999,11188,243849,1007164
trees_1000.newick,2,38,1001,49280,999,999,11085,243248,930438
trees_1000.newick,2,39,1001,49437,999,999,10944,242089,1014889
trees_1000.newick,2,40,1001,49162,999,999,11091,241954,1239330
trees_1000.newick,2,41,1001,49594,999,999,11649,240210,1001603
trees_1000.newick,2,42,1001,49941,999,999,12013,243513,950010
trees_1000.newick,2,43,1001,49698,999,999,12391,242970,976970
trees_1000.newick,2,44,1001,49600,999,999,11296,237503,1024583
trees_1000.newick,2,45,1001,49188,999,999,11155,238161,991020
trees_1000.newick,2,46,1001,49590,999,999,11171,240909,951504
trees_1000.newick,2,47,1001,49185,999,999,10980,236312,1012036
trees_1000.newick,2,48,1001,49343,999,999,11023,243014,931158
trees_1000.newick,2,49,1001,49382,999,999,11072,233711,1019089
trees_1000.newick,3,4,1001,49333,999,999,11030,237942,962136
trees_1000.newick,3,5,1001,49363,999,999,10993,237712,1269289
trees_1000.newick,3,6,1001,49677,999,999,11037,240047,1275360
trees_1000.newick,3,7,1001,49526,999,999,11167,241156,990404
trees_1000.newick,3,8,1001,49199,999,999,11015,244103,1234786
trees_1000.newick,3,9,1001,48859,999,999,10937,244646,955818
trees_1000.newick,3,10,1001,49366,999,999,11051,238593,1330840
trees_1000.newick,3,11,1001,49081,999,999,11102,241970,1011547
trees_1000.newick,3,12,1001,49500,999,999,11039,238432,1519902
trees_1000.newick,3,13,1001,49966,999,999,11184,238342,1199375
trees_1000.newick,3,14,1001,49267,999,999,11024,243771,1286315
trees_1000.newick,3,15,1001,49364,999,999,11028,238440,978206
trees_1000.newick,3,16,1001,48886,999,999,10988,240577,1273010
trees_1000.newick,3,17,1001,49159,999,999,11090,240400,978731
trees_1000.newick,3,18,1001,49534,999,999,11056,239474,1249392
trees_1000.newick,3,19,1001,49311,999,999,11061,239041,1008272
trees_1000.newick,3,20,1001,49017,999,999,11046,240619,1261853
trees_1000.newick,3,21,1001,49537,999,999,11139,242281,1010425
trees_1000.newick,3,22,1001,49568,999,999,11123,242042,951471
trees_1000.newick,3,23,1001,49163,999,999,11133,238313,976332
trees_1000.newick,3,24,1001,48851,999,999,11021,240240,1004511
trees_1000.newick,3,25,1001,49072,999,999,10984,242962,990968
trees_1000.newick,3,26,1001,49466,999,999,11117,237900,1225329
trees_1000.newick,3,27,1001,49604,999,999,11030,247009,1005797
trees_1000.newick,3,28,1001,48941,999,999,10984,244808,936497
trees_1000.newick,3,29,1001,49483,999,999,11108,245845,1024232
trees_1000.newick,3,30,1001,49322,999,999,11054,242331,945508
trees_1000.newick,3,31,1001,49447,999,999,11091,238724,1006821
trees_1000.newick,3,32,1001,49539,999,999,11164,240741,939787
trees_1000.newick,3,33,1001,49267,999,999,11015,242556,1309441
trees_1000.newick,3,34,1001,49449,999,999,10959,244258,940592
trees_1000.newick,3,35,1001,49479,999,999,10876,239459,997773
trees_1000.newick,3,36,1001,49610,999,999,11103,241411,958102
trees_1000.newick,3,37,1001,49192,999,999,10969,234004,1004925
trees_1000.newick,3,38,1001,49538,999,999,11093,242785,986845
trees_1000.newick,3,39,1001,48785,999,999,10880,242929,1229533
trees_1000.newick,3,40,1001,49357,999,999,11064,240742,997668
trees_1000.newick,3,41,1001,49131,999,999,10877,241999,943213
trees_1000.newick,3,42,1001,49829,999,999,11171,242196,1022878
trees_1000.newick,3,43,1001,49346,999,999,11207,240901,1216892
trees_1000.newick,3,44,1001,49551,999,999,11155,243691,997500
trees_1000.newick,3,45,1001,48937,999,999,10935,238150,941336
trees_1000.newick,3,46,1001,49173,999,999,11323,242260,1002080
trees_1000.newick,3,47,1001,49132,999,999,11308,237031,948553
trees_1000.newick,3,48,1001,49475,999,999,11152,241698,1010639
trees_1000.newick,3,49,1001,49336,999,999,11112,237978,1207622
trees_1000.newick,4,5,1001,49228,999,999,11026,237148,998096
trees_1000.newick,4,6,1001,49206,999,999,10923,238031,945449
trees_1000.newick,4,7,1001,49487,999,999,11012,242272,1012186
trees_1000.newick,4,8,1001,49122,999,999,10871,240022,1206576
trees_1000.newick,4,9,1001,49081,999,999,10902,242963,1010045
trees_1000.newick,4,10,1001,49266,999,999,11266,243636,1249261
trees_1000.newick,4,11,1001,49334,999,999,11024,240276,1015767
trees_1000.newick,4,12,1001,48932,999,999,10960,242494,929224
trees_1000.newick,4,13,1001,49012,999,999,11019,239878,960770
trees_1000.newick,4,14,1001,49756,999,999,10975,244683,1000346
trees_1000.newick,4,15,1001,49252,999,999,10953,243751,977235
trees_1000.newick,4,16,1001,49242,999,999,11009,243836,940644
trees_1000.newick,4,17,1001,49366,999,999,10996,245091,997449
trees_1000.newick,4,18,1001,49143,999,999,11014,247056,942931
trees_1000.newick,4,19,1001,49114,999,999,10992,241313,1036939
trees_1000.newick,4,20,1001,48935,999,999,11009,239341,1282472
trees_1000.newick,4,21,1001,49314,999,999,11064,239990,980105
trees_1000.newick,4,22,1001,49590,999,999,11053,251417,1064393
trees_1000.newick,4,23,1001,49262,999,999,11042,244287,993163
trees_1000.newick,4,24,1001,49016,999,999,11049,236527,964781
trees_1000.newick,4,25,1001,49161,999,999,10985,241707,1033360
trees_1000.newick,4,26,1001,49654,999,999,11293,257826,961652
trees_1000.newick,4,27,1001,48790,999,999,11609,250900,1326865
trees_1000.newick,4,28,1001,48976,999,999,11500,245133,958314
trees_1000.newick,4,29,1001,49380,999,999,11084,238564,1027022
trees_1000.newick,4,30,1001,49240,999,999,11084,241735,944120
trees_1000.newick,4,31,1001,49440,999,999,11151,241364,1534885
trees_1000.newick,4,32,1001,49753,999,999,11221,242490,987239
trees_1000.newick,4,33,1001,49238,999,999,11074,238717,1005671
trees_1000.newick,4,34,1001,49507,999,999,11034,248061,979897
trees_1000.newick,4,35,1001,48952,999,999,10857,240115,949990
trees_1000.newick,4,36,1001,48997,999,999,10947,242150,1308680
trees_1000.newick,4,37,1001,48936,999,999,11022,235873,924729
trees_1000.newick,4,38,1001,49270,999,999,10886,240683,1022903
trees_1000.newick,4,39,1001,49448,999,999,10861,243474,1219324
trees_1000.newick,4,40,1001,49220,999,999,10924,239297,1109339
trees_1000.newick,4,41,1001,49484,999,999,11146,236979,1227924
trees_1000.newick,4,42,1001,49416,999,999,11030,250494,1012099
trees_1000.newick,4,43,1001,49298,999,999,11098,249576,1003515
trees_1000.newick,4,44,1001,49326,999,999,10982,245662,975031
trees_1000.newick,4,45,1001,48882,999,999,10941,241915,946201
trees_1000.newick,4,46,1001,49374,999,999,11059,239586,1024721
trees_1000.newick,4,47,1001,48984,999,999,10890,241159,942964
trees_1000.newick,4,48,1001,48770,999,999,11126,240374,1029079
trees_1000.newick,4,49,1001,49508,999,999,11021,234957,965619
trees_1000.newick,5,6,1001,49947,999,999,10988,234359,1265804
trees_1000.newick,5,7,1001,49529,999,999,11139,239196,1275936
trees_1000.newick,5,8,1001,49291,999,999,10961,244042,987871
trees_1000.newick,5,9,1001,49435,999,999,10954,239989,951135
trees_1000.newick,5,10,1001,49511,999,999,11002,239922,1014384
trees_1000.newick,5,11,1001,49252,999,999,11081,239112,938922
trees_1000.newick,5,12,1001,49138,999,999,10941,237643,1049154
trees_1000.newick,5,13,1001,49206,999,999,11043,240537,924356
trees_1000.newick,5,14,1001,49347,999,999,10954,239372,1604225
trees_1000.newick,5,15,1001,49742,999,999,11044,240599,998036
trees_1000.newick,5,16,1001,49386,999,999,10975,244266,1578736
trees_1000.newick,5,17,1001,49177,999,999,11162,238099,1176154
trees_1000.newick,5,18,1001,49791,999,999,11256,243208,1241907
trees_1000.newick,5,19,1001,49360,999,999,11023,238656,1314709
trees_1000.newick,5,20,1001,49448,999,999,11108,236349,1281877
trees_1000.newick,5,21,1001,49668,999,999,11090,241499,1239691
trees_1000.newick,5,22,1001,49618,999,999,11067,238944,1230626
trees_1000.newick,5,23,1001,49404,999,999,11051,238483,1256647
trees_1000.newick,5,24,1001,49451,999,999,11209,238308,1163845
trees_1000.newick,5,25,1001,49809,999,999,11095,243695,1017740
trees_1000.newick,5,26,1001,49472,999,999,11095,239538,1280339
trees_1000.newick,5,27,1001,49586,999,999,12305,243989,1018480
trees_1000.newick,5,28,1001,49322,999,999,11038,242083,948316
trees_1000.newick,5,29,1001,49835,999,999,11124,242235,961695
trees_1000.newick,5,30,1001,49301,999,999,11986,243063,1315587
trees_1000.newick,5,31,1001,49500,999,999,11580,237862,1274284
trees_1000.newick,5,32,1001,49358,999,999,11677,242999,1277795
trees_1000.newick,5,33,1001,49302,999,999,12245,240624,1001894
trees_1000.newick,5,34,1001,49635,999,999,11360,244688,1270888
trees_1000.newick,5,35,1001,49105,999,999,11309,245016,1282311
trees_1000.newick,5,36,1001,49640,999,999,11087,245284,1270846
trees_1000.newick,5,37,1001,48747,999,999,10931,236792,962751
trees_1000.newick,5,38,1001,49019,999,999,11043,245012,1008154
trees_1000.newick,5,39,1001,49281,999,999,10887,243616,939498
trees_1000.newick,5,40,1001,49157,999,999,11039,239417,1011897
trees_1000.newick,5,41,1001,49624,999,999,10965,239514,942750
trees_1000.newick,5,42,1001,49758,999,999,11133,241605,1019656
trees_1000.newick,5,43,1001,49321,999,999,10997,246908,947845
trees_1000.newick,5,44,1001,49068,999,999,10817,244080,1292812
trees_1000.newick,5,45,1001,49393,999,999,10871,240673,951275
trees_1000.newick,5,46,1001,49630,999,999,11594,241586,1024592
trees_1000.newick,5,47,1001,49374,999,999,11158,243908,1177561
trees_1000.newick,5,48,1001,49210,999,999,11053,243910,1043480
trees_1000.newick,5,49,1001,49381,999,999,11085,240296,982854
trees_1000.newick,6,7,1001,49277,999,999,11029,239590,1232041
trees_1000.newick,6,8,1001,49475,999,999,10963,241606,1015485
trees_1000.newick,6,9,1001,49209,999,999,10971,244039,940444
trees_1000.newick,6,10,1001,49578,999,999,11004,238804,1028506
trees_1000.newick,6,11,1001,49255,999,999,11193,246253,946897
trees_1000.newick,6,12,1001,49348,999,999,10975,239944,1033560
trees_1000.newick,6,13,1001,49500,999,999,11046,236366,986617
trees_1000.newick,6,14,1001,49938,999,999,11064,252266,1037537
trees_1000.newick,6,15,1001,48903,999,999,10964,239970,1011202
trees_1000.newick,6,16,1001,49458,999,999,11105,242179,939023
trees_1000.newick,6,17,1001,49131,999,999,11038,239964,1041186
trees_1000.newick,6,18,1001,49457,999,999,11627,242617,965296
trees_1000.newick,6,19,1001,49361,999,999,11554,244351,1037606
trees_1000.newick,6,20,1001,49306,999,999,11328,240045,982371
trees_1000.newick,6,21,1001,49871,999,999,11437,248320,1025593
trees_1000.newick,6,22,1001,49621,999,999,11315,242092,1022632
trees_1000.newick,6,23,1001,49282,999,999,11286,241498,1614307
trees_1000.newick,6,24,1001,49143,999,999,13768,239280,1319996
trees_1000.newick,6,25,1001,49154,999,999,11458,251585,978195
trees_1000.newick,6,26,1001,49399,999,999,11649,249191,1037257
trees_1000.newick,6,27,1001,49523,999,999,11332,246040,1005456
trees_1000.newick,6,28,1001,49084,999,999,11300,245551,986451
trees_1000.newick,6,29,1001,49741,999,999,11377,240201,1083134
trees_1000.newick,6,30,1001,49575,999,999,11834,243382,971120
trees_1000.newick,6,31,1001,49605,999,999,11516,242313,1334204
trees_1000.newick,6,32,1001,49763,999,999,11289,239785,989202
trees_1000.newick,6,33,1001,48835,999,999,11046,240589,1441958
trees_1000.newick,6,34,1001,49632,999,999,11069,239622,1070711
trees_1000.newick,6,35,1001,48840,999,999,10873,240225,1330669
trees_1000.newick,6,36,1001,50120,999,999,11127,242843,1312694
trees_1000.newick,6,37,1001,49100,999,999,10976,237215,1046366
trees_1000.newick,6,38,1001,49419,999,999,11112,241635,987816
trees_1000.newick,6,39,1001,49126,999,999,10963,240079,1060663
trees_1000.newick,6,40,1001,49843,999,999,11140,235889,1293816
trees_1000.newick,6,41,1001,49370,999,999,10906,240817,1025493
trees_1000.newick,6,42,1001,49987,999,999,11142,243718,1287194
trees_1000.newick,6,43,1001,49270,999,999,11155,239270,1829299
trees_1000.newick,6,44,1001,49783,999,999,11094,249962,1045882
trees_1000.newick,6,45,1001,49144,999,999,11004,236630,1054000
trees_1000.newick,6,46,1001,49440,999,999,11059,242244,980663
trees_1000.newick,6,47,1001,49322,999,999,10976,241031,1067616
trees_1000.newick,6,48,1001,49263,999,999,11278,241541,959203
trees_1000.newick,6,49,1001,49819,999,999,11038,252033,1048061
trees_1000.newick,7,8,1001,49508,999,999,10849,241171,1222173
trees_1000.newick,7,9,1001,49544,999,999,10863,242166,1038900
trees_1000.newick,7,10,1001,49639,999,999,11109,239277,942202
trees_1000.newick,7,11,1001,49294,999,999,11229,245400,1033508
trees_1000.newick,7,12,1001,49044,999,999,11003,240498,1230211
trees_1000.newick,7,13,1001,49310,999,999,11057,242406,1013485
trees_1000.newick,7,14,1001,49586,999,999,11000,246713,942388
trees_1000.newick,7,15,1001,49983,999,999,11113,242793,1032212
trees_1000.newick,7,16,1001,49295,999,999,11014,239086,943537
trees_1000.newick,7,17,1001,49211,999,999,10969,239015,1300164
trees_1000.newick,7,18,1001,49528,999,999,11101,241889,960540
trees_1000.newick,7,19,1001,49268,999,999,11065,243222,1363727
trees_1000.newick,7,20,1001,49400,999,999,11092,238861,1202975
trees_1000.newick,7,21,1001,49226,999,999,11134,238745,1313753
trees_1000.newick,7,22,1001,49299,999,999,11018,240260,973185
trees_1000.newick,7,23,1001,49398,999,999,11099,239969,1014682
trees_1000.newick,7,24,1001,49501,999,999,11089,236822,982638
trees_1000.newick,7,25,1001,49418,999,999,10969,237850,1312634
trees_1000.newick,7,26,1001,49661,999,999,11099,244282,990960
trees_1000.newick,7,27,1001,49576,999,999,11094,252454,1013371
trees_1000.newick,7,28,1001,49399,999,999,10983,244312,945442
trees_1000.newick,7,29,1001,49693,999,999,11271,243588,1233741
trees_1000.newick,7,30,1001,49337,999,999,11096,243344,986574
trees_1000.newick,7,31,1001,49789,999,999,11129,241187,1006783
trees_1000.newick,7,32,1001,49792,999,999,11308,240361,998635
trees_1000.newick,7,33,1001,49220,999,999,11262,235805,1232022
trees_1000.newick,7,34,1001,49394,999,999,11083,242220,1024850
trees_1000.newick,7,35,1001,49078,999,999,10916,236093,1260487
trees_1000.newick,7,36,1001,49829,999,999,11120,242431,1038377
trees_1000.newick,7,37,1001,49267,999,999,10983,236393,978660
trees_1000.newick,7,38,1001,49324,999,999,11122,238558,1043238
trees_1000.newick,7,39,1001,49868,999,999,11012,241559,1014457
trees_1000.newick,7,40,1001,49340,999,999,11436,236680,1050820
trees_1000.newick,7,41,1001,49754,999,999,10995,236782,1029663
trees_1000.newick,7,42,1001,49738,999,999,11125,240685,1045769
trees_1000.newick,7,43,1001,49671,999,999,11222,249695,1031615
trees_1000.newick,7,44,1001,49438,999,999,11033,243056,1099104
trees_1000.newick,7,45,1001,49423,999,999,11051,243083,1037262
trees_1000.newick,7,46,1001,49530,999,999,11391,239008,984804
trees_1000.newick,7,47,1001,49636,999,999,11034,237977,1106353
trees_1000.newick,7,48,1001,49825,999,999,11107,241712,986230
trees_1000.newick,7,49,1001,49283,999,999,11049,236235,1070810
trees_1000.newick,8,9,1001,49572,999,999,11016,239188,979991
trees_1000.newick,8,10,1001,49655,999,999,11020,236345,1046137
trees_1000.newick,8,11,1001,49520,999,999,11089,240436,965713
trees_1000.newick,8,12,1001,48991,999,999,10997,236713,1046835
trees_1000.newick,8,13,1001,49660,999,999,11104,241380,1326177
trees_1000.newick,8,14,1001,49819,999,999,10960,237918,1074303
trees_1000.newick,8,15,1001,49352,999,999,10957,236385,1003170
trees_1000.newick,8,16,1001,49450,999,999,11038,242840,1008413
trees_1000.newick,8,17,1001,49269,999,999,10764,237343,1379745
trees_1000.newick,8,18,1001,49101,999,999,10779,238361,1064848
trees_1000.newick,8,19,1001,49594,999,999,10859,242115,1081629
trees_1000.newick,8,20,1001,49029,999,999,11086,239911,1006031
trees_1000.newick,8,21,1001,49393,999,999,11099,246047,1412126
trees_1000.newick,8,22,1001,49177,999,999,10941,241970,1000968
trees_1000.newick,8,23,1001,49497,999,999,11031,238386,1083564
trees_1000.newick,8,24,1001,49489,999,999,11076,239722,1334287
trees_1000.newick,8,25,1001,49587,999,999,11059,240769,1068616
trees_1000.newick,8,26,1001,49159,999,999,11020,239403,1610170
trees_1000.newick,8,27,1001,49390,999,999,10996,244566,1072565
trees_1000.newick,8,28,1001,49271,999,999,10968,245330,1076277
trees_1000.newick,8,29,1001,49777,999,999,11069,241709,1071666
trees_1000.newick,8,30,1001,49076,999,999,11035,245520,1019056
trees_1000.newick,8,31,1001,49770,999,999,11070,241541,1086794
trees_1000.newick,8,32,1001,49609,999,999,11172,246379,1038342
trees_1000.newick,8,33,1001,48786,999,999,11367,240483,1086156
trees_1000.newick,8,34,1001,49038,999,999,10950,241321,1033533
trees_1000.newick,8,35,1001,49056,999,999,10895,243886,1086886
trees_1000.newick,8,36,1001,49646,999,999,11062,246371,1372819
trees_1000.newick,8,37,1001,48551,999,999,10892,238686,1294494
trees_1000.newick,8,38,1001,49196,999,999,11049,246569,1106273
trees_1000.newick,8,39,1001,49697,999,999,10961,242047,1632810
trees_1000.newick,8,40,1001,49312,999,999,11027,239409,1047259
trees_1000.newick,8,41,1001,49104,999,999,10870,246401,1362934
trees_1000.newick,8,42,1001,49722,999,999,11058,242996,1064274
trees_1000.newick,8,43,1001,49062,999,999,11090,245039,1067341
trees_1000.newick,8,44,1001,49436,999,999,11001,245172,1324950
trees_1000.newick,8,45,1001,48828,999,999,10934,236071,1310661
trees_1000.newick,8,46,1001,49510,999,999,11056,241326,1349392
trees_1000.newick,8,47,1001,49416,999,999,10964,236640,1050502
trees_1000.newick,8,48,1001,49411,999,999,11068,239810,986069
trees_1000.newick,8,49,1001,49409,999,999,11010,238595,1361614
trees_1000.newick,9,10,1001,48934,999,999,11001,248650,1028028
trees_1000.newick,9,11,1001,49006,999,999,11042,240341,1320877
trees_1000.newick,9,12,1001,49389,999,999,11002,239317,1026937
trees_1000.newick,9,13,1001,49041,999,999,11006,239902,975253
trees_1000.newick,9,14,1001,49274,999,999,10935,238391,1052083
trees_1000.newick,9,15,1001,48986,999,999,10959,238080,975637
trees_1000.newick,9,16,1001,49043,999,999,10993,241386,1358791
trees_1000.newick,9,17,1001,49570,999,999,11012,243280,1018589
trees_1000.newick,9,18,1001,49386,999,999,11022,240285,1044226
trees_1000.newick,9,19,1001,49393,999,999,11080,239155,1004026
trees_1000.newick,9,20,1001,49423,999,999,11102,245303,961044
trees_1000.newick,9,21,1001,49056,999,999,11003,242859,1043838
trees_1000.newick,9,22,1001,49159,999,999,10974,240308,1240949
trees_1000.newick,9,23,1001,49733,999,999,11089,238897,993901
trees_1000.newick,9,24,1001,49017,999,999,11003,235654,1018865
trees_1000.newick,9,25,1001,49555,999,999,10993,241629,1282220
trees_1000.newick,9,26,1001,49159,999,999,11042,236444,1217035
trees_1000.newick,9,27,1001,49053,999,999,10945,242472,1321859
trees_1000.newick,9,28,1001,48936,999,999,10771,244824,1208128
trees_1000.newick,9,29,1001,49227,999,999,10825,237132,1032363
trees_1000.newick,9,30,1001,49188,999,999,10874,241193,952044
trees_1000.newick,9,31,1001,49509,999,999,11007,242661,1019528
trees_1000.newick,9,32,1001,48810,999,999,11215,242047,1533368
trees_1000.newick,9,33,1001,49031,999,999,11049,243537,1293691
trees_1000.newick,9,34,1001,49462,999,999,11034,243838,956170
trees_1000.newick,9,35,1001,48738,999,999,10833,242059,1516363
trees_1000.newick,9,36,1001,49606,999,999,11047,269961,1035155
trees_1000.newick,9,37,1001,48652,999,999,10937,236432,1133604
trees_1000.newick,9,38,1001,49308,999,999,11088,245449,957760
trees_1000.newick,9,39,1001,49361,999,999,10925,241835,1039947
trees_1000.newick,9,40,1001,49187,999,999,11036,244360,950821
trees_1000.newick,9,41,1001,49313,999,999,10910,241531,1035971
trees_1000.newick,9,42,1001,49747,999,999,11078,246140,945421
trees_1000.newick,9,43,1001,49270,999,999,11150,247712,1018982
trees_1000.newick,9,44,1001,48859,999,999,10948,249950,1214618
trees_1000.newick,9,45,1001,48936,999,999,10936,254981,993872
trees_1000.newick,9,46,1001,49300,999,999,11052,238538,954400
trees_1000.newick,9,47,1001,49127,999,999,10959,245678,1376314
trees_1000.newick,9,48,1001,48908,999,999,10968,250082,1332276
trees_1000.newick,9,49,1001,49385,999,999,11016,237438,1053156
trees_1000.newick,10,11,1001,49216,999,999,11076,243807,986005
trees_1000.newick,10,12,1001,49362,999,999,11073,246240,1246004
trees_1000.newick,10,13,1001,49803,999,999,11116,246867,1578644
trees_1000.newick,10,14,1001,49626,999,999,10958,237055,1017729
trees_1000.newick,10,15,1001,49403,999,999,11009,240341,958213
trees_1000.newick,10,16,1001,48856,999,999,10929,241208,1232242
trees_1000.newick,10,17,1001,49435,999,999,10960,240295,1014655
trees_1000.newick,10,18,1001,49859,999,999,11132,246152,1082363
trees_1000.newick,10,19,1001,49610,999,999,11033,240317,1070093
trees_1000.newick,10,20,1001,49656,999,999,11168,241991,957915
trees_1000.newick,10,21,1001,49192,999,999,11048,246023,1020736
trees_1000.newick,10,22,1001,49419,999,999,11007,239402,976553
trees_1000.newick,10,23,1001,49614,999,999,11168,244004,1032629
trees_1000.newick,10,24,1001,49161,999,999,11047,241133,1011002
trees_1000.newick,10,25,1001,49382,999,999,11068,242044,1291190
trees_1000.newick,10,26,1001,49492,999,999,11131,243630,1050521
trees_1000.newick,10,27,1001,49638,999,999,11044,243319,990278
trees_1000.newick,10,28,1001,49142,999,999,10978,239130,1004898
trees_1000.newick,10,29,1001,49543,999,999,11087,241851,1385416
trees_1000.newick,10,30,1001,49501,999,999,11123,249050,1311029
trees_1000.newick,10,31,1001,49476,999,999,11051,238497,1026248
trees_1000.newick,10,32,1001,49176,999,999,11127,240673,983361
trees_1000.newick,10,33,1001,49223,999,999,11122,240289,982493
trees_1000.newick,10,34,1001,49494,999,999,11064,243828,1058039
trees_1000.newick,10,35,1001,49211,999,999,10921,243478,1318740
trees_1000.newick,10,36,1001,50238,999,999,11115,242257,1027523
trees_1000.newick,10,37,1001,49333,999,999,11002,236666,981137
trees_1000.newick,10,38,1001,49556,999,999,11137,238583,1040992
trees_1000.newick,10,39,1001,49348,999,999,10763,238081,1299683
trees_1000.newick,10,40,1001,49487,999,999,10889,240614,1072761
trees_1000.newick,10,41,1001,49241,999,999,10784,238107,1011394
trees_1000.newick,10,42,1001,49419,999,999,11024,240070,1588398
trees_1000.newick,10,43,1001,49055,999,999,11171,239430,1385059
trees_1000.newick,10,44,1001,49477,999,999,11031,239085,1041138
trees_1000.newick,10,45,1001,49243,999,999,11684,240405,1015685
trees_1000.newick,10,46,1001,49266,999,999,11053,238863,1355431
trees_1000.newick,10,47,1001,49076,999,999,10920,238532,1056467
trees_1000.newick,10,48,1001,49216,999,999,11158,245878,1076068
trees_1000.newick,10,49,1001,49853,999,999,11068,256887,1049773
trees_1000.newick,11,12,1001,48898,999,999,11015,237701,1331921
trees_1000.newick,11,13,1001,49430,999,999,11070,236482,1072893
trees_1000.newick,11,14,1001,49579,999,999,10980,240917,1036981
trees_1000.newick,11,15,1001,49646,999,999,11184,237744,1004821
trees_1000.newick,11,16,1001,49285,999,999,11092,239257,1111238
trees_1000.newick,11,17,1001,49434,999,999,11024,239527,1013254
trees_1000.newick,11,18,1001,49401,999,999,11069,240490,1139706
trees_1000.newick,11,19,1001,48986,999,999,11032,239391,1011451
trees_1000.newick,11,20,1001,49623,999,999,11084,237047,1099343
trees_1000.newick,11,21,1001,49240,999,999,11041,239911,998135
trees_1000.newick,11,22,1001,49086,999,999,11030,241332,1063420
trees_1000.newick,11,23,1001,49415,999,999,11058,237778,1066316
trees_1000.newick,11,24,1001,49278,999,999,11045,240674,1054144
trees_1000.newick,11,25,1001,49108,999,999,10977,246710,1620329
trees_1000.newick,11,26,1001,49230,999,999,11081,239946,1076774
trees_1000.newick,11,27,1001,49149,999,999,10988,246806,1034294
trees_1000.newick,11,28,1001,49087,999,999,10972,239402,995265
trees_1000.newick,11,29,1001,49515,999,999,11064,240275,1023662
trees_1000.newick,11,30,1001,49464,999,999,11067,244552,1065952
trees_1000.newick,11,31,1001,49369,999,999,11058,238431,1039141
trees_1000.newick,11,32,1001,49231,999,999,11128,244315,1328682
trees_1000.newick,11,33,1001,49446,999,999,11183,243237,1048214
trees_1000.newick,11,34,1001,49527,999,999,11085,246286,1023792
trees_1000.newick,11,35,1001,49227,999,999,10948,240443,1024978
trees_1000.newick,11,36,1001,49668,999,999,11066,242509,1085468
trees_1000.newick,11,37,1001,48960,999,999,10946,236538,975186
trees_1000.newick,11,38,1001,49240,999,999,11056,242818,1075611
trees_1000.newick,11,39,1001,49095,999,999,10862,237731,1009777
trees_1000.newick,11,40,1001,49758,999,999,11068,237412,1088523
trees_1000.newick,11,41,1001,49136,999,999,10864,238937,1017051
trees_1000.newick,11,42,1001,49794,999,999,11195,240519,1054284
trees_1000.newick,11,43,1001,48960,999,999,11104,239732,1303835
trees_1000.newick,11,44,1001,49091,999,999,11068,237375,975660
trees_1000.newick,11,45,1001,48922,999,999,10975,233718,1052175
trees_1000.newick,11,46,1001,48745,999,999,11029,240102,1017915
trees_1000.newick,11,47,1001,49000,999,999,10897,237399,961495
trees_1000.newick,11,48,1001,49094,999,999,11003,238663,1019154
trees_1000.newick,11,49,1001,49472,999,999,11014,238184,966579
trees_1000.newick,12,13,1001,49006,999,999,11106,235436,1260130
trees_1000.newick,12,14,1001,49218,999,999,11016,241458,999141
trees_1000.newick,12,15,1001,49382,999,999,10840,237623,1015231
trees_1000.newick,12,16,1001,49689,999,999,10899,239012,956829
trees_1000.newick,12,17,1001,49279,999,999,10912,240427,976877
trees_1000.newick,12,18,1001,49383,999,999,11078,241195,1035641
trees_1000.newick,12,19,1001,49297,999,999,11103,235133,1229208
trees_1000.newick,12,20,1001,49501,999,999,11113,238882,1011440
trees_1000.newick,12,21,1001,49626,999,999,11072,240478,957027
trees_1000.newick,12,22,1001,49448,999,999,11068,241333,1017470
trees_1000.newick,12,23,1001,49020,999,999,11114,240633,1000859
trees_1000.newick,12,24,1001,48984,999,999,11044,236320,932680
trees_1000.newick,12,25,1001,48973,999,999,10996,241977,1513232
trees_1000.newick,12,26,1001,49588,999,999,11144,242362,943685
trees_1000.newick,12,27,1001,49533,999,999,11059,241781,1003643
trees_1000.newick,12,28,1001,48811,999,999,11008,241403,982641
trees_1000.newick,12,29,1001,49353,999,999,11092,235866,953387
trees_1000.newick,12,30,1001,49287,999,999,11098,241814,1009218
trees_1000.newick,12,31,1001,49896,999,999,11150,241196,956711
trees_1000.newick,12,32,1001,49832,999,999,11249,244951,1015289
trees_1000.newick,12,33,1001,49022,999,999,11121,240481,979368
trees_1000.newick,12,34,1001,49204,999,999,11027,245341,937506
trees_1000.newick,12,35,1001,49133,999,999,10973,237704,1564575
trees_1000.newick,12,36,1001,49812,999,999,11075,243196,994796
trees_1000.newick,12,37,1001,49511,999,999,11028,234741,1006054
trees_1000.newick,12,38,1001,49238,999,999,11125,238032,961886
trees_1000.newick,12,39,1001,48753,999,999,10931,241847,966139
trees_1000.newick,12,40,1001,49150,999,999,11048,236060,1038503
trees_1000.newick,12,41,1001,48949,999,999,10888,238329,972083
trees_1000.newick,12,42,1001,49699,999,999,11182,246316,1285320
trees_1000.newick,12,43,1001,49158,999,999,11173,239666,1024967
trees_1000.newick,12,44,1001,49310,999,999,11084,243203,974655
trees_1000.newick,12,45,1001,49407,999,999,11030,239209,975395
trees_1000.newick,12,46,1001,49402,999,999,11120,240931,1049742
trees_1000.newick,12,47,1001,48994,999,999,11014,242510,968767
trees_1000.newick,12,48,1001,49362,999,999,11077,242203,1064512
trees_1000.newick,12,49,1001,49512,999,999,11064,237215,1007304
trees_1000.newick,13,14,1001,49276,999,999,11024,238895,998431
trees_1000.newick,13,15,1001,49589,999,999,11047,241069,1035859
trees_1000.newick,13,16,1001,49021,999,999,10994,241703,999224
trees_1000.newick,13,17,1001,49695,999,999,11033,240247,1003737
trees_1000.newick,13,18,1001,49729,999,999,11108,241369,1046127
trees_1000.newick,13,19,1001,49402,999,999,11089,237306,1038176
trees_1000.newick,13,20,1001,49355,999,999,11094,239102,1000940
trees_1000.newick,13,21,1001,49275,999,999,11114,242870,1059691
trees_1000.newick,13,22,1001,49250,999,999,11051,237199,1326187
trees_1000.newick,13,23,1001,49435,999,999,11091,238957,1027147
trees_1000.newick,13,24,1001,49357,999,999,11082,239153,1014673
trees_1000.newick,13,25,1001,49524,999,999,11094,238188,990815
trees_1000.newick,13,26,1001,49478,999,999,11144,239533,1066154
trees_1000.newick,13,27,1001,48963,999,999,11024,242412,999589
trees_1000.newick,13,28,1001,49469,999,999,11068,240047,1050529
trees_1000.newick,13,29,1001,49479,999,999,10947,240451,1011082
trees_1000.newick,13,30,1001,49559,999,999,10940,245226,1057868
trees_1000.newick,13,31,1001,49665,999,999,10937,239513,976292
trees_1000.newick,13,32,1001,49412,999,999,11254,243857,1061880
trees_1000.newick,13,33,1001,49263,999,999,11173,235340,1410795
trees_1000.newick,13,34,1001,49070,999,999,11037,240398,1091464
trees_1000.newick,13,35,1001,49005,999,999,11048,243648,1090674
trees_1000.newick,13,36,1001,49724,999,999,11301,241435,1035863
trees_1000.newick,13,37,1001,49334,999,999,11093,238671,1101673
trees_1000.newick,13,38,1001,49418,999,999,11265,241393,1314071
trees_1000.newick,13,39,1001,49123,999,999,10969,240647,1112988
trees_1000.newick,13,40,1001,49502,999,999,11147,242193,1338283
trees_1000.newick,13,41,1001,49014,999,999,10938,240889,1099638
trees_1000.newick,13,42,1001,49142,999,999,11076,240660,1066095
trees_1000.newick,13,43,1001,49247,999,999,11197,239541,1032369
trees_1000.newick,13,44,1001,49430,999,999,11069,240168,1352736
trees_1000.newick,13,45,1001,49002,999,999,11163,241186,979531
trees_1000.newick,13,46,1001,49067,999,999,11093,240086,1098665
trees_1000.newick,13,47,1001,49504,999,999,11089,239879,1009197
trees_1000.newick,13,48,1001,49617,999,999,11205,243714,1119976
trees_1000.newick,13,49,1001,49118,999,999,11092,239243,1309283
trees_1000.newick,14,15,1001,49506,999,999,11053,239081,1361514
trees_1000.newick,14,16,1001,49323,999,999,11059,238360,1391202
trees_1000.newick,14,17,1001,49771,999,999,11107,241476,1303274
trees_1000.newick,14,18,1001,49603,999,999,11193,237803,1068089
trees_1000.newick,14,19,1001,49351,999,999,11100,238493,1062771
trees_1000.newick,14,20,1001,49213,999,999,11191,237850,988506
trees_1000.newick,14,21,1001,49587,999,999,11160,241786,1064156
trees_1000.newick,14,22,1001,49708,999,999,11142,243868,986432
trees_1000.newick,14,23,1001,50071,999,999,11271,252000,1081497
trees_1000.newick,14,24,1001,49634,999,999,11165,240244,1324961
trees_1000.newick,14,25,1001,49635,999,999,11059,241141,1064855
trees_1000.newick,14,26,1001,49652,999,999,11153,237601,1009153
trees_1000.newick,14,27,1001,49679,999,999,11101,244361,1296361
trees_1000.newick,14,28,1001,49377,999,999,11089,246346,1036966
trees_1000.newick,14,29,1001,49672,999,999,11176,237804,983791
trees_1000.newick,14,30,1001,49413,999,999,11118,244858,1258779
trees_1000.newick,14,31,1001,49955,999,999,11215,241014,989506
trees_1000.newick,14,32,1001,49687,999,999,11291,243243,1030173
trees_1000.newick,14,33,1001,49290,999,999,11130,241501,989804
trees_1000.newick,14,34,1001,49204,999,999,11050,239973,974554
trees_1000.newick,14,35,1001,49506,999,999,11026,239784,1046841
trees_1000.newick,14,36,1001,49698,999,999,11151,242498,957392
trees_1000.newick,14,37,1001,49446,999,999,11016,236432,1047748
trees_1000.newick,14,38,1001,49020,999,999,11100,244335,958695
trees_1000.newick,14,39,1001,49698,999,999,11020,243181,1051028
trees_1000.newick,14,40,1001,49351,999,999,11107,237950,1525105
trees_1000.newick,14,41,1001,49731,999,999,10981,240020,1028922
trees_1000.newick,14,42,1001,49305,999,999,11064,237760,1837322
trees_1000.newick,14,43,1001,49453,999,999,11181,237075,1622032
trees_1000.newick,14,44,1001,49365,999,999,10914,240521,941541
trees_1000.newick,14,45,1001,49433,999,999,10825,232941,1025943
trees_1000.newick,14,46,1001,49533,999,999,10929,242169,990690
trees_1000.newick,14,47,1001,49292,999,999,10969,243065,959927
trees_1000.newick,14,48,1001,49343,999,999,10965,240710,994753
trees_1000.newick,14,49,1001,49715,999,999,11121,241562,951639
trees_1000.newick,15,16,1001,49368,999,999,11103,242582,1012992
trees_1000.newick,15,17,1001,49402,999,999,10993,239583,1206669
trees_1000.newick,15,18,1001,49659,999,999,11089,243222,987641
trees_1000.newick,15,19,1001,49639,999,999,11065,238240,975988
trees_1000.newick,15,20,1001,49260,999,999,11042,236960,1298819
trees_1000.newick,15,21,1001,49243,999,999,11043,242679,957977
trees_1000.newick,15,22,1001,49372,999,999,10991,239479,1295462
trees_1000.newick,15,23,1001,49426,999,999,11066,244100,1016951
trees_1000.newick,15,24,1001,49267,999,999,11022,240346,1021330
trees_1000.newick,15,25,1001,49369,999,999,10989,239156,951991
trees_1000.newick,15,26,1001,49341,999,999,11056,242179,974591
trees_1000.newick,15,27,1001,49416,999,999,10995,238469,1405781
trees_1000.newick,15,28,1001,49570,999,999,11021,245026,1095640
trees_1000.newick,15,29,1001,49500,999,999,11079,239182,1294415
trees_1000.newick,15,30,1001,49634,999,999,11092,241622,1035258
trees_1000.newick,15,31,1001,49724,999,999,11110,241744,980161
trees_1000.newick,15,32,1001,49709,999,999,11176,244772,1613661
trees_1000.newick,15,33,1001,49099,999,999,11068,237797,1017598
trees_1000.newick,15,34,1001,48942,999,999,10971,244245,1040904
trees_1000.newick,15,35,1001,48936,999,999,10860,241962,1012241
trees_1000.newick,15,36,1001,50318,999,999,11143,241499,969008
trees_1000.newick,15,37,1001,49125,999,999,10963,236422,1319310
trees_1000.newick,15,38,1001,49165,999,999,11034,238774,991421
trees_1000.newick,15,39,1001,49514,999,999,10957,241039,1070328
trees_1000.newick,15,40,1001,49382,999,999,11011,240955,1004244
trees_1000.newick,15,41,1001,49115,999,999,10865,241060,1046298
trees_1000.newick,15,42,1001,49396,999,999,11083,244875,1018378
trees_1000.newick,15,43,1001,49266,999,999,11091,241352,1068144
trees_1000.newick,15,44,1001,49475,999,999,10986,243261,983999
trees_1000.newick,15,45,1001,49514,999,999,11030,238835,1019672
trees_1000.newick,15,46,1001,49491,999,999,11081,236303,1096845
trees_1000.newick,15,47,1001,49353,999,999,10957,241243,985688
trees_1000.newick,15,48,1001,49370,999,999,11050,243038,1086202
trees_1000.newick,15,49,1001,49534,999,999,10995,237908,993401
trees_1000.newick,16,17,1001,49162,999,999,10973,237808,1103098
trees_1000.newick,16,18,1001,49153,999,999,11045,243933,1565296
trees_1000.newick,16,19,1001,49235,999,999,11100,240132,1355299
trees_1000.newick,16,20,1001,48982,999,999,11047,235414,1348837
trees_1000.newick,16,21,1001,49291,999,999,11128,243194,1038075
trees_1000.newick,16,22,1001,49332,999,999,11027,244695,1066918
trees_1000.newick,16,23,1001,49412,999,999,11063,242597,1020757
trees_1000.newick,16,24,1001,49282,999,999,11068,243161,1020204
trees_1000.newick,16,25,1001,49514,999,999,11020,236452,1380002
trees_1000.newick,16,26,1001,49447,999,999,11045,237356,1039981
trees_1000.newick,16,27,1001,49149,999,999,11001,243367,1066606
trees_1000.newick,16,28,1001,49092,999,999,10770,239780,1349767
trees_1000.newick,16,29,1001,49141,999,999,10826,241652,1007792
trees_1000.newick,16,30,1001,49305,999,999,10893,245438,1114725
trees_1000.newick,16,31,1001,49586,999,999,11056,238139,1297737
trees_1000.newick,16,32,1001,49536,999,999,11233,242120,1154536
trees_1000.newick,16,33,1001,49188,999,999,11320,238094,1089523
trees_1000.newick,16,34,1001,49247,999,999,11002,238697,1031035
trees_1000.newick,16,35,1001,48590,999,999,10817,241081,1101267
trees_1000.newick,16,36,1001,49357,999,999,11043,239659,1394103
trees_1000.newick,16,37,1001,49211,999,999,11044,233449,1096455
trees_1000.newick,16,38,1001,49231,999,999,11138,241936,1708463
trees_1000.newick,16,39,1001,49460,999,999,10913,238041,978509
trees_1000.newick,16,40,1001,49400,999,999,11074,237385,1125435
trees_1000.newick,16,41,1001,49154,999,999,10909,240324,1008531
trees_1000.newick,16,42,1001,49663,999,999,11078,237335,1141087
trees_1000.newick,16,43,1001,48919,999,999,11066,237223,1307089
trees_1000.newick,16,44,1001,49440,999,999,11072,239573,1398746
trees_1000.newick,16,45,1001,49192,999,999,11026,237233,1057518
trees_1000.newick,16,46,1001,49278,999,999,11068,240167,1504583
trees_1000.newick,16,47,1001,48737,999,999,10917,235199,1061625
trees_1000.newick,16,48,1001,48999,999,999,10981,244049,1015698
trees_1000.newick,16,49,1001,49150,999,999,10984,241145,988308
trees_1000.newick,17,18,1001,49038,999,999,11093,241560,1069601
trees_1000.newick,17,19,1001,48889,999,999,11021,238438,999193
trees_1000.newick,17,20,1001,48837,999,999,11067,238666,1377617
trees_1000.newick,17,21,1001,49110,999,999,11067,238177,963379
trees_1000.newick,17,22,1001,49364,999,999,11062,241011,1066449
trees_1000.newick,17,23,1001,49488,999,999,11079,238216,989145
trees_1000.newick,17,24,1001,49373,999,999,11109,234649,1061124
trees_1000.newick,17,25,1001,49402,999,999,11102,240460,1042253
trees_1000.newick,17,26,1001,49186,999,999,11057,236379,1292562
trees_1000.newick,17,27,1001,49673,999,999,11054,240102,975740
trees_1000.newick,17,28,1001,49292,999,999,11030,244096,1069419
trees_1000.newick,17,29,1001,49166,999,999,11089,235813,1348827
trees_1000.newick,17,30,1001,49197,999,999,11086,242418,978888
trees_1000.newick,17,31,1001,49823,999,999,11123,239030,1046537
trees_1000.newick,17,32,1001,49662,999,999,11202,239273,1305002
trees_1000.newick,17,33,1001,48869,999,999,11092,237746,1281103
trees_1000.newick,17,34,1001,49084,999,999,10980,238264,1316963
trees_1000.newick,17,35,1001,49155,999,999,11145,239269,1001413
trees_1000.newick,17,36,1001,49692,999,999,11087,246376,936611
trees_1000.newick,17,37,1001,48846,999,999,10940,236804,1003159
trees_1000.newick,17,38,1001,49593,999,999,11117,239819,1012260
trees_1000.newick,17,39,1001,49598,999,999,11014,242385,987569
trees_1000.newick,17,40,1001,49644,999,999,11091,238203,987774
trees_1000.newick,17,41,1001,49295,999,999,10918,240405,1032586
trees_1000.newick,17,42,1001,49155,999,999,11037,239991,958895
trees_1000.newick,17,43,1001,49090,999,999,11161,237636,1026526
trees_1000.newick,17,44,1001,49379,999,999,11063,244346,953231
trees_1000.newick,17,45,1001,49215,999,999,11009,238307,1297746
trees_1000.newick,17,46,1001,49433,999,999,10969,238102,965803
trees_1000.newick,17,47,1001,49057,999,999,10809,241703,1341472
trees_1000.newick,17,48,1001,49305,999,999,10894,240131,1268044
trees_1000.newick,17,49,1001,49106,999,999,10939,240785,1249480
trees_1000.newick,18,19,1001,49691,999,999,11053,242715,1007416
trees_1000.newick,18,20,1001,49691,999,999,11135,242661,997868
trees_1000.newick,18,21,1001,49646,999,999,11109,243889,1253609
trees_1000.newick,18,22,1001,49215,999,999,11003,241652,1024198
trees_1000.newick,18,23,1001,49288,999,999,11104,242354,970166
trees_1000.newick,18,24,1001,49267,999,999,11049,237118,972746
trees_1000.newick,18,25,1001,49414,999,999,11052,239472,1040675
trees_1000.newick,18,26,1001,49585,999,999,11108,242555,961656
trees_1000.newick,18,27,1001,49507,999,999,11050,241848,1028621
trees_1000.newick,18,28,1001,49211,999,999,11048,240522,1296377
trees_1000.newick,18,29,1001,49579,999,999,11074,239283,1008687
trees_1000.newick,18,30,1001,49591,999,999,11105,241351,1022824
trees_1000.newick,18,31,1001,49966,999,999,11095,242415,963853
trees_1000.newick,18,32,1001,49664,999,999,11211,242973,1266762
trees_1000.newick,18,33,1001,49409,999,999,11121,234745,1035878
trees_1000.newick,18,34,1001,49203,999,999,10993,239731,977019
trees_1000.newick,18,35,1001,49211,999,999,10917,240527,1063868
trees_1000.newick,18,36,1001,49517,999,999,10988,240901,1582608
trees_1000.newick,18,37,1001,49066,999,999,10936,237746,1030389
trees_1000.newick,18,38,1001,49305,999,999,11122,241649,1647858
trees_1000.newick,18,39,1001,49550,999,999,10905,254067,963889
trees_1000.newick,18,40,1001,49379,999,999,11079,241124,1377546
trees_1000.newick,18,41,1001,49393,999,999,10892,238983,977875
trees_1000.newick,18,42,1001,49924,999,999,11148,242712,1087540
trees_1000.newick,18,43,1001,49659,999,999,11226,255954,976158
trees_1000.newick,18,44,1001,49414,999,999,11043,241116,1101696
trees_1000.newick,18,45,1001,49222,999,999,10966,261521,1281033
trees_1000.newick,18,46,1001,49420,999,999,11084,239477,1060428
trees_1000.newick,18,47,1001,49240,999,999,10964,240152,981101
trees_1000.newick,18,48,1001,49411,999,999,11062,241881,1072148
trees_1000.newick,18,49,1001,49552,999,999,11043,237549,1009379
trees_1000.newick,19,20,1001,49619,999,999,11360,237314,1063907
trees_1000.newick,19,21,1001,49452,999,999,11077,242459,1042999
trees_1000.newick,19,22,1001,49792,999,999,11084,242588,1077348
trees_1000.newick,19,23,1001,48991,999,999,11008,235635,1341716
trees_1000.newick,19,24,1001,49077,999,999,11037,237939,1088527
trees_1000.newick,19,25,1001,49521,999,999,11035,242360,1111291
trees_1000.newick,19,26,1001,49543,999,999,11122,235516,1005067
trees_1000.newick,19,27,1001,48947,999,999,10918,247563,1456973
trees_1000.newick,19,28,1001,49023,999,999,10968,242832,1040317
trees_1000.newick,19,29,1001,49457,999,999,11073,241733,1108878
trees_1000.newick,19,30,1001,49319,999,999,11095,244389,1039133
trees_1000.newick,19,31,1001,49399,999,999,11056,238398,1037168
trees_1000.newick,19,32,1001,49302,999,999,11152,243488,1722303
trees_1000.newick,19,33,1001,49411,999,999,11145,240160,1024277
trees_1000.newick,19,34,1001,49362,999,999,11037,241492,1202944
trees_1000.newick,19,35,1001,49226,999,999,10892,241049,1387689
trees_1000.newick,19,36,1001,49403,999,999,10807,239764,1089688
trees_1000.newick,19,37,1001,49207,999,999,10793,235086,1389133
trees_1000.newick,19,38,1001,49378,999,999,10886,243622,1072101
trees_1000.newick,19,39,1001,49440,999,999,10980,238548,1097688
trees_1000.newick,19,40,1001,49718,999,999,10995,240142,1026231
trees_1000.newick,19,41,1001,49276,999,999,10825,242866,1030391
trees_1000.newick,19,42,1001,49703,999,999,11053,242007,1425534
trees_1000.newick,19,43,1001,49386,999,999,11138,242715,1352442
trees_1000.newick,19,44,1001,49374,999,999,11039,238669,1062991
trees_1000.newick,19,45,1001,49123,999,999,11011,234369,1185516
trees_1000.newick,19,46,1001,49255,999,999,11031,241599,1310161
trees_1000.newick,19,47,1001,49722,999,999,11021,238881,1096809
trees_1000.newick,19,48,1001,49344,999,999,11132,241657,1004190
trees_1000.newick,19,49,1001,49134,999,999,10998,240860,1273512
trees_1000.newick,20,21,1001,49390,999,999,11077,239184,1637844
trees_1000.newick,20,22,1001,49633,999,999,11059,237895,1065019
trees_1000.newick,20,23,1001,49144,999,999,11013,240786,1065445
trees_1000.newick,20,24,1001,49292,999,999,10986,233516,1041560
trees_1000.newick,20,25,1001,49419,999,999,10969,241707,988046
trees_1000.newick,20,26,1001,49403,999,999,11056,238040,998801
trees_1000.newick,20,27,1001,49026,999,999,10958,248584,1085646
trees_1000.newick,20,28,1001,49356,999,999,10976,246070,1310251
trees_1000.newick,20,29,1001,49443,999,999,11013,237415,1042346
trees_1000.newick,20,30,1001,49672,999,999,11233,244290,1050131
trees_1000.newick,20,31,1001,49495,999,999,11253,243270,1378462
trees_1000.newick,20,32,1001,49498,999,999,11116,238933,1232284
trees_1000.newick,20,33,1001,49295,999,999,11075,240360,1050902
trees_1000.newick,20,34,1001,49254,999,999,10985,241018,961254
trees_1000.newick,20,35,1001,49352,999,999,10905,237925,1047539
trees_1000.newick,20,36,1001,49691,999,999,11006,243460,975960
trees_1000.newick,20,37,1001,48854,999,999,10913,234945,1337785
trees_1000.newick,20,38,1001,49150,999,999,11042,240772,1309847
trees_1000.newick,20,39,1001,49326,999,999,10915,242136,1233118
trees_1000.newick,20,40,1001,49629,999,999,11033,236399,1035613
trees_1000.newick,20,41,1001,49241,999,999,10866,240220,1292467
trees_1000.newick,20,42,1001,49447,999,999,11041,244767,1090154
trees_1000.newick,20,43,1001,48960,999,999,11125,235874,981904
trees_1000.newick,20,44,1001,49052,999,999,10953,241498,959699
trees_1000.newick,20,45,1001,49250,999,999,10952,236321,1028712
trees_1000.newick,20,46,1001,49398,999,999,11063,237277,940722
trees_1000.newick,20,47,1001,49117,999,999,10932,242078,1377101
trees_1000.newick,20,48,1001,49010,999,999,10954,237792,953357
trees_1000.newick,20,49,1001,49395,999,999,11025,235621,1048430
trees_1000.newick,21,22,1001,49368,999,999,11079,236881,945723
trees_1000.newick,21,23,1001,49314,999,999,11021,244875,1297391
trees_1000.newick,21,24,1001,49613,999,999,11078,236978,999247
trees_1000.newick,21,25,1001,49226,999,999,10948,239693,934721
trees_1000.newick,21,26,1001,49588,999,999,11109,241181,972918
trees_1000.newick,21,27,1001,49651,999,999,11043,246348,1011076
trees_1000.newick,21,28,1001,49251,999,999,10966,241796,984969
trees_1000.newick,21,29,1001,49685,999,999,11059,260967,949607
trees_1000.newick,21,30,1001,49288,999,999,10838,243590,1019555
trees_1000.newick,21,31,1001,49227,999,999,10880,247259,942142
trees_1000.newick,21,32,1001,49871,999,999,11122,245395,1033619
trees_1000.newick,21,33,1001,49574,999,999,11096,238957,1226183
trees_1000.newick,21,34,1001,49277,999,999,10897,241279,964405
trees_1000.newick,21,35,1001,49168,999,999,10850,238292,999729
trees_1000.newick,21,36,1001,49855,999,999,11023,241780,940446
trees_1000.newick,21,37,1001,49306,999,999,10955,238965,977930
trees_1000.newick,21,38,1001,48983,999,999,11067,240918,1006321
trees_1000.newick,21,39,1001,49635,999,999,10920,238677,978188
trees_1000.newick,21,40,1001,49234,999,999,11026,237909,964287
trees_1000.newick,21,41,1001,49468,999,999,10913,237883,1029768
trees_1000.newick,21,42,1001,50036,999,999,11098,242781,954428
trees_1000.newick,21,43,1001,49331,999,999,11113,241697,1058626
trees_1000.newick,21,44,1001,49604,999,999,11043,242149,1216363
trees_1000.newick,21,45,1001,49557,999,999,11045,239549,1045602
trees_1000.newick,21,46,1001,49374,999,999,11033,242531,939885
trees_1000.newick,21,47,1001,49684,999,999,11007,235591,1041734
trees_1000.newick,21,48,1001,49239,999,999,11076,242051,972565
trees_1000.newick,21,49,1001,49574,999,999,11056,233693,1058119
trees_1000.newick,22,23,1001,49709,999,999,11161,238649,1034346
trees_1000.newick,22,24,1001,49527,999,999,11161,237505,1066903
trees_1000.newick,22,25,1001,49297,999,999,11018,241570,966406
trees_1000.newick,22,26,1001,49307,999,999,11165,239159,1372442
trees_1000.newick,22,27,1001,49369,999,999,11021,245448,981737
trees_1000.newick,22,28,1001,49160,999,999,11026,244744,1084263
trees_1000.newick,22,29,1001,49801,999,999,11171,238201,965405
trees_1000.newick,22,30,1001,49558,999,999,11158,241448,1071859
trees_1000.newick,22,31,1001,49399,999,999,11068,236191,1608591
trees_1000.newick,22,32,1001,49488,999,999,11218,239314,1081614
trees_1000.newick,22,33,1001,49385,999,999,11165,239505,1068147
trees_1000.newick,22,34,1001,49384,999,999,11070,243351,1252740
trees_1000.newick,22,35,1001,49631,999,999,11010,245227,1052818
trees_1000.newick,22,36,1001,49822,999,999,11073,245494,989982
trees_1000.newick,22,37,1001,49221,999,999,11004,231834,1653872
trees_1000.newick,22,38,1001,49642,999,999,11130,242384,1763594
trees_1000.newick,22,39,1001,49502,999,999,11015,237769,1007631
trees_1000.newick,22,40,1001,49707,999,999,11175,236348,1105517
trees_1000.newick,22,41,1001,49255,999,999,10985,237071,987878
trees_1000.newick,22,42,1001,49260,999,999,11052,237462,1141925
trees_1000.newick,22,43,1001,49497,999,999,11234,240450,1034314
trees_1000.newick,22,44,1001,49143,999,999,11064,239842,1081718
trees_1000.newick,22,45,1001,49566,999,999,11073,234312,1050901
trees_1000.newick,22,46,1001,49496,999,999,11085,237702,1086796
trees_1000.newick,22,47,1001,49371,999,999,11057,236052,1045180
trees_1000.newick,22,48,1001,49562,999,999,11085,237831,1347058
trees_1000.newick,22,49,1001,49355,999,999,11063,239460,1090795
trees_1000.newick,23,24,1001,49007,999,999,11079,237463,1012980
trees_1000.newick,23,25,1001,49726,999,999,11016,239523,1019124
trees_1000.newick,23,26,1001,49263,999,999,11095,239432,1123923
trees_1000.newick,23,27,1001,49274,999,999,10814,239801,1008342
trees_1000.newick,23,28,1001,48716,999,999,10744,244503,1153718
trees_1000.newick,23,29,1001,49758,999,999,10959,237336,1008739
trees_1000.newick,23,30,1001,49316,999,999,11091,237202,1457155
trees_1000.newick,23,31,1001,49386,999,999,11072,238752,973854
trees_1000.newick,23,32,1001,49464,999,999,11177,237169,1417463
trees_1000.newick,23,33,1001,49225,999,999,11090,238341,1320634
trees_1000.newick,23,34,1001,49149,999,999,11005,241391,1080642
trees_1000.newick,23,35,1001,48916,999,999,10858,239490,986299
trees_1000.newick,23,36,1001,49673,999,999,11024,245134,1312782
trees_1000.newick,23,37,1001,49073,999,999,11061,238365,1007244
trees_1000.newick,23,38,1001,48977,999,999,11073,242215,1073741
trees_1000.newick,23,39,1001,48991,999,999,10889,242563,1343217
trees_1000.newick,23,40,1001,49660,999,999,11027,240155,1036188
trees_1000.newick,23,41,1001,49013,999,999,10942,235957,1064166
trees_1000.newick,23,42,1001,49600,999,999,11108,240199,1362692
trees_1000.newick,23,43,1001,49352,999,999,11189,235517,958877
trees_1000.newick,23,44,1001,49558,999,999,11122,237738,1083647
trees_1000.newick,23,45,1001,49527,999,999,11044,236417,976253
trees_1000.newick,23,46,1001,49339,999,999,11099,238083,1066721
trees_1000.newick,23,47,1001,49638,999,999,11029,237873,972901
trees_1000.newick,23,48,1001,49237,999,999,11022,239397,1654014
trees_1000.newick,23,49,1001,49202,999,999,10996,234661,1093927
trees_1000.newick,24,25,1001,49108,999,999,10990,236673,1012438
trees_1000.newick,24,26,1001,49203,999,999,11011,236771,1040489
trees_1000.newick,24,27,1001,49302,999,999,10973,241224,994389
trees_1000.newick,24,28,1001,48719,999,999,10950,239138,998763
trees_1000.newick,24,29,1001,49079,999,999,11014,237765,1043025
trees_1000.newick,24,30,1001,49025,999,999,10988,240365,1038629
trees_1000.newick,24,31,1001,49497,999,999,11147,235727,941965
trees_1000.newick,24,32,1001,49330,999,999,11174,240816,1297043
trees_1000.newick,24,33,1001,49130,999,999,11091,235139,991516
trees_1000.newick,24,34,1001,49543,999,999,11046,239168,1341993
trees_1000.newick,24,35,1001,49219,999,999,10915,244501,1013502
trees_1000.newick,24,36,1001,49772,999,999,11029,240628,996458
trees_1000.newick,24,37,1001,49168,999,999,10995,238454,1044882
trees_1000.newick,24,38,1001,49055,999,999,10982,243871,1272826
trees_1000.newick,24,39,1001,49287,999,999,10924,236144,945195
trees_1000.newick,24,40,1001,49509,999,999,11075,241880,1038531
trees_1000.newick,24,41,1001,49101,999,999,10887,237421,947733
trees_1000.newick,24,42,1001,49469,999,999,11022,238708,1009556
trees_1000.newick,24,43,1001,49232,999,999,11154,237550,1184241
trees_1000.newick,24,44,1001,49495,999,999,11055,239478,1020280
trees_1000.newick,24,45,1001,48998,999,999,11423,260389,1543288
trees_1000.newick,24,46,1001,49427,999,999,11100,248520,1034858
trees_1000.newick,24,47,1001,49036,999,999,10938,238954,1269808
trees_1000.newick,24,48,1001,49437,999,999,11151,251082,947815
trees_1000.newick,24,49,1001,49307,999,999,11047,241008,1311942
trees_1000.newick,25,26,1001,49050,999,999,11089,235963,1013829
trees_1000.newick,25,27,1001,49222,999,999,10970,243521,1056193
trees_1000.newick,25,28,1001,49074,999,999,10907,242546,982287
trees_1000.newick,25,29,1001,49913,999,999,10893,238305,1240394
trees_1000.newick,25,30,1001,49562,999,999,10902,239737,1016998
trees_1000.newick,25,31,1001,50098,999,999,11101,237085,938530
trees_1000.newick,25,32,1001,49411,999,999,10985,238955,1033155
trees_1000.newick,25,33,1001,49645,999,999,11146,239211,960710
trees_1000.newick,25,34,1001,49327,999,999,11005,241024,1326122
trees_1000.newick,25,35,1001,49090,999,999,10866,238511,1005025
trees_1000.newick,25,36,1001,49634,999,999,11049,247146,1022852
trees_1000.newick,25,37,1001,49068,999,999,10952,239141,1271495
trees_1000.newick,25,38,1001,49211,999,999,11067,244350,980021
trees_1000.newick,25,39,1001,49590,999,999,10990,245646,1048710
trees_1000.newick,25,40,1001,49514,999,999,11030,243023,961477
trees_1000.newick,25,41,1001,49208,999,999,10870,239422,1052807
trees_1000.newick,25,42,1001,49490,999,999,11057,239523,941493
trees_1000.newick,25,43,1001,48894,999,999,11261,239937,1027316
trees_1000.newick,25,44,1001,49162,999,999,10995,244672,1267809
trees_1000.newick,25,45,1001,49289,999,999,11012,239460,1047700
trees_1000.newick,25,46,1001,49203,999,999,11083,242217,983631
trees_1000.newick,25,47,1001,48929,999,999,10927,237827,1016392
trees_1000.newick,25,48,1001,49326,999,999,11021,243506,1074837
trees_1000.newick,25,49,1001,49743,999,999,11063,244363,1329192
trees_1000.newick,26,27,1001,49106,999,999,11024,249134,1338558
trees_1000.newick,26,28,1001,49207,999,999,11036,248826,1030404
trees_1000.newick,26,29,1001,49846,999,999,11109,243543,1059179
trees_1000.newick,26,30,1001,49171,999,999,11062,242658,1044604
trees_1000.newick,26,31,1001,49575,999,999,11089,288187,1008785
trees_1000.newick,26,32,1001,49844,999,999,11270,378396,1085903
trees_1000.newick,26,33,1001,48932,999,999,11070,278771,985248
trees_1000.newick,26,34,1001,49010,999,999,11031,245442,1108033
trees_1000.newick,26,35,1001,48832,999,999,10870,243820,1615310
trees_1000.newick,26,36,1001,49662,999,999,11067,240948,1343950
trees_1000.newick,26,37,1001,49061,999,999,10984,235653,1363850
trees_1000.newick,26,38,1001,49335,999,999,11094,240085,1051088
trees_1000.newick,26,39,1001,49277,999,999,10938,243013,1348721
trees_1000.newick,26,40,1001,49572,999,999,11115,239651,1280274
trees_1000.newick,26,41,1001,48635,999,999,10839,236230,1078820
trees_1000.newick,26,42,1001,49383,999,999,11102,241147,1375489
trees_1000.newick,26,43,1001,49921,999,999,11270,241712,1091664
trees_1000.newick,26,44,1001,49575,999,999,11072,240712,1106788
trees_1000.newick,26,45,1001,49283,999,999,11013,242167,1028446
trees_1000.newick,26,46,1001,48828,999,999,11055,240325,1115215
trees_1000.newick,26,47,1001,49259,999,999,10990,239158,1006750
trees_1000.newick,26,48,1001,49475,999,999,11075,243600,1097253
trees_1000.newick,26,49,1001,49115,999,999,11016,236433,1067018
trees_1000.newick,27,28,1001,49111,999,999,11033,243265,1079609
trees_1000.newick,27,29,1001,49457,999,999,11119,239756,1044915
trees_1000.newick,27,30,1001,48621,999,999,11006,244580,1012998
trees_1000.newick,27,31,1001,49309,999,999,11025,238320,1446534
trees_1000.newick,27,32,1001,49558,999,999,11153,239193,1029771
trees_1000.newick,27,33,1001,49194,999,999,11106,237563,1574859
trees_1000.newick,27,34,1001,49003,999,999,10772,241752,1135433
trees_1000.newick,27,35,1001,49330,999,999,10735,245617,1015040
trees_1000.newick,27,36,1001,49625,999,999,10889,241386,1073724
trees_1000.newick,27,37,1001,48733,999,999,10937,238104,1094097
trees_1000.newick,27,38,1001,49510,999,999,10996,241237,1003742
trees_1000.newick,27,39,1001,49202,999,999,10791,236961,1071041
trees_1000.newick,27,40,1001,49315,999,999,10988,238428,1618968
trees_1000.newick,27,41,1001,48862,999,999,10901,239916,1065093
trees_1000.newick,27,42,1001,49262,999,999,11021,252583,1066568
trees_1000.newick,27,43,1001,49199,999,999,11133,241354,992798
trees_1000.newick,27,44,1001,49011,999,999,11000,238628,1263518
trees_1000.newick,27,45,1001,48894,999,999,11184,234605,1341974
trees_1000.newick,27,46,1001,49065,999,999,11075,244423,1335859
trees_1000.newick,27,47,1001,49205,999,999,10962,233984,994405
trees_1000.newick,27,48,1001,49362,999,999,11032,237522,1044045
trees_1000.newick,27,49,1001,49656,999,999,11024,236941,1298869
trees_1000.newick,28,29,1001,49294,999,999,11085,246998,1332281
trees_1000.newick,28,30,1001,49183,999,999,11053,240535,1016906
trees_1000.newick,28,31,1001,49361,999,999,11215,240864,1308591
trees_1000.newick,28,32,1001,49338,999,999,11135,237925,1090523
trees_1000.newick,28,33,1001,49615,999,999,11154,245270,1288307
trees_1000.newick,28,34,1001,49189,999,999,11061,238685,971160
trees_1000.newick,28,35,1001,49062,999,999,10921,246791,1054456
trees_1000.newick,28,36,1001,49144,999,999,11393,252845,945910
trees_1000.newick,28,37,1001,49150,999,999,11090,237358,1036409
trees_1000.newick,28,38,1001,49054,999,999,11149,241804,959172
trees_1000.newick,28,39,1001,49236,999,999,10997,269369,1015283
trees_1000.newick,28,40,1001,49386,999,999,10978,239541,1260074
trees_1000.newick,28,41,1001,48987,999,999,10901,244807,1010123
trees_1000.newick,28,42,1001,49358,999,999,11060,245094,985858
trees_1000.newick,28,43,1001,48950,999,999,11076,239771,1356452
trees_1000.newick,28,44,1001,48753,999,999,10942,241878,1003094
trees_1000.newick,28,45,1001,49216,999,999,10998,250735,1021555
trees_1000.newick,28,46,1001,48890,999,999,11006,262682,1276796
trees_1000.newick,28,47,1001,48831,999,999,10925,249223,969503
trees_1000.newick,28,48,1001,48856,999,999,10920,249738,1053719
trees_1000.newick,28,49,1001,49436,999,999,11097,244073,934633
trees_1000.newick,29,30,1001,49774,999,999,11168,249085,1038308
trees_1000.newick,29,31,1001,49880,999,999,11088,251901,954993
trees_1000.newick,29,32,1001,49559,999,999,11152,248600,1034976
trees_1000.newick,29,33,1001,49660,999,999,11291,248046,946893
trees_1000.newick,29,34,1001,49505,999,999,11099,244567,1307667
trees_1000.newick,29,35,1001,49381,999,999,11209,240048,1501847
trees_1000.newick,29,36,1001,49516,999,999,11084,242411,1288371
trees_1000.newick,29,37,1001,49318,999,999,11003,241509,1534052
trees_1000.newick,29,38,1001,49310,999,999,11105,245170,1016190
trees_1000.newick,29,39,1001,49456,999,999,10917,240081,1024434
trees_1000.newick,29,40,1001,49718,999,999,11091,246031,1535482
trees_1000.newick,29,41,1001,49823,999,999,10980,238592,935815
trees_1000.newick,29,42,1001,49943,999,999,11151,244384,1024672
trees_1000.newick,29,43,1001,49280,999,999,11100,239615,1234415
trees_1000.newick,29,44,1001,49246,999,999,10816,247252,1524540
trees_1000.newick,29,45,1001,49541,999,999,10835,240229,1235403
trees_1000.newick,29,46,1001,49451,999,999,10953,242539,1015221
trees_1000.newick,29,47,1001,49050,999,999,10863,235406,1363746
trees_1000.newick,29,48,1001,49411,999,999,11010,262161,954456
trees_1000.newick,29,49,1001,49931,999,999,11092,240755,1034633
trees_1000.newick,30,31,1001,49489,999,999,11117,247156,941045
trees_1000.newick,30,32,1001,49301,999,999,11125,252718,1030808
trees_1000.newick,30,33,1001,49303,999,999,11150,238641,954662
trees_1000.newick,30,34,1001,49205,999,999,11101,241718,1041115
trees_1000.newick,30,35,1001,49200,999,999,10944,276191,1032052
trees_1000.newick,30,36,1001,49278,999,999,11042,252097,1289302
trees_1000.newick,30,37,1001,48776,999,999,10959,253464,1220190
trees_1000.newick,30,38,1001,49651,999,999,11159,253354,1358880
trees_1000.newick,30,39,1001,49365,999,999,10958,247205,1032365
trees_1000.newick,30,40,1001,49695,999,999,11211,239673,1132736
trees_1000.newick,30,41,1001,49398,999,999,11031,246190,1006106
trees_1000.newick,30,42,1001,49711,999,999,11098,250295,979358
trees_1000.newick,30,43,1001,49344,999,999,11274,247211,1080176
trees_1000.newick,30,44,1001,49603,999,999,11105,246649,975598
trees_1000.newick,30,45,1001,49095,999,999,10984,243736,1389458
trees_1000.newick,30,46,1001,49021,999,999,11112,248380,975213
trees_1000.newick,30,47,1001,49389,999,999,11141,255414,1090132
trees_1000.newick,30,48,1001,49405,999,999,11030,249367,995417
trees_1000.newick,30,49,1001,49618,999,999,11081,244558,1111241
trees_1000.newick,31,32,1001,50138,999,999,11327,247804,963100
trees_1000.newick,31,33,1001,49558,999,999,11149,245787,1405309
trees_1000.newick,31,34,1001,49316,999,999,11044,246404,1319775
trees_1000.newick,31,35,1001,49019,999,999,10954,246550,1351497
trees_1000.newick,31,36,1001,49686,999,999,11097,251264,1364928
trees_1000.newick,31,37,1001,49367,999,999,11026,243022,1042056
trees_1000.newick,31,38,1001,49837,999,999,11151,249535,1339910
trees_1000.newick,31,39,1001,49822,999,999,10984,256032,1059742
trees_1000.newick,31,40,1001,50039,999,999,11136,241424,1125205
trees_1000.newick,31,41,1001,49437,999,999,10947,249131,1012258
trees_1000.newick,31,42,1001,49809,999,999,11077,250496,1381426
trees_1000.newick,31,43,1001,49506,999,999,11219,244353,1016099
trees_1000.newick,31,44,1001,49831,999,999,11090,249930,1092408
trees_1000.newick,31,45,1001,49129,999,999,10969,246702,1047655
trees_1000.newick,31,46,1001,49295,999,999,11065,247618,1304863
trees_1000.newick,31,47,1001,49225,999,999,10991,247497,1088900
trees_1000.newick,31,48,1001,49346,999,999,11047,259962,1355547
trees_1000.newick,31,49,1001,49886,999,999,11097,240960,1087686
trees_1000.newick,32,33,1001,49807,999,999,11258,247311,1133485
trees_1000.newick,32,34,1001,49401,999,999,11071,245746,1339691
trees_1000.newick,32,35,1001,49485,999,999,11008,242516,1095111
trees_1000.newick,32,36,1001,49797,999,999,11102,247326,1048191
trees_1000.newick,32,37,1001,49183,999,999,10983,241758,1005481
trees_1000.newick,32,38,1001,49298,999,999,11117,246621,1288643
trees_1000.newick,32,39,1001,50014,999,999,11009,242647,1570970
trees_1000.newick,32,40,1001,49609,999,999,10899,240567,1332350
trees_1000.newick,32,41,1001,49557,999,999,10801,240373,1119327
trees_1000.newick,32,42,1001,49205,999,999,10897,248502,1049327
trees_1000.newick,32,43,1001,49814,999,999,11167,243113,1023842
trees_1000.newick,32,44,1001,49502,999,999,11065,245569,977967
trees_1000.newick,32,45,1001,49585,999,999,11051,240002,1373933
trees_1000.newick,32,46,1001,49442,999,999,11184,241717,1047393
trees_1000.newick,32,47,1001,49527,999,999,11042,242023,1088028
trees_1000.newick,32,48,1001,49790,999,999,11181,247490,1024545
trees_1000.newick,32,49,1001,49714,999,999,11102,240746,979173
trees_1000.newick,33,34,1001,49132,999,999,11092,242573,1112783
trees_1000.newick,33,35,1001,48724,999,999,11045,241513,975794
trees_1000.newick,33,36,1001,49687,999,999,11025,247035,1090655
trees_1000.newick,33,37,1001,49317,999,999,10997,238447,1600111
trees_1000.newick,33,38,1001,49427,999,999,11095,245687,1069610
trees_1000.newick,33,39,1001,49867,999,999,10994,243628,1035597
trees_1000.newick,33,40,1001,49346,999,999,11033,239100,1293388
trees_1000.newick,33,41,1001,48746,999,999,10890,243344,1047034
trees_1000.newick,33,42,1001,49506,999,999,11191,243426,1626410
trees_1000.newick,33,43,1001,48942,999,999,11546,239200,1018802
trees_1000.newick,33,44,1001,49149,999,999,10977,245398,1050384
trees_1000.newick,33,45,1001,48956,999,999,10966,238140,1417367
trees_1000.newick,33,46,1001,49329,999,999,11117,244538,1028208
trees_1000.newick,33,47,1001,49185,999,999,10983,240643,1049406
trees_1000.newick,33,48,1001,49115,999,999,11258,243115,1295433
trees_1000.newick,33,49,1001,49118,999,999,11117,240646,954795
trees_1000.newick,34,35,1001,49462,999,999,10961,241466,982882
trees_1000.newick,34,36,1001,49328,999,999,11004,243799,1305699
trees_1000.newick,34,37,1001,49052,999,999,10981,238612,1296394
trees_1000.newick,34,38,1001,49505,999,999,11191,243988,1322888
trees_1000.newick,34,39,1001,49254,999,999,11073,244965,976904
trees_1000.newick,34,40,1001,49892,999,999,11258,244921,1293022
trees_1000.newick,34,41,1001,49518,999,999,10936,239862,988632
trees_1000.newick,34,42,1001,49628,999,999,11123,248003,949261
trees_1000.newick,34,43,1001,49102,999,999,11102,240405,1041461
trees_1000.newick,34,44,1001,49734,999,999,15543,244463,950429
trees_1000.newick,34,45,1001,49374,999,999,13561,241412,1052685
trees_1000.newick,34,46,1001,49374,999,999,12367,240952,1274279
trees_1000.newick,34,47,1001,49338,999,999,12086,240944,1008894
trees_1000.newick,34,48,1001,49158,999,999,11004,244218,968203
trees_1000.newick,34,49,1001,49920,999,999,11165,238365,1283015
trees_1000.newick,35,36,1001,49405,999,999,11306,263400,1523218
trees_1000.newick,35,37,1001,48905,999,999,10926,237820,1243734
trees_1000.newick,35,38,1001,49206,999,999,11038,244052,1001688
trees_1000.newick,35,39,1001,49514,999,999,10936,248341,1024701
trees_1000.newick,35,40,1001,49210,999,999,11168,242767,1261233
trees_1000.newick,35,41,1001,49468,999,999,10923,241114,1001309
trees_1000.newick,35,42,1001,49267,999,999,10985,241219,1007359
trees_1000.newick,35,43,1001,49131,999,999,11038,242551,974473
trees_1000.newick,35,44,1001,49208,999,999,10842,243998,960656
trees_1000.newick,35,45,1001,49264,999,999,10753,239803,1052579
trees_1000.newick,35,46,1001,49451,999,999,10883,251600,944644
trees_1000.newick,35,47,1001,48948,999,999,10826,245545,1015070
trees_1000.newick,35,48,1001,49046,999,999,10837,248208,1216766
trees_1000.newick,35,49,1001,49475,999,999,10886,250393,1009903
trees_1000.newick,36,37,1001,49470,999,999,11279,259548,949584
trees_1000.newick,36,38,1001,49578,999,999,11095,246425,1028252
trees_1000.newick,36,39,1001,49558,999,999,11020,248124,1267476
trees_1000.newick,36,40,1001,49768,999,999,11088,242744,1050078
trees_1000.newick,36,41,1001,49467,999,999,11242,247493,1261728
trees_1000.newick,36,42,1001,49596,999,999,11071,245414,1034994
trees_1000.newick,36,43,1001,49209,999,999,11178,242631,969297
trees_1000.newick,36,44,1001,49150,999,999,11024,253067,964273
trees_1000.newick,36,45,1001,49578,999,999,11030,245810,1050961
trees_1000.newick,36,46,1001,49605,999,999,11116,244742,1027323
trees_1000.newick,36,47,1001,49018,999,999,10953,254994,1559202
trees_1000.newick,36,48,1001,49474,999,999,11056,250516,1325110
trees_1000.newick,36,49,1001,49607,999,999,11051,250854,1030959
trees_1000.newick,37,38,1001,48965,999,999,11112,251276,954934
trees_1000.newick,37,39,1001,49314,999,999,10939,244211,1036369
trees_1000.newick,37,40,1001,49109,999,999,11007,239086,1017954
trees_1000.newick,37,41,1001,49184,999,999,10915,260664,1045942
trees_1000.newick,37,42,1001,49232,999,999,11061,246949,1002915
trees_1000.newick,37,43,1001,48779,999,999,11070,242586,1340015
trees_1000.newick,37,44,1001,49462,999,999,11036,244506,1013336
trees_1000.newick,37,45,1001,49008,999,999,11103,246330,1047484
trees_1000.newick,37,46,1001,49120,999,999,11031,242358,1082657
trees_1000.newick,37,47,1001,49317,999,999,11006,243224,986832
trees_1000.newick,37,48,1001,48808,999,999,11009,245308,1069434
trees_1000.newick,37,49,1001,49534,999,999,11076,238742,1000778
trees_1000.newick,38,39,1001,49264,999,999,11021,241155,1091196
trees_1000.newick,38,40,1001,49436,999,999,11061,238883,1261932
trees_1000.newick,38,41,1001,49500,999,999,10957,246330,1069999
trees_1000.newick,38,42,1001,49403,999,999,11092,239665,1622558
trees_1000.newick,38,43,1001,49508,999,999,11355,241854,1349714
trees_1000.newick,38,44,1001,49145,999,999,10976,244498,1053985
trees_1000.newick,38,45,1001,49202,999,999,11002,239620,1100452
trees_1000.newick,38,46,1001,49211,999,999,11090,247721,996959
trees_1000.newick,38,47,1001,49322,999,999,10981,241268,1105678
trees_1000.newick,38,48,1001,49386,999,999,11028,244469,1000318
trees_1000.newick,38,49,1001,49426,999,999,11075,244841,1092228
trees_1000.newick,39,40,1001,49572,999,999,11123,243743,1005747
trees_1000.newick,39,41,1001,49572,999,999,10956,241229,1142480
trees_1000.newick,39,42,1001,49918,999,999,11122,243460,1130753
trees_1000.newick,39,43,1001,49199,999,999,11136,239398,1107576
trees_1000.newick,39,44,1001,49429,999,999,11032,245588,1033880
trees_1000.newick,39,45,1001,49284,999,999,10976,240528,1082578
trees_1000.newick,39,46,1001,49086,999,999,10993,238709,1065352
trees_1000.newick,39,47,1001,49333,999,999,11719,246972,1086016
trees_1000.newick,39,48,1001,49381,999,999,10945,241697,1025551
trees_1000.newick,39,49,1001,49129,999,999,10761,242564,1020707
trees_1000.newick,40,41,1001,49480,999,999,10760,240004,1117956
trees_1000.newick,40,42,1001,49655,999,999,11183,247031,1014735
trees_1000.newick,40,43,1001,49480,999,999,10989,247552,1125122
trees_1000.newick,40,44,1001,49470,999,999,11853,240013,1031780
trees_1000.newick,40,45,1001,49409,999,999,11575,241092,1156919
trees_1000.newick,40,46,1001,49560,999,999,11376,245052,1022696
trees_1000.newick,40,47,1001,49677,999,999,11420,241391,1122585
trees_1000.newick,40,48,1001,49309,999,999,11260,243318,1003622
trees_1000.newick,40,49,1001,50034,999,999,11468,237971,1114823
trees_1000.newick,41,42,1001,49337,999,999,11144,244811,1017701
trees_1000.newick,41,43,1001,49409,999,999,11726,242152,1106046
trees_1000.newick,41,44,1001,49107,999,999,11005,244546,1350042
trees_1000.newick,41,45,1001,48975,999,999,11036,236875,1067064
trees_1000.newick,41,46,1001,49435,999,999,11208,244979,1099393
trees_1000.newick,41,47,1001,49130,999,999,11442,241269,1310924
trees_1000.newick,41,48,1001,48979,999,999,11068,244993,1356016
trees_1000.newick,41,49,1001,49402,999,999,12805,243526,1055049
trees_1000.newick,42,43,1001,49803,999,999,11399,240755,1047004
trees_1000.newick,42,44,1001,49681,999,999,11075,245498,1029753
trees_1000.newick,42,45,1001,49491,999,999,11004,240070,1309099
trees_1000.newick,42,46,1001,49322,999,999,11230,240165,1064992
trees_1000.newick,42,47,1001,49337,999,999,11519,242202,992364
trees_1000.newick,42,48,1001,49648,999,999,11210,242186,1282276
trees_1000.newick,42,49,1001,49906,999,999,11211,242882,1005965
trees_1000.newick,43,44,1001,49006,999,999,11320,240139,1332629
trees_1000.newick,43,45,1001,48977,999,999,11094,239150,1058033
trees_1000.newick,43,46,1001,49283,999,999,11211,240050,1014651
trees_1000.newick,43,47,1001,48931,999,999,11026,236034,1251942
trees_1000.newick,43,48,1001,49435,999,999,11210,245820,1037169
trees_1000.newick,43,49,1001,49257,999,999,11172,241102,983630
trees_1000.newick,44,45,1001,49304,999,999,11266,241657,1617319
trees_1000.newick,44,46,1001,49269,999,999,11114,240809,1318961
trees_1000.newick,44,47,1001,48856,999,999,11020,247852,1030904
trees_1000.newick,44,48,1001,48946,999,999,11506,251784,1333411
trees_1000.newick,44,49,1001,49434,999,999,11085,242470,1035816
trees_1000.newick,45,46,1001,48595,999,999,11024,241313,974278
trees_1000.newick,45,47,1001,49294,999,999,11091,242581,1057926
trees_1000.newick,45,48,1001,49077,999,999,11051,246906,987246
trees_1000.newick,45,49,1001,49394,999,999,11111,236717,1076216
trees_1000.newick,46,47,1001,49144,999,999,11096,239637,1287038
trees_1000.newick,46,48,1001,49685,999,999,11281,243325,1071528
trees_1000.newick,46,49,1001,49387,999,999,11741,254724,1017521
trees_1000.newick,47,48,1001,49486,999,999,11191,240341,988598
trees_1000.newick,47,49,1001,49522,999,999,11330,239687,1112715
trees_1000.newick,48,49,1001,49575,999,999,11055,243419,1245136
trees_100.newick,0,1,101,2022,99,99,675,1896,31868
trees_100.newick,0,2,101,2085,99,99,589,1979,30041
trees_100.newick,0,3,101,2060,99,99,579,3371,25663
trees_100.newick,0,4,101,1985,99,99,573,2996,24884
trees_100.newick,0,5,101,2040,99,99,573,3107,36940
trees_100.newick,0,6,101,2093,99,99,590,2853,24765
trees_100.newick,0,7,101,2050,99,99,586,2987,41260
trees_100.newick,0,8,101,1992,99,99,568,1809,34160
trees_100.newick,0,9,101,2007,99,99,573,1821,26093
trees_100.newick,0,10,101,2082,99,99,584,1831,26773
trees_100.newick,0,11,101,2065,99,99,579,2593,26164
trees_100.newick,0,12,101,2021,99,99,575,1857,24544
trees_100.newick,0,13,101,2051,99,99,587,1860,31813
trees_100.newick,0,14,101,2014,99,99,568,1830,29646
trees_100.newick,0,15,101,1987,99,99,578,1852,31301
trees_100.newick,0,16,101,2031,99,99,571,1904,31824
trees_100.newick,0,17,101,1990,99,99,567,1883,25985
trees_100.newick,0,18,101,1999,99,99,587,1842,28375
trees_100.newick,0,19,101,2131,99,99,588,1823,25484
trees_100.newick,0,20,101,2120,99,99,578,1825,31064
trees_100.newick,0,21,101,1963,99,99,571,1792,24673
trees_100.newick,0,22,101,2065,99,99,581,1852,24305
trees_100.newick,0,23,101,2099,99,99,586,1840,29868
trees_100.newick,0,24,101,2048,99,99,580,1855,27957
trees_100.newick,0,25,101,2062,99,99,593,1811,24474
trees_100.newick,0,26,101,2056,99,99,588,1851,27376
trees_100.newick,0,27,101,1904,99,99,557,1834,36668
trees_100.newick,0,28,101,1936,99,99,569,1878,43566
trees_100.newick,0,29,101,2041,99,99,578,1791,24667
trees_100.newick,0,30,101,2014,99,99,583,1824,40095
trees_100.newick,0,31,101,2006,99,99,577,1784,26244
trees_100.newick,0,32,101,2074,99,99,589,1831,36462
trees_100.newick,0,33,101,2105,99,99,591,1829,24723
trees_100.newick,0,34,101,2024,99,99,578,1824,25876
trees_100.newick,0,35,101,2031,99,99,592,2229,31392
trees_100.newick,0,36,101,2074,99,99,584,1798,24745
trees_100.newick,0,37,101,2132,99,99,585,1828,26909
trees_100.newick,0,38,101,2121,99,99,591,1826,24121
trees_100.newick,0,39,101,2074,99,99,592,1776,24606
trees_100.newick,0,40,101,2035,99,99,594,1824,29183
trees_100.newick,0,41,101,2081,99,99,586,1833,24099
trees_100.newick,0,42,101,2051,99,99,590,1807,42669
trees_100.newick,0,43,101,2055,99,99,593,1890,24049
trees_100.newick,0,44,101,2037,99,99,580,1887,24378
trees_100.newick,0,45,101,2035,99,99,572,1831,24547
trees_100.newick,0,46,101,1957,99,99,577,1867,28077
trees_100.newick,0,47,101,2105,99,99,591,1851,27149
trees_100.newick,0,48,101,2053,99,99,583,1812,25751
trees_100.newick,0,49,101,2109,99,99,596,1873,24804
trees_100.newick,1,2,101,2122,99,99,588,1839,31960
trees_100.newick,1,3,101,2095,99,99,602,1884,30807
trees_100.newick,1,4,101,2003,99,99,583,1914,30246
trees_100.newick,1,5,101,2065,99,99,587,1833,28622
trees_100.newick,1,6,101,2145,99,99,594,1845,37234
trees_100.newick,1,7,101,2144,99,99,590,1845,27465
trees_100.newick,1,8,101,2152,99,99,585,1838,37459
trees_100.newick,1,9,101,2051,99,99,579,1828,25744
trees_100.newick,1,10,101,2054,99,99,580,1831,30814
trees_100.newick,1,11,101,2145,99,99,586,1823,29069
trees_100.newick,1,12,101,2097,99,99,587,1838,57578
trees_100.newick,1,13,101,2051,99,99,592,1869,47938
trees_100.newick,1,14,101,2193,99,99,593,1860,30477
trees_100.newick,1,15,101,2038,99,99,587,1830,29437
trees_100.newick,1,16,101,2141,99,99,590,2079,26589
trees_100.newick,1,17,101,2098,99,99,588,2014,26248
trees_100.newick,1,18,101,2231,99,99,600,1854,25318
trees_100.newick,1,19,101,2103,99,99,594,1840,25732
trees_100.newick,1,20,101,2063,99,99,588,1859,31915
trees_100.newick,1,21,101,2071,99,99,589,1849,28298
trees_100.newick,1,22,101,2201,99,99,609,1875,30784
trees_100.newick,1,23,101,2074,99,99,588,1818,40539
trees_100.newick,1,24,101,2151,99,99,597,1843,28770
trees_100.newick,1,25,101,2093,99,99,605,1830,28702
trees_100.newick,1,26,101,2158,99,99,603,1872,39275
trees_100.newick,1,27,101,2109,99,99,585,1860,25744
trees_100.newick,1,28,101,2072,99,99,581,1874,28830
trees_100.newick,1,29,101,2078,99,99,579,1848,26966
trees_100.newick,1,30,101,2099,99,99,587,1827,27783
trees_100.newick,1,31,101,2087,99,99,583,1785,32218
trees_100.newick,1,32,101,2180,99,99,597,1867,47372
trees_100.newick,1,33,101,2053,99,99,581,1839,35045
trees_100.newick,1,34,101,2136,99,99,587,2305,35365
trees_100.newick,1,35,101,2047,99,99,577,1806,32359
trees_100.newick,1,36,101,2024,99,99,681,1834,39247
trees_100.newick,1,37,101,2124,99,99,782,1845,24862
trees_100.newick,1,38,101,1980,99,99,576,1827,31721
trees_100.newick,1,39,101,2007,99,99,580,1792,29219
trees_100.newick,1,40,101,2054,99,99,591,1906,29435
trees_100.newick,1,41,101,2073,99,99,582,1838,24830
trees_100.newick,1,42,101,2112,99,99,594,1817,32765
trees_100.newick,1,43,101,2065,99,99,588,1846,47226
trees_100.newick,1,44,101,2128,99,99,584,1819,30466
trees_100.newick,1,45,101,2149,99,99,582,1844,28260
trees_100.newick,1,46,101,2109,99,99,590,1830,31027
trees_100.newick,1,47,101,2131,99,99,586,1878,30825
trees_100.newick,1,48,101,2125,99,99,587,1869,25431
trees_100.newick,1,49,101,2087,99,99,587,1833,24664
trees_100.newick,2,3,101,2177,99,99,595,1835,25257
trees_100.newick,2,4,101,2154,99,99,596,1882,28729
trees_100.newick,2,5,101,2147,99,99,641,1868,28433
trees_100.newick,2,6,101,2085,99,99,593,1855,34704
trees_100.newick,2,7,101,2129,99,99,600,1778,42786
trees_100.newick,2,8,101,2083,99,99,583,1852,45692
trees_100.newick,2,9,101,2085,99,99,588,1815,26110
trees_100.newick,2,10,101,2204,99,99,603,1793,27174
trees_100.newick,2,11,101,2067,99,99,585,1799,25783
trees_100.newick,2,12,101,2103,99,99,587,1840,29622
trees_100.newick,2,13,101,2173,99,99,604,1831,34061
trees_100.newick,2,14,101,2073,99,99,588,1795,31475
trees_100.newick,2,15,101,2131,99,99,599,1819,33757
trees_100.newick,2,16,101,2097,99,99,592,1783,37899
trees_100.newick,2,17,101,2086,99,99,589,1817,42177
trees_100.newick,2,18,101,2061,99,99,588,1852,51804
trees_100.newick,2,19,101,2182,99,99,605,1819,43302
trees_100.newick,2,20,101,2197,99,99,600,1845,34218
trees_100.newick,2,21,101,2046,99,99,582,1832,38429
trees_100.newick,2,22,101,2133,99,99,604,1842,27154
trees_100.newick,2,23,101,2088,99,99,587,1916,31849
trees_100.newick,2,24,101,2162,99,99,594,1889,28860
trees_100.newick,2,25,101,2028,99,99,591,1769,38125
trees_100.newick,2,26,101,2136,99,99,598,1839,50048
trees_100.newick,2,27,101,2046,99,99,573,1846,50756
trees_100.newick,2,28,101,2027,99,99,571,1825,29961
trees_100.newick,2,29,101,2129,99,99,583,1860,44788
trees_100.newick,2,30,101,2185,99,99,593,1847,31144
trees_100.newick,2,31,101,2112,99,99,592,1799,29496
trees_100.newick,2,32,101,2054,99,99,581,1826,28013
trees_100.newick,2,33,101,2121,99,99,588,1835,28403
trees_100.newick,2,34,101,2187,99,99,596,1833,29058
trees_100.newick,2,35,101,2133,99,99,589,1780,37913
trees_100.newick,2,36,101,2063,99,99,585,1932,44105
trees_100.newick,2,37,101,2110,99,99,586,1813,50920
trees_100.newick,2,38,101,2105,99,99,604,1814,39027
trees_100.newick,2,39,101,2139,99,99,604,1810,40631
trees_100.newick,2,40,101,2025,99,99,591,1772,31991
trees_100.newick,2,41,101,2070,99,99,586,1827,29421
trees_100.newick,2,42,101,2034,99,99,584,1873,34933
trees_100.newick,2,43,101,2129,99,99,598,1840,28770
trees_100.newick,2,44,101,2151,99,99,596,1784,29451
trees_100.newick,2,45,101,2001,99,99,567,1821,51615
trees_100.newick,2,46,101,2130,99,99,593,1820,50713
trees_100.newick,2,47,101,2077,99,99,585,1827,32798
trees_100.newick,2,48,101,2121,99,99,584,1835,33755
trees_100.newick,2,49,101,2105,99,99,587,1834,34831
trees_100.newick,3,4,101,1933,99,99,570,1816,32799
trees_100.newick,3,5,101,2064,99,99,575,1806,34450
trees_100.newick,3,6,101,2055,99,99,588,1808,38648
trees_100.newick,3,7,101,2086,99,99,586,1801,30890
trees_100.newick,3,8,101,2086,99,99,594,1811,47718
trees_100.newick,3,9,101,2008,99,99,588,1908,49797
trees_100.newick,3,10,101,2075,99,99,585,1861,43085
trees_100.newick,3,11,101,2092,99,99,586,1835,49408
trees_100.newick,3,12,101,2046,99,99,593,1812,30857
trees_100.newick,3,13,101,2069,99,99,593,1822,48453
trees_100.newick,3,14,101,2018,99,99,580,1840,36037
trees_100.newick,3,15,101,2117,99,99,595,1835,28798
trees_100.newick,3,16,101,2097,99,99,585,1794,38238
trees_100.newick,3,17,101,2013,99,99,580,1844,37090
trees_100.newick,3,18,101,2025,99,99,579,1821,68504
trees_100.newick,3,19,101,1954,99,99,581,1841,82889
trees_100.newick,3,20,101,2069,99,99,586,1835,45539
trees_100.newick,3,21,101,2062,99,99,581,1819,55626
trees_100.newick,3,22,101,1974,99,99,581,1796,46796
trees_100.newick,3,23,101,2023,99,99,576,1828,34407
trees_100.newick,3,24,101,2043,99,99,575,1839,41552
trees_100.newick,3,25,101,2084,99,99,622,1791,53600
trees_100.newick,3,26,101,2047,99,99,602,1848,60439
trees_100.newick,3,27,101,2043,99,99,579,1854,35417
trees_100.newick,3,28,101,2054,99,99,578,1827,44990
trees_100.newick,3,29,101,2066,99,99,579,1803,28031
trees_100.newick,3,30,101,1967,99,99,576,1816,26518
trees_100.newick,3,31,101,2120,99,99,594,1824,28159
trees_100.newick,3,32,101,2016,99,99,573,1795,33839
trees_100.newick,3,33,101,2007,99,99,578,1835,36452
trees_100.newick,3,34,101,2158,99,99,585,1854,37239
trees_100.newick,3,35,101,2020,99,99,573,1808,39386
trees_100.newick,3,36,101,2011,99,99,573,1818,46561
trees_100.newick,3,37,101,2049,99,99,571,1804,44606
trees_100.newick,3,38,101,2059,99,99,578,1817,35352
trees_100.newick,3,39,101,2112,99,99,590,2069,27773
trees_100.newick,3,40,101,2049,99,99,593,2455,30837
trees_100.newick,3,41,101,2125,99,99,588,1812,26178
trees_100.newick,3,42,101,2022,99,99,583,1808,28004
trees_100.newick,3,43,101,2099,99,99,598,1833,33960
trees_100.newick,3,44,101,2090,99,99,586,1816,51354
trees_100.newick,3,45,101,2095,99,99,579,3247,53731
trees_100.newick,3,46,101,2089,99,99,588,1824,38413
trees_100.newick,3,47,101,2084,99,99,583,1828,43617
trees_100.newick,3,48,101,2164,99,99,591,1829,31261
trees_100.newick,3,49,101,2077,99,99,588,1817,29225
trees_100.newick,4,5,101,2019,99,99,585,2185,27183
trees_100.newick,4,6,101,2095,99,99,599,1820,26944
trees_100.newick,4,7,101,2089,99,99,595,1829,28151
trees_100.newick,4,8,101,2019,99,99,579,1799,40622
trees_100.newick,4,9,101,2031,99,99,581,1819,38382
trees_100.newick,4,10,101,2089,99,99,587,1889,40661
trees_100.newick,4,11,101,2082,99,99,578,2585,35408
trees_100.newick,4,12,101,2203,99,99,594,2152,36578
trees_100.newick,4,13,101,2072,99,99,595,1843,27759
trees_100.newick,4,14,101,2094,99,99,593,1854,27055
trees_100.newick,4,15,101,2089,99,99,587,1831,27771
trees_100.newick,4,16,101,2040,99,99,581,1800,26490
trees_100.newick,4,17,101,2052,99,99,590,1836,31031
trees_100.newick,4,18,101,2111,99,99,589,1830,43772
trees_100.newick,4,19,101,2050,99,99,593,1831,39706
trees_100.newick,4,20,101,2137,99,99,595,1820,39906
trees_100.newick,4,21,101,2108,99,99,597,1868,31936
trees_100.newick,4,22,101,2098,99,99,600,1978,34518
trees_100.newick,4,23,101,2043,99,99,588,2468,27157
trees_100.newick,4,24,101,2102,99,99,589,1840,28138
trees_100.newick,4,25,101,2098,99,99,607,1858,30356
trees_100.newick,4,26,101,2066,99,99,601,1879,30995
trees_100.newick,4,27,101,2101,99,99,581,1853,30537
trees_100.newick,4,28,101,2113,99,99,595,2045,50347
trees_100.newick,4,29,101,1978,99,99,574,3276,66298
trees_100.newick,4,30,101,2054,99,99,591,1975,41082
trees_100.newick,4,31,101,2010,99,99,585,1835,29889
trees_100.newick,4,32,101,1999,99,99,585,1804,37044
trees_100.newick,4,33,101,2041,99,99,582,1865,27802
trees_100.newick,4,34,101,2138,99,99,594,1866,30061
trees_100.newick,4,35,101,2137,99,99,592,1804,26694
trees_100.newick,4,36,101,2119,99,99,591,1797,27810
trees_100.newick,4,37,101,2012,99,99,571,1843,37729
trees_100.newick,4,38,101,2040,99,99,584,1811,37764
trees_100.newick,4,39,101,2049,99,99,587,1898,45823
trees_100.newick,4,40,101,1955,99,99,578,1867,40186
trees_100.newick,4,41,101,1967,99,99,573,1780,50266
trees_100.newick,4,42,101,2117,99,99,593,1794,28311
trees_100.newick,4,43,101,2169,99,99,609,1859,30083
trees_100.newick,4,44,101,2009,99,99,594,1762,26095
trees_100.newick,4,45,101,2022,99,99,575,1835,26737
trees_100.newick,4,46,101,2096,99,99,600,1853,27944
trees_100.newick,4,47,101,2040,99,99,588,1853,42047
trees_100.newick,4,48,101,2139,99,99,596,1862,50571
trees_100.newick,4,49,101,2026,99,99,589,1855,53604
trees_100.newick,5,6,101,2131,99,99,602,1932,34436
trees_100.newick,5,7,101,2106,99,99,589,1827,42281
trees_100.newick,5,8,101,2116,99,99,589,1973,28573
trees_100.newick,5,9,101,2080,99,99,589,1849,28290
trees_100.newick,5,10,101,2022,99,99,576,1891,27953
trees_100.newick,5,11,101,2063,99,99,584,1833,26580
trees_100.newick,5,12,101,2052,99,99,577,1797,30925
trees_100.newick,5,13,101,2138,99,99,597,1906,49295
trees_100.newick,5,14,101,2115,99,99,588,1860,53476
trees_100.newick,5,15,101,2130,99,99,591,1821,34633
trees_100.newick,5,16,101,2031,99,99,578,1786,40267
trees_100.newick,5,17,101,2062,99,99,761,1821,41119
trees_100.newick,5,18,101,2032,99,99,575,1827,47470
trees_100.newick,5,19,101,2109,99,99,598,1826,29804
trees_100.newick,5,20,101,2004,99,99,575,2155,32665
trees_100.newick,5,21,101,2074,99,99,586,1840,34102
trees_100.newick,5,22,101,2154,99,99,594,1831,42124
trees_100.newick,5,23,101,2069,99,99,586,1806,67840
trees_100.newick,5,24,101,2128,99,99,585,1823,36586
trees_100.newick,5,25,101,2081,99,99,595,1817,48690
trees_100.newick,5,26,101,2058,99,99,589,1844,32772
trees_100.newick,5,27,101,2090,99,99,583,1833,27518
trees_100.newick,5,28,101,2104,99,99,577,1818,27007
trees_100.newick,5,29,101,2095,99,99,581,1793,30187
trees_100.newick,5,30,101,1951,99,99,573,1786,34631
trees_100.newick,5,31,101,2072,99,99,586,1810,35561
trees_100.newick,5,32,101,2068,99,99,583,1848,59959
trees_100.newick,5,33,101,2118,99,99,592,1843,54207
trees_100.newick,5,34,101,1967,99,99,574,1808,42839
trees_100.newick,5,35,101,1998,99,99,579,1759,37840
trees_100.newick,5,36,101,2078,99,99,584,1826,28995
trees_100.newick,5,37,101,2057,99,99,577,1781,38258
trees_100.newick,5,38,101,2078,99,99,588,1842,28525
trees_100.newick,5,39,101,2040,99,99,580,1767,26006
trees_100.newick,5,40,101,2074,99,99,590,1813,33439
trees_100.newick,5,41,101,2124,99,99,585,1819,44269
trees_100.newick,5,42,101,2004,99,99,573,1802,69747
trees_100.newick,5,43,101,2061,99,99,588,1833,39353
trees_100.newick,5,44,101,2001,99,99,573,2076,40102
trees_100.newick,5,45,101,2028,99,99,566,1810,33446
trees_100.newick,5,46,101,2160,99,99,598,1809,29763
trees_100.newick,5,47,101,2040,99,99,581,1839,31760
trees_100.newick,5,48,101,2098,99,99,584,1820,27533
trees_100.newick,5,49,101,1974,99,99,578,1784,41692
trees_100.newick,6,7,101,2112,99,99,595,1894,46430
trees_100.newick,6,8,101,2104,99,99,590,1842,69161
trees_100.newick,6,9,101,2045,99,99,579,1823,35280
trees_100.newick,6,10,101,2145,99,99,595,1825,47230
trees_100.newick,6,11,101,2079,99,99,582,1808,28156
trees_100.newick,6,12,101,2140,99,99,589,1835,27266
trees_100.newick,6,13,101,2169,99,99,602,1832,28371
trees_100.newick,6,14,101,2151,99,99,595,1877,28578
trees_100.newick,6,15,101,2112,99,99,593,1837,33942
trees_100.newick,6,16,101,2148,99,99,596,1835,42342
trees_100.newick,6,17,101,2018,99,99,577,1816,58767
trees_100.newick,6,18,101,2071,99,99,584,1824,57930
trees_100.newick,6,19,101,2136,99,99,588,1827,43974
trees_100.newick,6,20,101,2176,99,99,591,1938,31864
trees_100.newick,6,21,101,1965,99,99,566,1789,31689
trees_100.newick,6,22,101,2184,99,99,598,1853,32794
trees_100.newick,6,23,101,2080,99,99,616,1821,26000
trees_100.newick,6,24,101,2140,99,99,587,1851,26224
trees_100.newick,6,25,101,2069,99,99,592,1815,48101
trees_100.newick,6,26,101,2150,99,99,599,1981,36789
trees_100.newick,6,27,101,2017,99,99,569,1820,50309
trees_100.newick,6,28,101,2067,99,99,583,1854,34348
trees_100.newick,6,29,101,2154,99,99,587,1798,29005
trees_100.newick,6,30,101,2126,99,99,589,1812,35903
trees_100.newick,6,31,101,2141,99,99,595,1789,28374
trees_100.newick,6,32,101,2146,99,99,593,1848,27121
trees_100.newick,6,33,101,2010,99,99,581,1818,26860
trees_100.newick,6,34,101,2195,99,99,594,1856,26510
trees_100.newick,6,35,101,2075,99,99,598,1800,30706
trees_100.newick,6,36,101,2184,99,99,595,1822,33522
trees_100.newick,6,37,101,2047,99,99,578,1858,62744
trees_100.newick,6,38,101,2085,99,99,587,1871,33319
trees_100.newick,6,39,101,2115,99,99,615,1904,27984
trees_100.newick,6,40,101,2090,99,99,595,1836,30477
trees_100.newick,6,41,101,2095,99,99,589,1817,31948
trees_100.newick,6,42,101,2133,99,99,588,1802,27199
trees_100.newick,6,43,101,2048,99,99,593,1821,31525
trees_100.newick,6,44,101,1947,99,99,566,1837,31726
trees_100.newick,6,45,101,2191,99,99,579,1865,34810
trees_100.newick,6,46,101,1994,99,99,576,1787,71755
trees_100.newick,6,47,101,2117,99,99,585,1815,48510
trees_100.newick,6,48,101,2157,99,99,589,1855,32252
trees_100.newick,6,49,101,2056,99,99,581,1818,33903
trees_100.newick,7,8,101,2061,99,99,575,1829,29825
trees_100.newick,7,9,101,2048,99,99,581,1798,36648
trees_100.newick,7,10,101,2013,99,99,573,1893,32359
trees_100.newick,7,11,101,1987,99,99,573,1808,27255
trees_100.newick,7,12,101,2104,99,99,585,1842,31841
trees_100.newick,7,13,101,2109,99,99,593,1866,42838
trees_100.newick,7,14,101,2115,99,99,592,1827,66133
trees_100.newick,7,15,101,2076,99,99,589,1847,31411
trees_100.newick,7,16,101,2065,99,99,585,1870,27754
trees_100.newick,7,17,101,2100,99,99,584,1829,32814
trees_100.newick,7,18,101,2003,99,99,574,1824,27229
trees_100.newick,7,19,101,2008,99,99,578,1822,27137
trees_100.newick,7,20,101,2105,99,99,586,1821,26399
trees_100.newick,7,21,101,2004,99,99,573,1876,31313
trees_100.newick,7,22,101,2149,99,99,600,1863,28360
trees_100.newick,7,23,101,2022,99,99,578,1815,36300
trees_100.newick,7,24,101,2198,99,99,590,1858,52157
trees_100.newick,7,25,101,2025,99,99,592,1836,38545
trees_100.newick,7,26,101,2098,99,99,589,1837,31896
trees_100.newick,7,27,101,2011,99,99,567,1859,28947
trees_100.newick,7,28,101,2060,99,99,577,1824,30643
trees_100.newick,7,29,101,2068,99,99,575,1791,30491
trees_100.newick,7,30,101,2052,99,99,851,1809,29999
trees_100.newick,7,31,101,1991,99,99,782,1768,28395
trees_100.newick,7,32,101,2045,99,99,616,1807,29926
trees_100.newick,7,33,101,2024,99,99,584,1872,59829
trees_100.newick,7,34,101,1988,99,99,577,1834,44991
trees_100.newick,7,35,101,2017,99,99,577,1781,35726
trees_100.newick,7,36,101,2039,99,99,583,1833,29358
trees_100.newick,7,37,101,1971,99,99,566,1786,30140
trees_100.newick,7,38,101,2049,99,99,587,1828,34308
trees_100.newick,7,39,101,2087,99,99,591,1800,27439
trees_100.newick,7,40,101,2032,99,99,590,1803,33667
trees_100.newick,7,41,101,2164,99,99,592,1844,27239
trees_100.newick,7,42,101,2084,99,99,580,2127,41296
trees_100.newick,7,43,101,1998,99,99,580,1799,54128
trees_100.newick,7,44,101,2073,99,99,576,1810,41277
trees_100.newick,7,45,101,2084,99,99,574,1843,29570
trees_100.newick,7,46,101,2101,99,99,595,1794,36038
trees_100.newick,7,47,101,2100,99,99,581,1824,30249
trees_100.newick,7,48,101,2093,99,99,585,1848,38591
trees_100.newick,7,49,101,2141,99,99,589,1838,27640
trees_100.newick,8,9,101,2083,99,99,592,1827,25812
trees_100.newick,8,10,101,2074,99,99,589,1765,32015
trees_100.newick,8,11,101,2125,99,99,586,1968,47173
trees_100.newick,8,12,101,2040,99,99,582,1825,34891
trees_100.newick,8,13,101,2121,99,99,598,1838,39375
trees_100.newick,8,14,101,2160,99,99,596,1990,35495
trees_100.newick,8,15,101,2051,99,99,602,1807,31342
trees_100.newick,8,16,101,2033,99,99,581,1795,27407
trees_100.newick,8,17,101,2017,99,99,577,1808,27698
trees_100.newick,8,18,101,1984,99,99,575,1809,34478
trees_100.newick,8,19,101,2031,99,99,578,1796,27802
trees_100.newick,8,20,101,2069,99,99,584,1799,28126
trees_100.newick,8,21,101,2061,99,99,581,1837,56519
trees_100.newick,8,22,101,1944,99,99,581,1792,43852
trees_100.newick,8,23,101,2054,99,99,584,1835,34827
trees_100.newick,8,24,101,1952,99,99,568,1769,29900
trees_100.newick,8,25,101,1979,99,99,585,1756,34050
trees_100.newick,8,26,101,2116,99,99,600,1834,27522
trees_100.newick,8,27,101,2048,99,99,571,1811,35404
trees_100.newick,8,28,101,1952,99,99,572,1771,30655
trees_100.newick,8,29,101,2144,99,99,582,1853,28891
trees_100.newick,8,30,101,2088,99,99,585,1800,32969
trees_100.newick,8,31,101,2065,99,99,582,1782,42228
trees_100.newick,8,32,101,2113,99,99,587,1801,50271
trees_100.newick,8,33,101,2093,99,99,590,1839,37580
trees_100.newick,8,34,101,2089,99,99,581,1976,29607
trees_100.newick,8,35,101,2108,99,99,586,1876,30204
trees_100.newick,8,36,101,2041,99,99,573,2056,31989
trees_100.newick,8,37,101,2102,99,99,577,1817,27949
trees_100.newick,8,38,101,1988,99,99,580,1809,29867
trees_100.newick,8,39,101,2052,99,99,590,1799,27870
trees_100.newick,8,40,101,2143,99,99,593,1798,38443
trees_100.newick,8,41,101,2000,99,99,574,1780,49740
trees_100.newick,8,42,101,2079,99,99,578,1832,49363
trees_100.newick,8,43,101,2056,99,99,585,1882,31408
trees_100.newick,8,44,101,2062,99,99,571,1777,40954
trees_100.newick,8,45,101,2115,99,99,577,1842,30179
trees_100.newick,8,46,101,2107,99,99,584,1800,27962
trees_100.newick,8,47,101,2141,99,99,587,1818,31383
trees_100.newick,8,48,101,2129,99,99,581,1825,33789
trees_100.newick,8,49,101,1985,99,99,577,1819,31718
trees_100.newick,9,10,101,2145,99,99,590,1807,42375
trees_100.newick,9,11,101,2017,99,99,571,1790,53660
trees_100.newick,9,12,101,2054,99,99,577,1794,38479
trees_100.newick,9,13,101,1961,99,99,578,1828,38628
trees_100.newick,9,14,101,1984,99,99,577,1824,37159
trees_100.newick,9,15,101,1980,99,99,578,1813,29391
trees_100.newick,9,16,101,2084,99,99,584,1791,28176
trees_100.newick,9,17,101,2070,99,99,579,1803,26493
trees_100.newick,9,18,101,2017,99,99,579,1808,25921
trees_100.newick,9,19,101,2058,99,99,583,1814,29852
trees_100.newick,9,20,101,2050,99,99,577,1868,49200
trees_100.newick,9,21,101,1945,99,99,568,1813,42070
trees_100.newick,9,22,101,2053,99,99,587,1853,39795
trees_100.newick,9,23,101,1964,99,99,574,1810,29996
trees_100.newick,9,24,101,2125,99,99,587,1816,32654
trees_100.newick,9,25,101,2026,99,99,589,1787,28019
trees_100.newick,9,26,101,2088,99,99,595,2057,27523
trees_100.newick,9,27,101,2049,99,99,572,1845,26093
trees_100.newick,9,28,101,2043,99,99,578,1851,29939
trees_100.newick,9,29,101,2128,99,99,586,2377,30943
trees_100.newick,9,30,101,2088,99,99,579,1907,37687
trees_100.newick,9,31,101,1934,99,99,584,1756,74906
trees_100.newick,9,32,101,2030,99,99,579,1852,33396
trees_100.newick,9,33,101,1973,99,99,574,1804,33640
trees_100.newick,9,34,101,2031,99,99,570,1836,29462
trees_100.newick,9,35,101,2050,99,99,582,1770,38526
trees_100.newick,9,36,101,2070,99,99,576,1808,29044
trees_100.newick,9,37,101,2102,99,99,580,1801,27291
trees_100.newick,9,38,101,2033,99,99,569,1865,32811
trees_100.newick,9,39,101,2041,99,99,580,1759,43521
trees_100.newick,9,40,101,2005,99,99,577,1809,64025
trees_100.newick,9,41,101,2090,99,99,583,1873,51742
trees_100.newick,9,42,101,2072,99,99,579,1815,29713
trees_100.newick,9,43,101,2055,99,99,589,2185,42948
trees_100.newick,9,44,101,2056,99,99,572,2356,30790
trees_100.newick,9,45,101,2068,99,99,569,1963,33410
trees_100.newick,9,46,101,2077,99,99,590,1847,26397
trees_100.newick,9,47,101,2004,99,99,578,2102,37311
trees_100.newick,9,48,101,2078,99,99,599,1887,28697
trees_100.newick,9,49,101,2084,99,99,585,1835,43642
trees_100.newick,10,11,101,2099,99,99,588,1884,42419
trees_100.newick,10,12,101,2172,99,99,589,2036,46787
trees_100.newick,10,13,101,2104,99,99,601,1964,30165
trees_100.newick,10,14,101,2103,99,99,582,1841,40835
trees_100.newick,10,15,101,2055,99,99,587,1866,28289
trees_100.newick,10,16,101,2217,99,99,593,1871,28198
trees_100.newick,10,17,101,2118,99,99,589,2950,31450
trees_100.newick,10,18,101,2156,99,99,585,1961,33946
trees_100.newick,10,19,101,2074,99,99,589,1873,29739
trees_100.newick,10,20,101,2032,99,99,573,1935,40634
trees_100.newick,10,21,101,2071,99,99,580,1912,56655
trees_100.newick,10,22,101,2130,99,99,592,1907,38291
trees_100.newick,10,23,101,2181,99,99,601,1952,29541
trees_100.newick,10,24,101,2106,99,99,578,1851,30038
trees_100.newick,10,25,101,2114,99,99,630,1854,29868
trees_100.newick,10,26,101,2103,99,99,592,1898,31700
trees_100.newick,10,27,101,2093,99,99,580,1853,26686
trees_100.newick,10,28,101,2100,99,99,577,1855,32142
trees_100.newick,10,29,101,2115,99,99,586,1825,41685
trees_100.newick,10,30,101,2158,99,99,590,1828,55543
trees_100.newick,10,31,101,2093,99,99,588,1836,48682
trees_100.newick,10,32,101,2165,99,99,587,1880,35177
trees_100.newick,10,33,101,2198,99,99,594,1886,51988
trees_100.newick,10,34,101,2066,99,99,583,1924,29748
trees_100.newick,10,35,101,2140,99,99,593,1901,28746
trees_100.newick,10,36,101,2076,99,99,584,1880,27280
trees_100.newick,10,37,101,2119,99,99,583,1858,27612
trees_100.newick,10,38,101,2189,99,99,596,1875,29419
trees_100.newick,10,39,101,1979,99,99,576,1807,40177
trees_100.newick,10,40,101,2074,99,99,591,2439,40638
trees_100.newick,10,41,101,2069,99,99,578,2658,46933
trees_100.newick,10,42,101,1992,99,99,584,1820,43636
trees_100.newick,10,43,101,2179,99,99,596,1864,31889
trees_100.newick,10,44,101,2114,99,99,589,1799,28566
trees_100.newick,10,45,101,2140,99,99,575,1890,27998
trees_100.newick,10,46,101,2116,99,99,595,1810,26950
trees_100.newick,10,47,101,2175,99,99,589,1843,29206
trees_100.newick,10,48,101,2111,99,99,583,1831,30280
trees_100.newick,10,49,101,2063,99,99,583,1839,51813
trees_100.newick,11,12,101,2125,99,99,582,1820,58273
trees_100.newick,11,13,101,2014,99,99,573,1852,38985
trees_100.newick,11,14,101,2167,99,99,587,1820,31099
trees_100.newick,11,15,101,2029,99,99,575,1780,39683
trees_100.newick,11,16,101,2113,99,99,579,1815,30299
trees_100.newick,11,17,101,1975,99,99,561,1824,29669
trees_100.newick,11,18,101,1976,99,99,565,1830,27823
trees_100.newick,11,19,101,2042,99,99,578,1875,28651
trees_100.newick,11,20,101,2022,99,99,596,1850,58038
trees_100.newick,11,21,101,2053,99,99,586,1854,42431
trees_100.newick,11,22,101,2004,99,99,577,1823,44453
trees_100.newick,11,23,101,1903,99,99,564,1785,40125
trees_100.newick,11,24,101,2031,99,99,567,1830,43266
trees_100.newick,11,25,101,2046,99,99,591,1821,29412
trees_100.newick,11,26,101,1988,99,99,573,1835,32700
trees_100.newick,11,27,101,2053,99,99,565,1842,26396
trees_100.newick,11,28,101,2004,99,99,563,1803,26544
trees_100.newick,11,29,101,2088,99,99,578,1793,30178
trees_100.newick,11,30,101,2148,99,99,582,1798,59282
trees_100.newick,11,31,101,1974,99,99,569,1776,44258
trees_100.newick,11,32,101,1996,99,99,566,1820,43955
trees_100.newick,11,33,101,2084,99,99,582,1810,30263
trees_100.newick,11,34,101,2113,99,99,582,1849,30828
trees_100.newick,11,35,101,2046,99,99,574,1764,32538
trees_100.newick,11,36,101,2069,99,99,580,1804,27714
trees_100.newick,11,37,101,2057,99,99,585,1788,36287
trees_100.newick,11,38,101,2082,99,99,579,1820,28927
trees_100.newick,11,39,101,2005,99,99,577,1782,42320
trees_100.newick,11,40,101,2132,99,99,591,1798,58555
trees_100.newick,11,41,101,2018,99,99,563,1790,51634
trees_100.newick,11,42,101,2027,99,99,581,1794,29488
trees_100.newick,11,43,101,2059,99,99,581,1817,43155
trees_100.newick,11,44,101,2114,99,99,580,1801,30911
trees_100.newick,11,45,101,1985,99,99,557,1878,30058
trees_100.newick,11,46,101,2025,99,99,579,1783,32146
trees_100.newick,11,47,101,2025,99,99,571,1814,26303
trees_100.newick,11,48,101,2123,99,99,580,1825,26000
trees_100.newick,11,49,101,2055,99,99,575,1829,38720
trees_100.newick,12,13,101,2119,99,99,601,1837,46400
trees_100.newick,12,14,101,2092,99,99,581,1873,49659
trees_100.newick,12,15,101,2099,99,99,591,1797,33343
trees_100.newick,12,16,101,2116,99,99,610,1792,35331
trees_100.newick,12,17,101,2155,99,99,594,1838,26542
trees_100.newick,12,18,101,2148,99,99,609,1856,26187
trees_100.newick,12,19,101,2137,99,99,595,1814,27777
trees_100.newick,12,20,101,2104,99,99,589,1953,33431
trees_100.newick,12,21,101,2046,99,99,581,1815,28646
trees_100.newick,12,22,101,2088,99,99,593,1804,53451
trees_100.newick,12,23,101,2130,99,99,586,1835,41613
trees_100.newick,12,24,101,2169,99,99,592,1810,34755
trees_100.newick,12,25,101,2040,99,99,588,1785,45686
trees_100.newick,12,26,101,2123,99,99,598,1889,33204
trees_100.newick,12,27,101,2039,99,99,568,1875,28003
trees_100.newick,12,28,101,2123,99,99,583,1790,28921
trees_100.newick,12,29,101,2074,99,99,575,1774,36291
trees_100.newick,12,30,101,2200,99,99,597,1811,49440
trees_100.newick,12,31,101,1990,99,99,570,1792,47361
trees_100.newick,12,32,101,2082,99,99,580,1791,40345
trees_100.newick,12,33,101,2129,99,99,586,1845,41814
trees_100.newick,12,34,101,1942,99,99,565,1804,33041
trees_100.newick,12,35,101,2085,99,99,580,1785,32878
trees_100.newick,12,36,101,2020,99,99,578,1804,27403
trees_100.newick,12,37,101,2113,99,99,576,1799,26060
trees_100.newick,12,38,101,2158,99,99,587,1813,27467
trees_100.newick,12,39,101,2128,99,99,595,1868,32848
trees_100.newick,12,40,101,2079,99,99,586,1812,40508
trees_100.newick,12,41,101,2133,99,99,588,1848,51521
trees_100.newick,12,42,101,2119,99,99,589,1778,34330
trees_100.newick,12,43,101,2130,99,99,597,1824,38137
trees_100.newick,12,44,101,2106,99,99,582,1800,29620
trees_100.newick,12,45,101,2060,99,99,573,1868,27777
trees_100.newick,12,46,101,2080,99,99,581,1803,31746
trees_100.newick,12,47,101,2089,99,99,589,1812,30674
trees_100.newick,12,48,101,2125,99,99,584,1812,28066
trees_100.newick,12,49,101,2031,99,99,650,1816,36866
trees_100.newick,13,14,101,2111,99,99,798,1843,40396
trees_100.newick,13,15,101,2178,99,99,594,1865,39571
trees_100.newick,13,16,101,2133,99,99,589,1804,34299
trees_100.newick,13,17,101,2068,99,99,583,1834,39876
trees_100.newick,13,18,101,2093,99,99,584,1817,27035
trees_100.newick,13,19,101,2143,99,99,598,1823,30640
trees_100.newick,13,20,101,2121,99,99,588,1823,26573
trees_100.newick,13,21,101,2044,99,99,581,2226,25743
trees_100.newick,13,22,101,2160,99,99,595,1896,28961
trees_100.newick,13,23,101,2053,99,99,590,1841,60681
trees_100.newick,13,24,101,2108,99,99,581,1831,43243
trees_100.newick,13,25,101,2004,99,99,593,1853,33077
trees_100.newick,13,26,101,2206,99,99,602,1877,31234
trees_100.newick,13,27,101,2115,99,99,581,1871,32183
trees_100.newick,13,28,101,2143,99,99,578,1849,29104
trees_100.newick,13,29,101,2108,99,99,594,1814,29176
trees_100.newick,13,30,101,2120,99,99,581,1785,29024
trees_100.newick,13,31,101,2055,99,99,589,1820,26554
trees_100.newick,13,32,101,2098,99,99,576,1806,33598
trees_100.newick,13,33,101,2050,99,99,584,1851,41274
trees_100.newick,13,34,101,1998,99,99,571,1799,66052
trees_100.newick,13,35,101,2065,99,99,584,1803,32673
trees_100.newick,13,36,101,2162,99,99,589,1805,29117
trees_100.newick,13,37,101,2113,99,99,582,1784,33997
trees_100.newick,13,38,101,2086,99,99,584,1835,27267
trees_100.newick,13,39,101,2164,99,99,600,1808,27663
trees_100.newick,13,40,101,1999,99,99,582,1819,34896
trees_100.newick,13,41,101,2081,99,99,582,1807,30499
trees_100.newick,13,42,101,2056,99,99,585,1802,43707
trees_100.newick,13,43,101,2164,99,99,597,1811,46505
trees_100.newick,13,44,101,2046,99,99,579,1806,55799
trees_100.newick,13,45,101,2071,99,99,578,1799,30589
trees_100.newick,13,46,101,2078,99,99,592,1870,52490
trees_100.newick,13,47,101,2056,99,99,578,1826,29690
trees_100.newick,13,48,101,2106,99,99,587,1848,28154
trees_100.newick,13,49,101,2067,99,99,586,1832,31262
trees_100.newick,14,15,101,2080,99,99,589,1810,27849
trees_100.newick,14,16,101,2080,99,99,580,1816,32253
trees_100.newick,14,17,101,2130,99,99,590,1876,37910
trees_100.newick,14,18,101,2070,99,99,576,1832,43953
trees_100.newick,14,19,101,2148,99,99,595,1803,42967
trees_100.newick,14,20,101,2115,99,99,587,1823,33872
trees_100.newick,14,21,101,2177,99,99,596,1826,31706
trees_100.newick,14,22,101,2118,99,99,591,1820,28252
trees_100.newick,14,23,101,2116,99,99,592,1837,27890
trees_100.newick,14,24,101,2137,99,99,581,1811,28982
trees_100.newick,14,25,101,2021,99,99,592,1780,34835
trees_100.newick,14,26,101,2141,99,99,609,1861,33077
trees_100.newick,14,27,101,2152,99,99,587,1834,43750
trees_100.newick,14,28,101,2087,99,99,581,1822,49211
trees_100.newick,14,29,101,2050,99,99,576,1835,40621
trees_100.newick,14,30,101,2099,99,99,587,1815,29518
trees_100.newick,14,31,101,2104,99,99,589,1811,31070
trees_100.newick,14,32,101,2061,99,99,581,1796,27967
trees_100.newick,14,33,101,2150,99,99,584,1830,28412
trees_100.newick,14,34,101,2138,99,99,591,1851,28490
trees_100.newick,14,35,101,1996,99,99,570,1764,36855
trees_100.newick,14,36,101,2104,99,99,586,1838,29756
trees_100.newick,14,37,101,2149,99,99,579,1827,39132
trees_100.newick,14,38,101,2118,99,99,591,1815,51159
trees_100.newick,14,39,101,2104,99,99,585,1812,33070
trees_100.newick,14,40,101,2081,99,99,594,1842,30743
trees_100.newick,14,41,101,2038,99,99,580,1792,49081
trees_100.newick,14,42,101,2160,99,99,603,1842,31565
trees_100.newick,14,43,101,2177,99,99,609,1837,27347
trees_100.newick,14,44,101,2069,99,99,582,1779,38974
trees_100.newick,14,45,101,2176,99,99,581,1811,29401
trees_100.newick,14,46,101,2156,99,99,597,1841,42617
trees_100.newick,14,47,101,2144,99,99,585,1858,56832
trees_100.newick,14,48,101,2102,99,99,586,1857,42677
trees_100.newick,14,49,101,2157,99,99,594,1853,30202
trees_100.newick,15,16,101,2056,99,99,583,1766,34695
trees_100.newick,15,17,101,2076,99,99,582,1823,29136
trees_100.newick,15,18,101,2006,99,99,577,1807,30602
trees_100.newick,15,19,101,2089,99,99,589,1797,31875
trees_100.newick,15,20,101,2077,99,99,586,1879,26089
trees_100.newick,15,21,101,2013,99,99,582,1832,27461
trees_100.newick,15,22,101,2110,99,99,593,1826,41573
trees_100.newick,15,23,101,2046,99,99,591,1826,53738
trees_100.newick,15,24,101,2116,99,99,580,1823,45729
trees_100.newick,15,25,101,2126,99,99,617,1795,40395
trees_100.newick,15,26,101,2060,99,99,589,1842,37845
trees_100.newick,15,27,101,2028,99,99,573,1829,31619
trees_100.newick,15,28,101,2055,99,99,573,1812,26762
trees_100.newick,15,29,101,2088,99,99,581,1814,31001
trees_100.newick,15,30,101,2117,99,99,580,1835,27033
trees_100.newick,15,31,101,1973,99,99,580,1793,32802
trees_100.newick,15,32,101,2070,99,99,581,1811,41694
trees_100.newick,15,33,101,1913,99,99,572,1832,38621
trees_100.newick,15,34,101,2036,99,99,576,1838,32203
trees_100.newick,15,35,101,2045,99,99,588,1757,34376
trees_100.newick,15,36,101,2007,99,99,577,1820,34535
trees_100.newick,15,37,101,2099,99,99,580,1832,27223
trees_100.newick,15,38,101,2137,99,99,581,1831,26725
trees_100.newick,15,39,101,2138,99,99,600,1838,28438
trees_100.newick,15,40,101,2015,99,99,582,1828,27427
trees_100.newick,15,41,101,2052,99,99,576,1802,52704
trees_100.newick,15,42,101,2092,99,99,605,1817,38747
trees_100.newick,15,43,101,2080,99,99,591,1824,38872
trees_100.newick,15,44,101,2119,99,99,583,1846,30069
trees_100.newick,15,45,101,2034,99,99,568,2624,36031
trees_100.newick,15,46,101,2045,99,99,588,1827,36330
trees_100.newick,15,47,101,1999,99,99,571,1817,41785
trees_100.newick,15,48,101,2167,99,99,597,1847,28304
trees_100.newick,15,49,101,2072,99,99,583,1820,26321
trees_100.newick,16,17,101,2193,99,99,599,1854,31536
trees_100.newick,16,18,101,2103,99,99,580,1859,43691
trees_100.newick,16,19,101,2165,99,99,603,1850,42978
trees_100.newick,16,20,101,2133,99,99,582,1830,47704
trees_100.newick,16,21,101,1968,99,99,574,1827,40899
trees_100.newick,16,22,101,1974,99,99,574,1805,43793
trees_100.newick,16,23,101,1999,99,99,584,1818,28520
trees_100.newick,16,24,101,2099,99,99,579,3019,31836
trees_100.newick,16,25,101,2065,99,99,605,2352,28483
trees_100.newick,16,26,101,2119,99,99,593,1874,27828
trees_100.newick,16,27,101,2155,99,99,584,1857,30494
trees_100.newick,16,28,101,2076,99,99,575,1845,40911
trees_100.newick,16,29,101,2160,99,99,583,1844,62926
trees_100.newick,16,30,101,2172,99,99,585,1841,32673
trees_100.newick,16,31,101,2148,99,99,585,1836,29589
trees_100.newick,16,32,101,1964,99,99,563,1775,32745
trees_100.newick,16,33,101,2039,99,99,575,1816,32197
trees_100.newick,16,34,101,2079,99,99,584,1856,30642
trees_100.newick,16,35,101,2047,99,99,571,1825,26269
trees_100.newick,16,36,101,2141,99,99,603,1840,27377
trees_100.newick,16,37,101,2008,99,99,565,1816,48583
trees_100.newick,16,38,101,2078,99,99,588,1845,55155
trees_100.newick,16,39,101,2118,99,99,588,1823,56956
trees_100.newick,16,40,101,1973,99,99,584,1799,42578
trees_100.newick,16,41,101,2047,99,99,574,1791,41425
trees_100.newick,16,42,101,2122,99,99,594,1829,37022
trees_100.newick,16,43,101,2022,99,99,579,1854,27596
trees_100.newick,16,44,101,2068,99,99,586,1900,27994
trees_100.newick,16,45,101,2061,99,99,564,1815,29880
trees_100.newick,16,46,101,2138,99,99,593,1844,56207
trees_100.newick,16,47,101,2122,99,99,578,1848,44934
trees_100.newick,16,48,101,2085,99,99,583,1904,61950
trees_100.newick,16,49,101,2179,99,99,595,1846,46631
trees_100.newick,17,18,101,2064,99,99,573,1823,33587
trees_100.newick,17,19,101,2130,99,99,588,1832,28526
trees_100.newick,17,20,101,2076,99,99,577,1813,27099
trees_100.newick,17,21,101,2052,99,99,577,1832,26898
trees_100.newick,17,22,101,2065,99,99,579,1864,27719
trees_100.newick,17,23,101,2003,99,99,576,1832,39315
trees_100.newick,17,24,101,2079,99,99,571,1836,49402
trees_100.newick,17,25,101,2117,99,99,604,1813,35657
trees_100.newick,17,26,101,2131,99,99,591,1859,32429
trees_100.newick,17,27,101,2127,99,99,590,1827,34948
trees_100.newick,17,28,101,2037,99,99,571,1868,27847
trees_100.newick,17,29,101,2083,99,99,586,1793,27483
trees_100.newick,17,30,101,2074,99,99,574,1804,33028
trees_100.newick,17,31,101,2118,99,99,591,1810,29207
trees_100.newick,17,32,101,2147,99,99,581,1820,33070
trees_100.newick,17,33,101,2134,99,99,598,1848,36023
trees_100.newick,17,34,101,2030,99,99,574,1860,56326
trees_100.newick,17,35,101,2000,99,99,572,1765,39038
trees_100.newick,17,36,101,2020,99,99,585,1782,50493
trees_100.newick,17,37,101,2155,99,99,582,1829,30178
trees_100.newick,17,38,101,2063,99,99,578,1808,30752
trees_100.newick,17,39,101,2034,99,99,574,1786,31400
trees_100.newick,17,40,101,1985,99,99,572,1848,33453
trees_100.newick,17,41,101,2107,99,99,582,1817,26732
trees_100.newick,17,42,101,2126,99,99,582,1833,37355
trees_100.newick,17,43,101,2193,99,99,598,1827,50266
trees_100.newick,17,44,101,2027,99,99,577,1783,39956
trees_100.newick,17,45,101,2155,99,99,579,1858,32119
trees_100.newick,17,46,101,2067,99,99,589,1800,38710
trees_100.newick,17,47,101,2056,99,99,576,1818,32598
trees_100.newick,17,48,101,2144,99,99,593,1819,28245
trees_100.newick,17,49,101,2177,99,99,593,1835,27080
trees_100.newick,18,19,101,2147,99,99,603,1820,28460
trees_100.newick,18,20,101,2076,99,99,576,1815,32692
trees_100.newick,18,21,101,2086,99,99,588,1826,46639
trees_100.newick,18,22,101,2061,99,99,585,1808,50161
trees_100.newick,18,23,101,2145,99,99,597,1810,41558
trees_100.newick,18,24,101,2109,99,99,577,1803,29315
trees_100.newick,18,25,101,2091,99,99,600,1789,34619
trees_100.newick,18,26,101,2089,99,99,587,1825,27933
trees_100.newick,18,27,101,2031,99,99,573,1796,35724
trees_100.newick,18,28,101,2090,99,99,583,1815,31426
trees_100.newick,18,29,101,2005,99,99,570,1793,29765
trees_100.newick,18,30,101,2133,99,99,582,1826,41571
trees_100.newick,18,31,101,2007,99,99,570,1764,63047
trees_100.newick,18,32,101,2096,99,99,579,1796,51991
trees_100.newick,18,33,101,2028,99,99,575,1831,30745
trees_100.newick,18,34,101,2096,99,99,578,1851,39833
trees_100.newick,18,35,101,2105,99,99,579,1781,29103
trees_100.newick,18,36,101,2102,99,99,600,1814,33420
trees_100.newick,18,37,101,2085,99,99,571,1801,27725
trees_100.newick,18,38,101,2083,99,99,584,1791,32078
trees_100.newick,18,39,101,2112,99,99,583,1772,27394
trees_100.newick,18,40,101,2155,99,99,597,1813,42791
trees_100.newick,18,41,101,2066,99,99,569,1815,51421
trees_100.newick,18,42,101,2037,99,99,582,1777,48181
trees_100.newick,18,43,101,2054,99,99,581,1847,31442
trees_100.newick,18,44,101,2055,99,99,579,2034,51759
trees_100.newick,18,45,101,2021,99,99,564,1847,33254
trees_100.newick,18,46,101,2212,99,99,606,1800,30598
trees_100.newick,18,47,101,2140,99,99,585,1957,26497
trees_100.newick,18,48,101,1975,99,99,569,1800,31480
trees_100.newick,18,49,101,2096,99,99,582,1817,29167
trees_100.newick,19,20,101,2010,99,99,580,1821,47461
trees_100.newick,19,21,101,2064,99,99,579,1837,44282
trees_100.newick,19,22,101,2096,99,99,592,1832,41999
trees_100.newick,19,23,101,2063,99,99,579,1934,40943
trees_100.newick,19,24,101,2134,99,99,580,1813,45207
trees_100.newick,19,25,101,1996,99,99,586,1787,29091
trees_100.newick,19,26,101,1952,99,99,572,1824,32546
trees_100.newick,19,27,101,2002,99,99,574,1840,26761
trees_100.newick,19,28,101,1987,99,99,561,1792,29376
trees_100.newick,19,29,101,2092,99,99,582,1872,36033
trees_100.newick,19,30,101,2100,99,99,579,1817,43441
trees_100.newick,19,31,101,2079,99,99,596,1783,57416
trees_100.newick,19,32,101,1985,99,99,569,1781,40409
trees_100.newick,19,33,101,2034,99,99,585,1844,39604
trees_100.newick,19,34,101,2032,99,99,572,1840,33752
trees_100.newick,19,35,101,2073,99,99,582,1791,28556
trees_100.newick,19,36,101,2036,99,99,577,1810,27078
trees_100.newick,19,37,101,2118,99,99,581,1819,25941
trees_100.newick,19,38,101,2065,99,99,578,1795,27618
trees_100.newick,19,39,101,1946,99,99,590,1770,39243
trees_100.newick,19,40,101,2177,99,99,596,1836,39187
trees_100.newick,19,41,101,2141,99,99,584,1809,48073
trees_100.newick,19,42,101,2139,99,99,584,1801,44838
trees_100.newick,19,43,101,2151,99,99,594,1808,39901
trees_100.newick,19,44,101,2071,99,99,571,1808,28671
trees_100.newick,19,45,101,2019,99,99,562,1829,30340
trees_100.newick,19,46,101,2034,99,99,590,1776,31235
trees_100.newick,19,47,101,2026,99,99,584,1807,26946
trees_100.newick,19,48,101,2049,99,99,577,1848,33466
trees_100.newick,19,49,101,2077,99,99,580,1798,51324
trees_100.newick,20,21,101,2042,99,99,591,1789,45945
trees_100.newick,20,22,101,2071,99,99,587,1789,53928
trees_100.newick,20,23,101,1988,99,99,583,1792,31558
trees_100.newick,20,24,101,2081,99,99,582,1790,30964
trees_100.newick,20,25,101,1962,99,99,594,1768,32962
trees_100.newick,20,26,101,2028,99,99,583,1819,42047
trees_100.newick,20,27,101,1977,99,99,567,1800,31599
trees_100.newick,20,28,101,2107,99,99,580,1809,39737
trees_100.newick,20,29,101,2124,99,99,584,1784,38623
trees_100.newick,20,30,101,2078,99,99,576,1795,59871
trees_100.newick,20,31,101,2045,99,99,579,1769,47334
trees_100.newick,20,32,101,2088,99,99,579,1788,33817
trees_100.newick,20,33,101,1968,99,99,569,1779,46932
trees_100.newick,20,34,101,2047,99,99,582,1822,28648
trees_100.newick,20,35,101,2088,99,99,592,1785,28807
trees_100.newick,20,36,101,1978,99,99,572,1784,26346
trees_100.newick,20,37,101,2081,99,99,574,1770,30756
trees_100.newick,20,38,101,2146,99,99,594,1797,30547
trees_100.newick,20,39,101,2054,99,99,582,1782,45744
trees_100.newick,20,40,101,2155,99,99,606,1788,43555
trees_100.newick,20,41,101,2068,99,99,591,1796,49949
trees_100.newick,20,42,101,2065,99,99,589,1763,34045
trees_100.newick,20,43,101,2132,99,99,593,1823,40724
trees_100.newick,20,44,101,2155,99,99,596,1793,29185
trees_100.newick,20,45,101,1995,99,99,561,1800,37144
trees_100.newick,20,46,101,2026,99,99,581,1770,30979
trees_100.newick,20,47,101,2121,99,99,582,1806,29980
trees_100.newick,20,48,101,2048,99,99,579,1774,34346
trees_100.newick,20,49,101,2121,99,99,585,1796,40721
trees_100.newick,21,22,101,2091,99,99,590,1873,45980
trees_100.newick,21,23,101,2021,99,99,576,1834,43190
trees_100.newick,21,24,101,2071,99,99,579,1812,31403
trees_100.newick,21,25,101,2056,99,99,589,1800,31364
trees_100.newick,21,26,101,2104,99,99,590,1846,27633
trees_100.newick,21,27,101,1950,99,99,563,1814,28005
trees_100.newick,21,28,101,2073,99,99,575,1878,32988
trees_100.newick,21,29,101,2105,99,99,583,1840,25711
trees_100.newick,21,30,101,2012,99,99,566,1790,30546
trees_100.newick,21,31,101,2109,99,99,593,1799,38620
trees_100.newick,21,32,101,2086,99,99,574,1818,46210
trees_100.newick,21,33,101,2044,99,99,587,1813,37859
trees_100.newick,21,34,101,2051,99,99,574,1856,33574
trees_100.newick,21,35,101,2026,99,99,579,1783,40510
trees_100.newick,21,36,101,1907,99,99,559,1801,27516
trees_100.newick,21,37,101,2091,99,99,577,1825,36374
trees_100.newick,21,38,101,2109,99,99,578,1810,27244
trees_100.newick,21,39,101,2072,99,99,586,1774,30027
trees_100.newick,21,40,101,2074,99,99,598,1811,33443
trees_100.newick,21,41,101,2084,99,99,579,1838,40314
trees_100.newick,21,42,101,2089,99,99,581,1784,50497
trees_100.newick,21,43,101,2167,99,99,595,1831,32624
trees_100.newick,21,44,101,2039,99,99,586,1789,29938
trees_100.newick,21,45,101,2053,99,99,566,1792,32260
trees_100.newick,21,46,101,2109,99,99,592,1790,28606
trees_100.newick,21,47,101,1965,99,99,563,1814,31129
trees_100.newick,21,48,101,2092,99,99,582,1831,33953
trees_100.newick,21,49,101,2110,99,99,585,1825,27464
trees_100.newick,22,23,101,2166,99,99,597,1849,34369
trees_100.newick,22,24,101,2032,99,99,571,1831,45259
trees_100.newick,22,25,101,2166,99,99,612,1826,63760
trees_100.newick,22,26,101,2076,99,99,584,1861,38652
trees_100.newick,22,27,101,2046,99,99,581,1848,30274
trees_100.newick,22,28,101,2111,99,99,578,1833,30841
trees_100.newick,22,29,101,2128,99,99,597,1796,32917
trees_100.newick,22,30,101,2036,99,99,570,1884,31575
trees_100.newick,22,31,101,2000,99,99,579,1887,34397
trees_100.newick,22,32,101,2046,99,99,571,1950,27390
trees_100.newick,22,33,101,2150,99,99,590,1878,39293
trees_100.newick,22,34,101,2147,99,99,585,2726,41434
trees_100.newick,22,35,101,2163,99,99,584,1861,45220
trees_100.newick,22,36,101,2132,99,99,583,1980,29648
trees_100.newick,22,37,101,1981,99,99,562,1800,43437
trees_100.newick,22,38,101,2130,99,99,581,1917,29001
trees_100.newick,22,39,101,2177,99,99,591,1976,29152
trees_100.newick,22,40,101,2122,99,99,595,1831,28061
trees_100.newick,22,41,101,2081,99,99,577,1978,26575
trees_100.newick,22,42,101,2078,99,99,582,1802,28099
trees_100.newick,22,43,101,2065,99,99,584,1844,32310
trees_100.newick,22,44,101,2058,99,99,582,3221,44546
trees_100.newick,22,45,101,1977,99,99,561,2042,48786
trees_100.newick,22,46,101,2019,99,99,601,1783,37356
trees_100.newick,22,47,101,2177,99,99,586,1849,36471
trees_100.newick,22,48,101,2133,99,99,603,1872,30024
trees_100.newick,22,49,101,2164,99,99,589,1835,30633
trees_100.newick,23,24,101,2057,99,99,579,1808,27369
trees_100.newick,23,25,101,2013,99,99,582,1804,30106
trees_100.newick,23,26,101,1916,99,99,578,1831,34716
trees_100.newick,23,27,101,1995,99,99,566,1844,38336
trees_100.newick,23,28,101,2087,99,99,579,1820,47999
trees_100.newick,23,29,101,2097,99,99,575,3108,32158
trees_100.newick,23,30,101,2049,99,99,575,1817,36177
trees_100.newick,23,31,101,2004,99,99,568,1825,46244
trees_100.newick,23,32,101,1994,99,99,561,1792,28495
trees_100.newick,23,33,101,2069,99,99,584,1866,28556
trees_100.newick,23,34,101,2069,99,99,575,1867,26491
trees_100.newick,23,35,101,2106,99,99,583,1776,26063
trees_100.newick,23,36,101,2103,99,99,580,1821,34202
trees_100.newick,23,37,101,2110,99,99,586,1835,49028
trees_100.newick,23,38,101,2092,99,99,582,1856,44531
trees_100.newick,23,39,101,2027,99,99,585,1791,36312
trees_100.newick,23,40,101,2127,99,99,590,1809,28828
trees_100.newick,23,41,101,2139,99,99,592,1817,43701
trees_100.newick,23,42,101,2011,99,99,575,1784,36765
trees_100.newick,23,43,101,2140,99,99,601,1809,27387
trees_100.newick,23,44,101,1994,99,99,567,1794,33355
trees_100.newick,23,45,101,2072,99,99,574,1808,29078
trees_100.newick,23,46,101,2076,99,99,580,1831,40865
trees_100.newick,23,47,101,2149,99,99,584,1851,48247
trees_100.newick,23,48,101,2070,99,99,571,1833,46640
trees_100.newick,23,49,101,2163,99,99,593,1829,29689
trees_100.newick,24,25,101,2017,99,99,588,1807,52013
trees_100.newick,24,26,101,2130,99,99,591,1824,33011
trees_100.newick,24,27,101,2086,99,99,567,1848,37716
trees_100.newick,24,28,101,2068,99,99,585,1849,26494
trees_100.newick,24,29,101,2189,99,99,585,1811,27056
trees_100.newick,24,30,101,2036,99,99,585,1804,35431
trees_100.newick,24,31,101,2159,99,99,588,1814,37566
trees_100.newick,24,32,101,2155,99,99,578,1825,40233
trees_100.newick,24,33,101,2141,99,99,587,1892,48015
trees_100.newick,24,34,101,2085,99,99,571,1878,36168
trees_100.newick,24,35,101,2109,99,99,586,1834,41735
trees_100.newick,24,36,101,2073,99,99,575,1831,35318
trees_100.newick,24,37,101,2236,99,99,595,1891,27568
trees_100.newick,24,38,101,2020,99,99,564,1839,31868
trees_100.newick,24,39,101,2145,99,99,596,1805,29727
trees_100.newick,24,40,101,2047,99,99,579,1871,39807
trees_100.newick,24,41,101,2124,99,99,586,1808,49037
trees_100.newick,24,42,101,2181,99,99,587,1808,38293
trees_100.newick,24,43,101,2166,99,99,596,1839,33844
trees_100.newick,24,44,101,2087,99,99,586,1823,40522
trees_100.newick,24,45,101,2013,99,99,556,1820,31078
trees_100.newick,24,46,101,2104,99,99,582,1813,37738
trees_100.newick,24,47,101,2147,99,99,580,1847,28224
trees_100.newick,24,48,101,2116,99,99,577,1841,35661
trees_100.newick,24,49,101,2010,99,99,575,1818,39440
trees_100.newick,25,26,101,2027,99,99,596,1800,50953
trees_100.newick,25,27,101,2019,99,99,571,1834,48090
trees_100.newick,25,28,101,2097,99,99,589,1871,36302
trees_100.newick,25,29,101,2124,99,99,586,1795,29511
trees_100.newick,25,30,101,2037,99,99,591,1822,29907
trees_100.newick,25,31,101,2081,99,99,588,1805,26997
trees_100.newick,25,32,101,2026,99,99,587,1796,31814
trees_100.newick,25,33,101,2029,99,99,579,1798,30099
trees_100.newick,25,34,101,2063,99,99,592,1868,27981
trees_100.newick,25,35,101,2081,99,99,582,1795,49023
trees_100.newick,25,36,101,2047,99,99,672,1792,53580
trees_100.newick,25,37,101,2086,99,99,581,1791,45743
trees_100.newick,25,38,101,2048,99,99,591,1827,38988
trees_100.newick,25,39,101,2046,99,99,587,1768,44049
trees_100.newick,25,40,101,2009,99,99,589,1794,28804
trees_100.newick,25,41,101,2104,99,99,589,1816,36397
trees_100.newick,25,42,101,2072,99,99,588,1795,28189
trees_100.newick,25,43,101,2064,99,99,591,1813,29661
trees_100.newick,25,44,101,2048,99,99,578,1779,26828
trees_100.newick,25,45,101,1969,99,99,565,1809,34125
trees_100.newick,25,46,101,2080,99,99,591,1814,55361
trees_100.newick,25,47,101,2057,99,99,582,1840,57079
trees_100.newick,25,48,101,2062,99,99,586,1870,33196
trees_100.newick,25,49,101,2190,99,99,606,1835,33954
trees_100.newick,26,27,101,1967,99,99,567,1806,28101
trees_100.newick,26,28,101,2088,99,99,591,1807,28221
trees_100.newick,26,29,101,2042,99,99,577,1796,31392
trees_100.newick,26,30,101,2051,99,99,596,1827,34327
trees_100.newick,26,31,101,2079,99,99,586,1804,32895
trees_100.newick,26,32,101,2109,99,99,597,1822,47141
trees_100.newick,26,33,101,2094,99,99,585,1809,39644
trees_100.newick,26,34,101,2138,99,99,599,1831,43911
trees_100.newick,26,35,101,2109,99,99,586,1783,44270
trees_100.newick,26,36,101,2108,99,99,598,1802,34177
trees_100.newick,26,37,101,2103,99,99,582,1805,30190
trees_100.newick,26,38,101,2002,99,99,585,1807,35798
trees_100.newick,26,39,101,1972,99,99,578,1794,26143
trees_100.newick,26,40,101,2124,99,99,606,1824,28362
trees_100.newick,26,41,101,2050,99,99,581,1797,42806
trees_100.newick,26,42,101,2114,99,99,598,1790,51538
trees_100.newick,26,43,101,2182,99,99,603,1857,47124
trees_100.newick,26,44,101,2013,99,99,576,1771,30759
trees_100.newick,26,45,101,2054,99,99,572,1800,40110
trees_100.newick,26,46,101,2073,99,99,624,1815,34317
trees_100.newick,26,47,101,2123,99,99,586,1851,28249
trees_100.newick,26,48,101,2164,99,99,593,1846,32324
trees_100.newick,26,49,101,2091,99,99,593,1866,29640
trees_100.newick,27,28,101,1998,99,99,567,1768,28266
trees_100.newick,27,29,101,1991,99,99,566,1785,49455
trees_100.newick,27,30,101,2067,99,99,572,1823,58640
trees_100.newick,27,31,101,2080,99,99,587,1804,58304
trees_100.newick,27,32,101,2077,99,99,576,1806,37767
trees_100.newick,27,33,101,2056,99,99,584,1916,42312
trees_100.newick,27,34,101,2074,99,99,577,1826,37686
trees_100.newick,27,35,101,1980,99,99,579,1765,43024
trees_100.newick,27,36,101,2022,99,99,570,1812,35518
trees_100.newick,27,37,101,2071,99,99,576,1806,36843
trees_100.newick,27,38,101,2033,99,99,569,1829,50266
trees_100.newick,27,39,101,1979,99,99,576,1802,57436
trees_100.newick,27,40,101,2044,99,99,583,1821,52755
trees_100.newick,27,41,101,2068,99,99,570,1819,31355
trees_100.newick,27,42,101,2099,99,99,582,1791,43239
trees_100.newick,27,43,101,2113,99,99,585,1813,28245
trees_100.newick,27,44,101,2063,99,99,574,1777,27775
trees_100.newick,27,45,101,2028,99,99,559,1821,36726
trees_100.newick,27,46,101,2076,99,99,587,1916,28616
trees_100.newick,27,47,101,2102,99,99,576,1826,42700
trees_100.newick,27,48,101,2105,99,99,580,1828,45303
trees_100.newick,27,49,101,2060,99,99,577,1821,45596
trees_100.newick,28,29,101,2120,99,99,584,1775,32410
trees_100.newick,28,30,101,2113,99,99,576,1800,43071
trees_100.newick,28,31,101,2033,99,99,579,1787,27840
trees_100.newick,28,32,101,2089,99,99,574,1781,27910
trees_100.newick,28,33,101,2137,99,99,591,1813,27086
trees_100.newick,28,34,101,2034,99,99,579,1820,26046
trees_100.newick,28,35,101,2070,99,99,581,1786,28093
trees_100.newick,28,36,101,2074,99,99,575,1813,38004
trees_100.newick,28,37,101,2136,99,99,576,1813,45488
trees_100.newick,28,38,101,1992,99,99,565,1812,54478
trees_100.newick,28,39,101,2107,99,99,578,1804,31216
trees_100.newick,28,40,101,2061,99,99,583,1787,38035
trees_100.newick,28,41,101,2115,99,99,575,1813,27916
trees_100.newick,28,42,101,2058,99,99,577,1779,28592
trees_100.newick,28,43,101,2040,99,99,579,1800,26460
trees_100.newick,28,44,101,1998,99,99,570,1812,26402
trees_100.newick,28,45,101,2068,99,99,564,1801,37862
trees_100.newick,28,46,101,2049,99,99,586,1797,36022
trees_100.newick,28,47,101,2111,99,99,578,1827,51037
trees_100.newick,28,48,101,2145,99,99,589,1831,33274
trees_100.newick,28,49,101,2062,99,99,582,1795,39818
trees_100.newick,29,30,101,2143,99,99,593,1834,39872
trees_100.newick,29,31,101,2043,99,99,573,1802,30191
trees_100.newick,29,32,101,2065,99,99,587,1807,27596
trees_100.newick,29,33,101,2092,99,99,597,1843,27210
trees_100.newick,29,34,101,2077,99,99,589,1857,30255
trees_100.newick,29,35,101,2034,99,99,573,1776,28278
trees_100.newick,29,36,101,2064,99,99,580,1857,48523
trees_100.newick,29,37,101,2092,99,99,570,1819,43960
trees_100.newick,29,38,101,2127,99,99,581,1816,48043
trees_100.newick,29,39,101,2116,99,99,587,1765,35284
trees_100.newick,29,40,101,2082,99,99,584,1834,31382
trees_100.newick,29,41,101,2184,99,99,587,1815,28521
trees_100.newick,29,42,101,2081,99,99,574,1790,27779
trees_100.newick,29,43,101,2180,99,99,592,1832,26318
trees_100.newick,29,44,101,2095,99,99,569,1774,30984
trees_100.newick,29,45,101,2121,99,99,591,1811,36215
trees_100.newick,29,46,101,2027,99,99,573,1800,45663
trees_100.newick,29,47,101,2172,99,99,588,1846,51643
trees_100.newick,29,48,101,2143,99,99,583,1854,32556
trees_100.newick,29,49,101,2087,99,99,613,1870,33163
trees_100.newick,30,31,101,2129,99,99,580,1803,30902
trees_100.newick,30,32,101,2102,99,99,584,1828,27784
trees_100.newick,30,33,101,2073,99,99,574,1849,31697
trees_100.newick,30,34,101,2121,99,99,587,1831,26857
trees_100.newick,30,35,101,2144,99,99,580,1821,28543
trees_100.newick,30,36,101,2100,99,99,586,1843,39171
trees_100.newick,30,37,101,2122,99,99,576,1808,55733
trees_100.newick,30,38,101,2040,99,99,574,1790,60456
trees_100.newick,30,39,101,2047,99,99,577,1819,35511
trees_100.newick,30,40,101,2067,99,99,587,1802,38579
trees_100.newick,30,41,101,2082,99,99,574,1802,28719
trees_100.newick,30,42,101,2092,99,99,578,1796,28965
trees_100.newick,30,43,101,2130,99,99,590,1827,27799
trees_100.newick,30,44,101,2138,99,99,577,1784,26477
trees_100.newick,30,45,101,2083,99,99,566,1807,26927
trees_100.newick,30,46,101,2093,99,99,585,1776,33757
trees_100.newick,30,47,101,2000,99,99,575,1799,45339
trees_100.newick,30,48,101,2134,99,99,580,1848,40176
trees_100.newick,30,49,101,2086,99,99,583,1808,31608
trees_100.newick,31,32,101,2044,99,99,573,1817,59109
trees_100.newick,31,33,101,2004,99,99,586,1830,27426
trees_100.newick,31,34,101,2025,99,99,571,1828,32727
trees_100.newick,31,35,101,2036,99,99,582,1770,31697
trees_100.newick,31,36,101,2064,99,99,578,1803,28199
trees_100.newick,31,37,101,2017,99,99,576,1817,33848
trees_100.newick,31,38,101,1963,99,99,563,1807,41584
trees_100.newick,31,39,101,2103,99,99,609,1800,41728
trees_100.newick,31,40,101,2092,99,99,588,1800,40649
trees_100.newick,31,41,101,1977,99,99,575,1781,30096
trees_100.newick,31,42,101,2095,99,99,590,1809,33450
trees_100.newick,31,43,101,2115,99,99,597,1852,27764
trees_100.newick,31,44,101,2052,99,99,581,1789,32591
trees_100.newick,31,45,101,2089,99,99,591,1802,27064
trees_100.newick,31,46,101,2045,99,99,583,1787,25869
trees_100.newick,31,47,101,2101,99,99,591,1827,28861
trees_100.newick,31,48,101,2110,99,99,590,1811,37082
trees_100.newick,31,49,101,2069,99,99,586,1828,40237
trees_100.newick,32,33,101,1977,99,99,592,1815,38359
trees_100.newick,32,34,101,2076,99,99,585,1857,41990
trees_100.newick,32,35,101,2025,99,99,588,1774,37234
trees_100.newick,32,36,101,2064,99,99,587,1815,27380
trees_100.newick,32,37,101,2142,99,99,591,1813,34214
trees_100.newick,32,38,101,2089,99,99,589,1846,29275
trees_100.newick,32,39,101,2094,99,99,601,1790,27413
trees_100.newick,32,40,101,2051,99,99,588,1826,36589
trees_100.newick,32,41,101,2069,99,99,593,1831,49184
trees_100.newick,32,42,101,2097,99,99,589,1793,52033
trees_100.newick,32,43,101,2100,99,99,608,1829,37511
trees_100.newick,32,44,101,2124,99,99,585,1788,34511
trees_100.newick,32,45,101,2084,99,99,593,1856,27506
trees_100.newick,32,46,101,2031,99,99,585,1780,32406
trees_100.newick,32,47,101,2051,99,99,589,1825,27293
trees_100.newick,32,48,101,1961,99,99,576,1828,43698
trees_100.newick,32,49,101,2129,99,99,602,1850,35911
trees_100.newick,33,34,101,2061,99,99,586,1840,43556
trees_100.newick,33,35,101,2191,99,99,598,1818,40783
trees_100.newick,33,36,101,2124,99,99,587,1907,54358
trees_100.newick,33,37,101,2062,99,99,590,1826,33785
trees_100.newick,33,38,101,2124,99,99,584,1852,35268
trees_100.newick,33,39,101,2036,99,99,589,1866,31042
trees_100.newick,33,40,101,2042,99,99,590,1884,30387
trees_100.newick,33,41,101,2095,99,99,581,1845,31657
trees_100.newick,33,42,101,2145,99,99,599,1907,26495
trees_100.newick,33,43,101,2117,99,99,596,1939,30914
trees_100.newick,33,44,101,2078,99,99,583,1893,49617
trees_100.newick,33,45,101,2067,99,99,592,2764,36891
trees_100.newick,33,46,101,2133,99,99,597,1915,37953
trees_100.newick,33,47,101,2119,99,99,584,1867,30083
trees_100.newick,33,48,101,2090,99,99,583,2089,36461
trees_100.newick,33,49,101,2115,99,99,588,1923,28585
trees_100.newick,34,35,101,2004,99,99,579,1860,32616
trees_100.newick,34,36,101,2035,99,99,572,1826,27050
trees_100.newick,34,37,101,2001,99,99,570,1968,28502
trees_100.newick,34,38,101,2044,99,99,574,3030,30780
trees_100.newick,34,39,101,2071,99,99,587,2973,41388
trees_100.newick,34,40,101,2000,99,99,577,1816,55860
trees_100.newick,34,41,101,2066,99,99,583,1887,33200
trees_100.newick,34,42,101,2139,99,99,589,1852,29663
trees_100.newick,34,43,101,2021,99,99,587,2025,35885
trees_100.newick,34,44,101,2030,99,99,574,2026,31510
trees_100.newick,34,45,101,2148,99,99,582,1876,26893
trees_100.newick,34,46,101,2069,99,99,587,1832,26261
trees_100.newick,34,47,101,2161,99,99,719,1848,30165
trees_100.newick,34,48,101,2031,99,99,584,1855,39534
trees_100.newick,34,49,101,2090,99,99,588,1824,63383
trees_100.newick,35,36,101,2079,99,99,596,1829,39433
trees_100.newick,35,37,101,2033,99,99,575,1802,35687
trees_100.newick,35,38,101,2093,99,99,585,1803,42912
trees_100.newick,35,39,101,2088,99,99,590,1823,28895
trees_100.newick,35,40,101,2063,99,99,590,1829,28668
trees_100.newick,35,41,101,2057,99,99,600,1848,27313
trees_100.newick,35,42,101,2200,99,99,603,1840,27785
trees_100.newick,35,43,101,2064,99,99,587,1866,35619
trees_100.newick,35,44,101,2086,99,99,590,1842,51657
trees_100.newick,35,45,101,2148,99,99,581,1886,56260
trees_100.newick,35,46,101,2055,99,99,593,1827,64885
trees_100.newick,35,47,101,2153,99,99,585,1826,57099
trees_100.newick,35,48,101,2112,99,99,586,1827,42010
trees_100.newick,35,49,101,2142,99,99,603,1825,42415
trees_100.newick,36,37,101,2128,99,99,594,1831,33074
trees_100.newick,36,38,101,2131,99,99,587,1820,39074
trees_100.newick,36,39,101,2145,99,99,605,1859,41602
trees_100.newick,36,40,101,1991,99,99,582,1784,54036
trees_100.newick,36,41,101,2138,99,99,597,1845,44914
trees_100.newick,36,42,101,2114,99,99,589,1811,30268
trees_100.newick,36,43,101,2044,99,99,593,1839,29928
trees_100.newick,36,44,101,2031,99,99,579,1776,28309
trees_100.newick,36,45,101,2107,99,99,581,1841,29608
trees_100.newick,36,46,101,1991,99,99,584,1772,26259
trees_100.newick,36,47,101,2144,99,99,599,1827,30778
trees_100.newick,36,48,101,2096,99,99,588,1812,32376
trees_100.newick,36,49,101,2098,99,99,589,1851,41686
trees_100.newick,37,38,101,2115,99,99,585,1818,77523
trees_100.newick,37,39,101,2045,99,99,581,1801,35672
trees_100.newick,37,40,101,2063,99,99,588,1808,51207
trees_100.newick,37,41,101,2007,99,99,568,1813,37452
trees_100.newick,37,42,101,2043,99,99,580,1801,47676
trees_100.newick,37,43,101,2058,99,99,582,1856,27762
trees_100.newick,37,44,101,2128,99,99,584,1811,26723
trees_100.newick,37,45,101,2100,99,99,568,1824,36175
trees_100.newick,37,46,101,2059,99,99,591,1802,55686
trees_100.newick,37,47,101,2121,99,99,585,1802,50348
trees_100.newick,37,48,101,2179,99,99,595,1850,33218
trees_100.newick,37,49,101,2070,99,99,580,1814,32506
trees_100.newick,38,39,101,2075,99,99,588,1794,30080
trees_100.newick,38,40,101,2014,99,99,577,1787,27421
trees_100.newick,38,41,101,2085,99,99,581,1806,28940
trees_100.newick,38,42,101,2139,99,99,585,1822,26551
trees_100.newick,38,43,101,2015,99,99,582,1812,27382
trees_100.newick,38,44,101,2092,99,99,584,1793,29530
trees_100.newick,38,45,101,2110,99,99,578,1795,33865
trees_100.newick,38,46,101,2106,99,99,602,1815,52602
trees_100.newick,38,47,101,2099,99,99,582,1870,37881
trees_100.newick,38,48,101,2149,99,99,592,1840,30086
trees_100.newick,38,49,101,2071,99,99,582,1840,30668
trees_100.newick,39,40,101,2054,99,99,591,1816,38391
trees_100.newick,39,41,101,2068,99,99,586,1788,34593
trees_100.newick,39,42,101,2183,99,99,598,1808,28249
trees_100.newick,39,43,101,2072,99,99,595,1825,32049
trees_100.newick,39,44,101,2073,99,99,583,1788,37520
trees_100.newick,39,45,101,2056,99,99,570,1804,43389
trees_100.newick,39,46,101,2076,99,99,591,1829,43757
trees_100.newick,39,47,101,2071,99,99,580,1829,31880
trees_100.newick,39,48,101,2086,99,99,580,1806,40034
trees_100.newick,39,49,101,2179,99,99,595,1829,34403
trees_100.newick,40,41,101,1993,99,99,569,1794,28758
trees_100.newick,40,42,101,2057,99,99,582,1821,28325
trees_100.newick,40,43,101,2074,99,99,601,1805,26942
trees_100.newick,40,44,101,1968,99,99,567,1783,47374
trees_100.newick,40,45,101,2074,99,99,578,1842,40968
trees_100.newick,40,46,101,2058,99,99,589,1806,43432
trees_100.newick,40,47,101,2079,99,99,599,2355,47047
trees_100.newick,40,48,101,1995,99,99,580,1856,34343
trees_100.newick,40,49,101,2155,99,99,596,1850,34090
trees_100.newick,41,42,101,2103,99,99,586,1804,26974
trees_100.newick,41,43,101,2122,99,99,592,1836,26866
trees_100.newick,41,44,101,2065,99,99,577,1795,26448
trees_100.newick,41,45,101,2093,99,99,572,1827,26541
trees_100.newick,41,46,101,2084,99,99,585,1777,34678
trees_100.newick,41,47,101,2116,99,99,580,1823,40952
trees_100.newick,41,48,101,2004,99,99,571,1823,41754
trees_100.newick,41,49,101,2210,99,99,594,1836,46315
trees_100.newick,42,43,101,2071,99,99,591,1853,38932
trees_100.newick,42,44,101,2079,99,99,582,2141,35941
trees_100.newick,42,45,101,2092,99,99,579,2218,28514
trees_100.newick,42,46,101,2172,99,99,598,1829,27700
trees_100.newick,42,47,101,2136,99,99,587,1830,26694
trees_100.newick,42,48,101,2093,99,99,583,1843,28732
trees_100.newick,42,49,101,1988,99,99,575,1801,50927
trees_100.newick,43,44,101,2088,99,99,585,1796,37016
trees_100.newick,43,45,101,2197,99,99,591,1834,68695
trees_100.newick,43,46,101,2072,99,99,587,1812,46775
trees_100.newick,43,47,101,2075,99,99,588,1865,44038
trees_100.newick,43,48,101,2094,99,99,592,1818,29178
trees_100.newick,43,49,101,2096,99,99,596,1824,38040
trees_100.newick,44,45,101,2024,99,99,571,1839,26925
trees_100.newick,44,46,101,2063,99,99,583,1772,26129
trees_100.newick,44,47,101,2184,99,99,588,1808,28929
trees_100.newick,44,48,101,2057,99,99,581,1815,38924
trees_100.newick,44,49,101,2050,99,99,584,1825,47932
trees_100.newick,45,46,101,2085,99,99,592,1810,44481
trees_100.newick,45,47,101,2005,99,99,569,1790,44255
trees_100.newick,45,48,101,2011,99,99,563,1823,42342
trees_100.newick,45,49,101,2102,99,99,584,1837,28430
trees_100.newick,46,47,101,2063,99,99,577,1820,32393
trees_100.newick,46,48,101,2164,99,99,588,1822,27043
trees_100.newick,46,49,101,2148,99,99,586,1821,27009
trees_100.newick,47,48,101,2151,99,99,587,1827,28861
trees_100.newick,47,49,101,2166,99,99,591,1827,38380
trees_100.newick,48,49,101,2089,99,99,583,1822,36227
trees_200.newick,0,1,201,5591,199,199,1614,7786,74499
trees_200.newick,0,2,201,5525,199,199,1371,7703,102596
trees_200.newick,0,3,201,5753,199,199,1359,7445,103962
trees_200.newick,0,4,201,5449,199,199,1383,7819,96429
trees_200.newick,0,5,201,5725,199,199,1376,7313,87954
trees_200.newick,0,6,201,5587,199,199,1345,7351,100564
trees_200.newick,0,7,201,5503,199,199,1374,7263,98211
trees_200.newick,0,8,201,5451,199,199,1363,7200,81429
trees_200.newick,0,9,201,5666,199,199,1390,7331,72590
trees_200.newick,0,10,201,5725,199,199,1374,7579,97526
trees_200.newick,0,11,201,5628,199,199,1368,7409,136218
trees_200.newick,0,12,201,5733,199,199,1374,7108,77885
trees_200.newick,0,13,201,5531,199,199,1344,7417,74658
trees_200.newick,0,14,201,5670,199,199,1345,7308,91952
trees_200.newick,0,15,201,5500,199,199,1343,7985,114562
trees_200.newick,0,16,201,5589,199,199,1350,7351,93545
trees_200.newick,0,17,201,5567,199,199,1365,7336,82742
trees_200.newick,0,18,201,5492,199,199,1349,7216,75070
trees_200.newick,0,19,201,5506,199,199,1344,7394,87756
trees_200.newick,0,20,201,5451,199,199,1325,7333,89563
trees_200.newick,0,21,201,5594,199,199,1375,7231,78736
trees_200.newick,0,22,201,5560,199,199,1353,8400,85508
trees_200.newick,0,23,201,5653,199,199,1367,7250,81490
trees_200.newick,0,24,201,5510,199,199,1329,7158,94652
trees_200.newick,0,25,201,5467,199,199,1314,7105,78873
trees_200.newick,0,26,201,5617,199,199,1380,7642,72367
trees_200.newick,0,27,201,5667,199,199,1368,7210,81059
trees_200.newick,0,28,201,5721,199,199,1362,7310,106506
trees_200.newick,0,29,201,5573,199,199,1350,7299,81638
trees_200.newick,0,30,201,5711,199,199,1356,7765,76262
trees_200.newick,0,31,201,5609,199,199,1348,7202,82961
trees_200.newick,0,32,201,5662,199,199,1359,7151,103315
trees_200.newick,0,33,201,5713,199,199,1365,7343,79158
trees_200.newick,0,34,201,5573,199,199,1352,7328,107365
trees_200.newick,0,35,201,5620,199,199,1342,7298,82457
trees_200.newick,0,36,201,5653,199,199,1354,7334,90082
trees_200.newick,0,37,201,5689,199,199,1370,7356,84014
trees_200.newick,0,38,201,5635,199,199,1368,7315,75062
trees_200.newick,0,39,201,5704,199,199,1362,7258,81806
trees_200.newick,0,40,201,5558,199,199,1353,7384,77541
trees_200.newick,0,41,201,5454,199,199,1332,7266,100200
trees_200.newick,0,42,201,5631,199,199,1352,7362,79963
trees_200.newick,0,43,201,5738,199,199,1361,7196,87171
trees_200.newick,0,44,201,5572,199,199,1351,7233,76752
trees_200.newick,0,45,201,5571,199,199,1352,7116,80615
trees_200.newick,0,46,201,5721,199,199,1371,7402,86658
trees_200.newick,0,47,201,5552,199,199,1337,7241,81451
trees_200.newick,0,48,201,5645,199,199,1350,7430,102335
trees_200.newick,0,49,201,5775,199,199,1383,7143,114600
trees_200.newick,1,2,201,5727,199,199,1417,7200,93581
trees_200.newick,1,3,201,5662,199,199,1371,7430,71668
trees_200.newick,1,4,201,5626,199,199,1370,7315,84095
trees_200.newick,1,5,201,5477,199,199,1364,7401,88822
trees_200.newick,1,6,201,5643,199,199,1362,7424,91170
trees_200.newick,1,7,201,5731,199,199,1382,7180,76076
trees_200.newick,1,8,201,5624,199,199,1390,7146,71148
trees_200.newick,1,9,201,5592,199,199,1379,7334,81174
trees_200.newick,1,10,201,5692,199,199,1375,7323,110637
trees_200.newick,1,11,201,5709,199,199,1376,9505,91621
trees_200.newick,1,12,201,5586,199,199,1514,7216,107040
trees_200.newick,1,13,201,5622,199,199,1369,7428,148116
trees_200.newick,1,14,201,5617,199,199,1367,7334,127160
trees_200.newick,1,15,201,5511,199,199,1360,8002,75645
trees_200.newick,1,16,201,5621,199,199,1372,7261,79597
trees_200.newick,1,17,201,5677,199,199,1382,7336,112186
trees_200.newick,1,18,201,5552,199,199,1350,7339,118785
trees_200.newick,1,19,201,5644,199,199,1420,7120,86469
trees_200.newick,1,20,201,5618,199,199,1363,7372,78918
trees_200.newick,1,21,201,5734,199,199,1389,7151,95822
trees_200.newick,1,22,201,5745,199,199,1390,7225,82007
trees_200.newick,1,23,201,5691,199,199,1385,7392,116537
trees_200.newick,1,24,201,5634,199,199,1356,7320,82690
trees_200.newick,1,25,201,5743,199,199,1376,7135,92772
trees_200.newick,1,26,201,5664,199,199,1385,8032,89107
trees_200.newick,1,27,201,5689,199,199,1380,7167,85855
trees_200.newick,1,28,201,5685,199,199,1383,7327,85029
trees_200.newick,1,29,201,5607,199,199,1367,7290,89855
trees_200.newick,1,30,201,5662,199,199,1364,7230,107302
trees_200.newick,1,31,201,5711,199,199,1371,7286,81915
trees_200.newick,1,32,201,5720,199,199,1382,7195,84847
trees_200.newick,1,33,201,5726,199,199,1374,7351,76153
trees_200.newick,1,34,201,5566,199,199,1369,7217,85265
trees_200.newick,1,35,201,5630,199,199,1362,7416,83721
trees_200.newick,1,36,201,5544,199,199,1357,7209,85593
trees_200.newick,1,37,201,5749,199,199,1384,7395,70244
trees_200.newick,1,38,201,5612,199,199,1377,7304,89098
trees_200.newick,1,39,201,5597,199,199,1380,7178,123819
trees_200.newick,1,40,201,5616,199,199,1376,7162,70179
trees_200.newick,1,41,201,5582,199,199,1369,7246,72422
trees_200.newick,1,42,201,5631,199,199,1365,7206,91117
trees_200.newick,1,43,201,5592,199,199,1349,7223,118803
trees_200.newick,1,44,201,5557,199,199,1354,7837,93988
trees_200.newick,1,45,201,5684,199,199,1374,7213,80735
trees_200.newick,1,46,201,5497,199,199,1383,7305,103599
trees_200.newick,1,47,201,5833,199,199,1390,7350,106111
trees_200.newick,1,48,201,5609,199,199,1366,7247,103698
trees_200.newick,1,49,201,5453,199,199,1360,7224,89570
trees_200.newick,2,3,201,5519,199,199,1337,8048,80442
trees_200.newick,2,4,201,5745,199,199,1396,7694,98252
trees_200.newick,2,5,201,5726,199,199,1370,7636,88652
trees_200.newick,2,6,201,5776,199,199,1443,7523,77900
trees_200.newick,2,7,201,5613,199,199,1353,7582,72660
trees_200.newick,2,8,201,5667,199,199,1363,8182,85925
trees_200.newick,2,9,201,5620,199,199,1358,7471,88188
trees_200.newick,2,10,201,5612,199,199,1342,7428,81709
trees_200.newick,2,11,201,5741,199,199,1359,7610,79974
trees_200.newick,2,12,201,5686,199,199,1358,7285,81690
trees_200.newick,2,13,201,5633,199,199,1362,7310,121114
trees_200.newick,2,14,201,5597,199,199,1345,7250,73571
trees_200.newick,2,15,201,5613,199,199,1353,7381,72341
trees_200.newick,2,16,201,5769,199,199,1360,7347,78653
trees_200.newick,2,17,201,5684,199,199,1385,7365,115602
trees_200.newick,2,18,201,5551,199,199,1339,7284,89435
trees_200.newick,2,19,201,5611,199,199,1363,7698,72676
trees_200.newick,2,20,201,5505,199,199,1344,7333,80913
trees_200.newick,2,21,201,5718,199,199,1374,7318,95558
trees_200.newick,2,22,201,5797,199,199,1382,7296,98451
trees_200.newick,2,23,201,5728,199,199,1370,7399,75985
trees_200.newick,2,24,201,5635,199,199,1339,7245,73581
trees_200.newick,2,25,201,5691,199,199,1337,7090,91667
trees_200.newick,2,26,201,5688,199,199,1366,7693,115251
trees_200.newick,2,27,201,5678,199,199,1370,7233,82783
trees_200.newick,2,28,201,5728,199,199,1360,7414,73322
trees_200.newick,2,29,201,5580,199,199,1345,7319,83902
trees_200.newick,2,30,201,5817,199,199,1367,7218,123139
trees_200.newick,2,31,201,5727,199,199,1361,7224,92450
trees_200.newick,2,32,201,5722,199,199,1374,7363,75433
trees_200.newick,2,33,201,5666,199,199,1367,7364,79662
trees_200.newick,2,34,201,5557,199,199,1353,7224,122188
trees_200.newick,2,35,201,5590,199,199,1343,7439,93329
trees_200.newick,2,36,201,5629,199,199,1349,7314,78821
trees_200.newick,2,37,201,5731,199,199,1374,8548,77634
trees_200.newick,2,38,201,5618,199,199,1364,7141,89315
trees_200.newick,2,39,201,5711,199,199,1364,7289,80102
trees_200.newick,2,40,201,5546,199,199,1351,7160,75641
trees_200.newick,2,41,201,5598,199,199,1348,7759,79756
trees_200.newick,2,42,201,5763,199,199,1364,7275,87744
trees_200.newick,2,43,201,5614,199,199,1369,7203,94167
trees_200.newick,2,44,201,5568,199,199,1363,7195,84531
trees_200.newick,2,45,201,5614,199,199,1350,7171,73927
trees_200.newick,2,46,201,5705,199,199,1370,7306,92911
trees_200.newick,2,47,201,5696,199,199,1393,7306,107075
trees_200.newick,2,48,201,5715,199,199,1356,7457,78979
trees_200.newick,2,49,201,5747,199,199,1383,7198,77871
trees_200.newick,3,4,201,5568,199,199,1363,7307,76480
trees_200.newick,3,5,201,5682,199,199,1358,7349,105727
trees_200.newick,3,6,201,5684,199,199,1356,8087,91248
trees_200.newick,3,7,201,5503,199,199,1346,7282,113556
trees_200.newick,3,8,201,5563,199,199,1989,7474,76390
trees_200.newick,3,9,201,5665,199,199,1362,7433,93131
trees_200.newick,3,10,201,5673,199,199,1351,8158,88356
trees_200.newick,3,11,201,5778,199,199,1379,8976,79384
trees_200.newick,3,12,201,5521,199,199,1338,7229,71118
trees_200.newick,3,13,201,5648,199,199,1354,7265,80316
trees_200.newick,3,14,201,5696,199,199,1356,7283,103821
trees_200.newick,3,15,201,5695,199,199,1564,7297,79376
trees_200.newick,3,16,201,5664,199,199,1357,7240,83069
trees_200.newick,3,17,201,5608,199,199,1369,7286,99727
trees_200.newick,3,18,201,5615,199,199,1370,7204,107191
trees_200.newick,3,19,201,5732,199,199,1361,7224,78286
trees_200.newick,3,20,201,5657,199,199,1370,7420,92504
trees_200.newick,3,21,201,5596,199,199,1354,7328,73777
trees_200.newick,3,22,201,5800,199,199,1651,7393,108565
trees_200.newick,3,23,201,5558,199,199,1362,8074,78365
trees_200.newick,3,24,201,5576,199,199,1341,8511,105858
trees_200.newick,3,25,201,5639,199,199,1346,7692,96795
trees_200.newick,3,26,201,5764,199,199,1381,8905,128533
trees_200.newick,3,27,201,5869,199,199,1380,9156,97509
trees_200.newick,3,28,201,5802,199,199,1379,7696,88830
trees_200.newick,3,29,201,5435,199,199,1346,7780,79383
trees_200.newick,3,30,201,5629,199,199,1350,8331,100789
trees_200.newick,3,31,201,5840,199,199,1376,7676,77719
trees_200.newick,3,32,201,5581,199,199,1350,8074,83088
trees_200.newick,3,33,201,5669,199,199,1352,7251,82051
trees_200.newick,3,34,201,5449,199,199,1333,8739,88304
trees_200.newick,3,35,201,5676,199,199,1347,7490,102609
trees_200.newick,3,36,201,5702,199,199,1388,7354,82265
trees_200.newick,3,37,201,5770,199,199,1386,7282,76668
trees_200.newick,3,38,201,5564,199,199,1365,7134,99279
trees_200.newick,3,39,201,5642,199,199,1360,7157,106272
trees_200.newick,3,40,201,5762,199,199,1367,7365,87132
trees_200.newick,3,41,201,5666,199,199,1356,7275,85696
trees_200.newick,3,42,201,5836,199,199,1380,7367,89176
trees_200.newick,3,43,201,5607,199,199,1354,7231,123484
trees_200.newick,3,44,201,5643,199,199,1372,7235,86072
trees_200.newick,3,45,201,5784,199,199,1369,7223,97542
trees_200.newick,3,46,201,5861,199,199,1383,7273,77721
trees_200.newick,3,47,201,5546,199,199,1342,7263,111037
trees_200.newick,3,48,201,5603,199,199,1350,7237,87964
trees_200.newick,3,49,201,5537,199,199,1372,7253,81752
trees_200.newick,4,5,201,5640,199,199,1479,7487,77808
trees_200.newick,4,6,201,5460,199,199,1360,7319,129881
trees_200.newick,4,7,201,5727,199,199,1369,7551,86474
trees_200.newick,4,8,201,5579,199,199,1363,7173,82340
trees_200.newick,4,9,201,5771,199,199,1372,7377,74254
trees_200.newick,4,10,201,5639,199,199,1352,7243,87604
trees_200.newick,4,11,201,5717,199,199,1361,7285,130014
trees_200.newick,4,12,201,5702,199,199,1395,7149,95212
trees_200.newick,4,13,201,5745,199,199,1380,7224,78778
trees_200.newick,4,14,201,5671,199,199,1356,7366,104985
trees_200.newick,4,15,201,5457,199,199,1336,7496,106017
trees_200.newick,4,16,201,5611,199,199,1376,7352,82501
trees_200.newick,4,17,201,5715,199,199,1372,7409,81260
trees_200.newick,4,18,201,5532,199,199,1337,7750,83158
trees_200.newick,4,19,201,5675,199,199,1351,7140,119028
trees_200.newick,4,20,201,5589,199,199,1378,7445,81142
trees_200.newick,4,21,201,5789,199,199,1390,7175,80933
trees_200.newick,4,22,201,5642,199,199,1375,8191,83452
trees_200.newick,4,23,201,5755,199,199,1395,7258,114294
trees_200.newick,4,24,201,5447,199,199,1326,7246,113354
trees_200.newick,4,25,201,5645,199,199,1331,7198,90355
trees_200.newick,4,26,201,5565,199,199,1370,7118,85038
trees_200.newick,4,27,201,5646,199,199,2131,7364,128818
trees_200.newick,4,28,201,5680,199,199,1511,7385,83504
trees_200.newick,4,29,201,5663,199,199,1405,7358,77417
trees_200.newick,4,30,201,5669,199,199,1364,7152,84434
trees_200.newick,4,31,201,5778,199,199,1450,7435,103524
trees_200.newick,4,32,201,5612,199,199,1400,7623,108634
trees_200.newick,4,33,201,5607,199,199,1399,9215,104110
trees_200.newick,4,34,201,5496,199,199,1466,7317,89429
trees_200.newick,4,35,201,5527,199,199,1357,7434,120661
trees_200.newick,4,36,201,5625,199,199,1401,7271,83462
trees_200.newick,4,37,201,5797,199,199,1405,7274,92126
trees_200.newick,4,38,201,5529,199,199,1362,7432,79470
trees_200.newick,4,39,201,5695,199,199,1370,7179,95469
trees_200.newick,4,40,201,5533,199,199,1363,7317,84982
trees_200.newick,4,41,201,5604,199,199,2571,7356,81281
trees_200.newick,4,42,201,5627,199,199,1385,7294,83005
trees_200.newick,4,43,201,5664,199,199,1423,7376,110637
trees_200.newick,4,44,201,5567,199,199,1385,7611,89544
trees_200.newick,4,45,201,5632,199,199,1356,7207,80817
trees_200.newick,4,46,201,5801,199,199,1382,8469,74911
trees_200.newick,4,47,201,5793,199,199,1401,7697,80527
trees_200.newick,4,48,201,5615,199,199,1563,7294,112547
trees_200.newick,4,49,201,5625,199,199,1491,7203,77395
trees_200.newick,5,6,201,5615,199,199,1374,7300,83210
trees_200.newick,5,7,201,5740,199,199,1372,7843,86897
trees_200.newick,5,8,201,5607,199,199,1372,7264,106023
trees_200.newick,5,9,201,5712,199,199,1364,7792,82626
trees_200.newick,5,10,201,5542,199,199,1489,7511,94473
trees_200.newick,5,11,201,5625,199,199,1474,7332,88693
trees_200.newick,5,12,201,5541,199,199,1341,7838,106962
trees_200.newick,5,13,201,5725,199,199,1368,7569,94082
trees_200.newick,5,14,201,5662,199,199,1361,7906,97738
trees_200.newick,5,15,201,5655,199,199,1377,7325,91463
trees_200.newick,5,16,201,5793,199,199,1370,7451,97532
trees_200.newick,5,17,201,5728,199,199,1489,7313,91864
trees_200.newick,5,18,201,5601,199,199,1364,7818,77397
trees_200.newick,5,19,201,5745,199,199,1363,7151,80169
trees_200.newick,5,20,201,5692,199,199,1362,7365,119577
trees_200.newick,5,21,201,5674,199,199,1371,7183,91660
trees_200.newick,5,22,201,5648,199,199,1392,7397,87367
trees_200.newick,5,23,201,5547,199,199,1360,7463,81472
trees_200.newick,5,24,201,5695,199,199,1457,7683,89348
trees_200.newick,5,25,201,5635,199,199,1328,7384,88514
trees_200.newick,5,26,201,5594,199,199,1368,7176,84013
trees_200.newick,5,27,201,5657,199,199,1373,7186,93814
trees_200.newick,5,28,201,5620,199,199,1361,7323,119238
trees_200.newick,5,29,201,5543,199,199,1357,7686,102549
trees_200.newick,5,30,201,5526,199,199,1340,7190,87241
trees_200.newick,5,31,201,5679,199,199,1862,7896,87582
trees_200.newick,5,32,201,5627,199,199,2195,7502,89884
trees_200.newick,5,33,201,5647,199,199,1378,7219,105363
trees_200.newick,5,34,201,5512,199,199,1363,7333,83968
trees_200.newick,5,35,201,5692,199,199,1350,7430,76732
trees_200.newick,5,36,201,5673,199,199,1355,7797,100145
trees_200.newick,5,37,201,5805,199,199,1382,7151,87787
trees_200.newick,5,38,201,5693,199,199,1393,7276,86572
trees_200.newick,5,39,201,5695,199,199,1370,7153,79941
trees_200.newick,5,40,201,5653,199,199,1374,7254,99395
trees_200.newick,5,41,201,5562,199,199,1359,7195,94534
trees_200.newick,5,42,201,5726,199,199,1364,7396,81158
trees_200.newick,5,43,201,5677,199,199,1359,7351,77449
trees_200.newick,5,44,201,5655,199,199,1350,7261,82896
trees_200.newick,5,45,201,5718,199,199,1385,7371,112065
trees_200.newick,5,46,201,5703,199,199,1382,7338,103689
trees_200.newick,5,47,201,5728,199,199,1377,8207,95410
trees_200.newick,5,48,201,5621,199,199,1352,7255,94292
trees_200.newick,5,49,201,5696,199,199,1380,7289,112828
trees_200.newick,6,7,201,5570,199,199,1349,7146,81708
trees_200.newick,6,8,201,5621,199,199,1458,7758,81841
trees_200.newick,6,9,201,5562,199,199,1372,7326,81289
trees_200.newick,6,10,201,5684,199,199,1356,7114,106861
trees_200.newick,6,11,201,5746,199,199,1361,7339,92593
trees_200.newick,6,12,201,5680,199,199,1338,7211,94657
trees_200.newick,6,13,201,5612,199,199,1337,7339,89310
trees_200.newick,6,14,201,5639,199,199,1337,7391,109702
trees_200.newick,6,15,201,5665,199,199,1356,7644,91234
trees_200.newick,6,16,201,5550,199,199,1348,7284,82321
trees_200.newick,6,17,201,5665,199,199,1383,7379,90975
trees_200.newick,6,18,201,5597,199,199,1343,7248,103331
trees_200.newick,6,19,201,5721,199,199,1350,7523,90077
trees_200.newick,6,20,201,5570,199,199,1343,7688,78939
trees_200.newick,6,21,201,5629,199,199,1356,7737,89514
trees_200.newick,6,22,201,5667,199,199,1350,7941,100049
trees_200.newick,6,23,201,5610,199,199,1358,7704,103381
trees_200.newick,6,24,201,5606,199,199,1336,8550,89555
trees_200.newick,6,25,201,5581,199,199,1320,7520,76342
trees_200.newick,6,26,201,5482,199,199,1345,7352,118636
trees_200.newick,6,27,201,5511,199,199,1345,7412,96987
trees_200.newick,6,28,201,5691,199,199,1361,7550,86529
trees_200.newick,6,29,201,5558,199,199,1351,7223,80457
trees_200.newick,6,30,201,5611,199,199,1345,7273,90643
trees_200.newick,6,31,201,5883,199,199,1384,7342,111348
trees_200.newick,6,32,201,5628,199,199,1349,7107,89243
trees_200.newick,6,33,201,5572,199,199,1340,7938,78697
trees_200.newick,6,34,201,5630,199,199,1357,7320,91849
trees_200.newick,6,35,201,5728,199,199,1351,7463,121569
trees_200.newick,6,36,201,5621,199,199,1352,7252,109659
trees_200.newick,6,37,201,5447,199,199,1346,7330,79599
trees_200.newick,6,38,201,5657,199,199,1367,7362,81836
trees_200.newick,6,39,201,5724,199,199,1351,7186,120712
trees_200.newick,6,40,201,5527,199,199,1338,7285,130932
trees_200.newick,6,41,201,5662,199,199,1364,7257,81801
trees_200.newick,6,42,201,5711,199,199,1352,7270,80160
trees_200.newick,6,43,201,5522,199,199,1433,7165,136565
trees_200.newick,6,44,201,5515,199,199,1324,7665,85867
trees_200.newick,6,45,201,5525,199,199,1328,7134,82329
trees_200.newick,6,46,201,5684,199,199,1360,7295,105631
trees_200.newick,6,47,201,5744,199,199,1351,7308,148024
trees_200.newick,6,48,201,5600,199,199,1341,8038,83329
trees_200.newick,6,49,201,5602,199,199,1354,7442,81447
trees_200.newick,7,8,201,5612,199,199,1528,7239,106602
trees_200.newick,7,9,201,5643,199,199,1355,7422,97020
trees_200.newick,7,10,201,5701,199,199,1352,8356,91736
trees_200.newick,7,11,201,5874,199,199,1376,7476,74768
trees_200.newick,7,12,201,5714,199,199,1342,7206,95933
trees_200.newick,7,13,201,5767,199,199,1355,7347,126248
trees_200.newick,7,14,201,5654,199,199,1351,7177,81138
trees_200.newick,7,15,201,5545,199,199,1342,7319,80073
trees_200.newick,7,16,201,5825,199,199,1361,7444,80505
trees_200.newick,7,17,201,5796,199,199,1383,7313,94942
trees_200.newick,7,18,201,5623,199,199,1336,7330,101233
trees_200.newick,7,19,201,5699,199,199,1376,7314,77584
trees_200.newick,7,20,201,5581,199,199,1364,7291,78236
trees_200.newick,7,21,201,5550,199,199,1368,7216,99170
trees_200.newick,7,22,201,5801,199,199,1389,7366,100135
trees_200.newick,7,23,201,5578,199,199,1369,7236,74739
trees_200.newick,7,24,201,5658,199,199,1389,7700,71451
trees_200.newick,7,25,201,5615,199,199,1343,7348,102149
trees_200.newick,7,26,201,5708,199,199,1384,7409,120737
trees_200.newick,7,27,201,5655,199,199,1402,7401,78201
trees_200.newick,7,28,201,5577,199,199,1371,7253,74688
trees_200.newick,7,29,201,5688,199,199,1375,7276,92072
trees_200.newick,7,30,201,5582,199,199,1360,7277,119753
trees_200.newick,7,31,201,5895,199,199,1395,7328,88167
trees_200.newick,7,32,201,5575,199,199,1365,7274,75281
trees_200.newick,7,33,201,5612,199,199,1366,7246,72078
trees_200.newick,7,34,201,5628,199,199,1376,7394,119618
trees_200.newick,7,35,201,5706,199,199,1380,7680,104977
trees_200.newick,7,36,201,5633,199,199,1365,7377,86613
trees_200.newick,7,37,201,5681,199,199,1407,7225,72318
trees_200.newick,7,38,201,5747,199,199,1387,7209,88844
trees_200.newick,7,39,201,5684,199,199,1387,7753,83611
trees_200.newick,7,40,201,5787,199,199,1411,7245,84642
trees_200.newick,7,41,201,5567,199,199,1365,7213,82463
trees_200.newick,7,42,201,5717,199,199,1384,7404,107427
trees_200.newick,7,43,201,5637,199,199,1361,7253,96803
trees_200.newick,7,44,201,5759,199,199,1373,7231,80382
trees_200.newick,7,45,201,5631,199,199,1366,7304,92045
trees_200.newick,7,46,201,5765,199,199,1590,7426,96129
trees_200.newick,7,47,201,5693,199,199,1369,7315,101442
trees_200.newick,7,48,201,5754,199,199,1385,7408,87324
trees_200.newick,7,49,201,5751,199,199,1396,7289,79166
trees_200.newick,8,9,201,5622,199,199,1389,8111,94554
trees_200.newick,8,10,201,5574,199,199,1363,7304,116645
trees_200.newick,8,11,201,5709,199,199,1397,7199,94027
trees_200.newick,8,12,201,5714,199,199,1386,7188,78221
trees_200.newick,8,13,201,5649,199,199,1375,7547,93309
trees_200.newick,8,14,201,5573,199,199,1363,7200,117574
trees_200.newick,8,15,201,5442,199,199,1364,7317,93677
trees_200.newick,8,16,201,5359,199,199,1336,7513,75023
trees_200.newick,8,17,201,5636,199,199,1376,7183,76947
trees_200.newick,8,18,201,5703,199,199,1369,7349,121064
trees_200.newick,8,19,201,5699,199,199,1378,7314,84051
trees_200.newick,8,20,201,5561,199,199,1364,7587,102575
trees_200.newick,8,21,201,5668,199,199,1381,7616,97512
trees_200.newick,8,22,201,5781,199,199,1397,7434,112375
trees_200.newick,8,23,201,5649,199,199,1389,7215,81690
trees_200.newick,8,24,201,5521,199,199,1352,7484,94450
trees_200.newick,8,25,201,5525,199,199,1344,7125,73490
trees_200.newick,8,26,201,5599,199,199,1401,7188,99218
trees_200.newick,8,27,201,5606,199,199,1381,8086,88685
trees_200.newick,8,28,201,5705,199,199,1391,7285,87924
trees_200.newick,8,29,201,5479,199,199,1365,7121,75398
trees_200.newick,8,30,201,5652,199,199,1362,7447,115658
trees_200.newick,8,31,201,5641,199,199,1382,7293,83824
trees_200.newick,8,32,201,5455,199,199,1359,7022,85504
trees_200.newick,8,33,201,5605,199,199,1407,7306,75573
trees_200.newick,8,34,201,5565,199,199,1395,7267,109889
trees_200.newick,8,35,201,5597,199,199,1371,7319,84243
trees_200.newick,8,36,201,5678,199,199,1386,7402,83306
trees_200.newick,8,37,201,5722,199,199,1426,7225,84765
trees_200.newick,8,38,201,5679,199,199,1381,7250,88520
trees_200.newick,8,39,201,5695,199,199,1379,7462,98459
trees_200.newick,8,40,201,5640,199,199,1384,7429,81953
trees_200.newick,8,41,201,5436,199,199,1371,8176,90802
trees_200.newick,8,42,201,5637,199,199,1376,7925,122214
trees_200.newick,8,43,201,5666,199,199,1369,7235,105395
trees_200.newick,8,44,201,5515,199,199,1355,7162,87188
trees_200.newick,8,45,201,5685,199,199,1382,7336,79129
trees_200.newick,8,46,201,5681,199,199,1383,7171,91010
trees_200.newick,8,47,201,5848,199,199,1404,7313,112850
trees_200.newick,8,48,201,5653,199,199,1377,7351,100751
trees_200.newick,8,49,201,5622,199,199,1385,7408,86696
trees_200.newick,9,10,201,5713,199,199,1379,7379,82967
trees_200.newick,9,11,201,5735,199,199,1380,7242,100833
trees_200.newick,9,12,201,5657,199,199,1374,7333,88893
trees_200.newick,9,13,201,5654,199,199,1424,7970,78502
trees_200.newick,9,14,201,5508,199,199,1346,7244,80553
trees_200.newick,9,15,201,5408,199,199,1353,7398,102963
trees_200.newick,9,16,201,5766,199,199,1383,7555,87271
trees_200.newick,9,17,201,5655,199,199,1371,7942,83953
trees_200.newick,9,18,201,5542,199,199,1354,7250,79231
trees_200.newick,9,19,201,5553,199,199,1358,7268,89489
trees_200.newick,9,20,201,5442,199,199,2035,7302,100453
trees_200.newick,9,21,201,5628,199,199,1378,7179,89854
trees_200.newick,9,22,201,5707,199,199,1383,7731,78999
trees_200.newick,9,23,201,5630,199,199,1399,7315,92676
trees_200.newick,9,24,201,5640,199,199,1366,7207,110085
trees_200.newick,9,25,201,5672,199,199,1352,7190,86691
trees_200.newick,9,26,201,5715,199,199,1447,7125,74809
trees_200.newick,9,27,201,5588,199,199,1373,7392,96787
trees_200.newick,9,28,201,5743,199,199,1382,8195,114296
trees_200.newick,9,29,201,5547,199,199,1370,7250,91468
trees_200.newick,9,30,201,5628,199,199,1362,8140,78309
trees_200.newick,9,31,201,5633,199,199,1367,7565,95875
trees_200.newick,9,32,201,5488,199,199,1352,7160,119062
trees_200.newick,9,33,201,5556,199,199,1418,7254,107080
trees_200.newick,9,34,201,5525,199,199,1367,7296,73170
trees_200.newick,9,35,201,5582,199,199,1354,7229,91853
trees_200.newick,9,36,201,5676,199,199,1378,7307,87057
trees_200.newick,9,37,201,5750,199,199,1385,7792,97251
trees_200.newick,9,38,201,5657,199,199,1379,7695,81283
trees_200.newick,9,39,201,5675,199,199,1371,7263,93139
trees_200.newick,9,40,201,5670,199,199,1370,7383,98913
trees_200.newick,9,41,201,5674,199,199,1375,7228,82051
trees_200.newick,9,42,201,5657,199,199,1387,7960,83693
trees_200.newick,9,43,201,5546,199,199,1390,7290,74165
trees_200.newick,9,44,201,5646,199,199,1374,7458,81438
trees_200.newick,9,45,201,5775,199,199,1382,7254,94552
trees_200.newick,9,46,201,5757,199,199,1383,7537,79436
trees_200.newick,9,47,201,5658,199,199,1376,7583,77349
trees_200.newick,9,48,201,5674,199,199,1376,8647,96657
trees_200.newick,9,49,201,5556,199,199,1391,7087,108984
trees_200.newick,10,11,201,5805,199,199,1399,7396,76665
trees_200.newick,10,12,201,5712,199,199,1366,7147,83214
trees_200.newick,10,13,201,5694,199,199,1379,7394,81474
trees_200.newick,10,14,201,5646,199,199,1360,7193,110126
trees_200.newick,10,15,201,5589,199,199,1373,7451,84901
trees_200.newick,10,16,201,5693,199,199,1378,7485,74908
trees_200.newick,10,17,201,5771,199,199,1394,7294,70656
trees_200.newick,10,18,201,5742,199,199,1399,7422,103930
trees_200.newick,10,19,201,5760,199,199,1384,7249,95122
trees_200.newick,10,20,201,5678,199,199,1372,7839,78962
trees_200.newick,10,21,201,5738,199,199,1398,7406,94480
trees_200.newick,10,22,201,5689,199,199,1388,7255,86650
trees_200.newick,10,23,201,5673,199,199,1378,7541,91032
trees_200.newick,10,24,201,5568,199,199,1356,7249,81761
trees_200.newick,10,25,201,5553,199,199,1368,7286,74329
trees_200.newick,10,26,201,5758,199,199,1385,7200,87352
trees_200.newick,10,27,201,5694,199,199,1393,7215,97647
trees_200.newick,10,28,201,5733,199,199,1390,7408,77511
trees_200.newick,10,29,201,5650,199,199,1376,7220,76758
trees_200.newick,10,30,201,5703,199,199,1367,7253,85690
trees_200.newick,10,31,201,5792,199,199,1380,7677,110757
trees_200.newick,10,32,201,5771,199,199,1461,7104,76633
trees_200.newick,10,33,201,5788,199,199,1386,7350,74072
trees_200.newick,10,34,201,5784,199,199,1393,7320,87589
trees_200.newick,10,35,201,5668,199,199,1380,7332,115814
trees_200.newick,10,36,201,5580,199,199,1363,7617,78757
trees_200.newick,10,37,201,5847,199,199,1412,7227,73279
trees_200.newick,10,38,201,5534,199,199,1358,8107,75811
trees_200.newick,10,39,201,5586,199,199,1359,7225,89893
trees_200.newick,10,40,201,5791,199,199,1391,7305,80138
trees_200.newick,10,41,201,5795,199,199,1391,7279,84583
trees_200.newick,10,42,201,5829,199,199,1397,7435,74865
trees_200.newick,10,43,201,5683,199,199,1360,7191,105564
trees_200.newick,10,44,201,5602,199,199,1359,7170,88004
trees_200.newick,10,45,201,5809,199,199,1402,7302,84589
trees_200.newick,10,46,201,5739,199,199,1392,7326,84748
trees_200.newick,10,47,201,5715,199,199,1386,7654,94397
trees_200.newick,10,48,201,5631,199,199,1372,7408,103016
trees_200.newick,10,49,201,5614,199,199,1383,7764,73125
trees_200.newick,11,12,201,5647,199,199,1383,7274,76827
trees_200.newick,11,13,201,5611,199,199,1366,7491,97412
trees_200.newick,11,14,201,5640,199,199,1394,7230,141394
trees_200.newick,11,15,201,5488,199,199,1354,7639,82845
trees_200.newick,11,16,201,5854,199,199,1376,7424,72390
trees_200.newick,11,17,201,5733,199,199,1383,7253,75768
trees_200.newick,11,18,201,5739,199,199,1370,8527,85982
trees_200.newick,11,19,201,5717,199,199,1370,7314,99131
trees_200.newick,11,20,201,5685,199,199,1368,7253,81747
trees_200.newick,11,21,201,5707,199,199,1383,7235,72374
trees_200.newick,11,22,201,5715,199,199,1383,7724,97594
trees_200.newick,11,23,201,5774,199,199,1407,7364,94403
trees_200.newick,11,24,201,5585,199,199,1354,7778,83959
trees_200.newick,11,25,201,5611,199,199,1334,7504,74152
trees_200.newick,11,26,201,5738,199,199,1391,7697,90970
trees_200.newick,11,27,201,5789,199,199,1390,7397,113587
trees_200.newick,11,28,201,5945,199,199,1406,7398,81858
trees_200.newick,11,29,201,5683,199,199,1374,7435,93831
trees_200.newick,11,30,201,5938,199,199,1385,7348,87970
trees_200.newick,11,31,201,5616,199,199,1371,7218,102675
trees_200.newick,11,32,201,5796,199,199,1391,7243,82857
trees_200.newick,11,33,201,5721,199,199,1368,7365,87771
trees_200.newick,11,34,201,5669,199,199,1385,7202,77701
trees_200.newick,11,35,201,5657,199,199,1356,7440,107472
trees_200.newick,11,36,201,5518,199,199,1363,7313,133388
trees_200.newick,11,37,201,5812,199,199,1383,7203,86412
trees_200.newick,11,38,201,5676,199,199,1377,7187,74447
trees_200.newick,11,39,201,5691,199,199,1368,7224,87472
trees_200.newick,11,40,201,5634,199,199,1370,7314,82619
trees_200.newick,11,41,201,5616,199,199,1387,7294,81619
trees_200.newick,11,42,201,5789,199,199,1375,7588,86558
trees_200.newick,11,43,201,5523,199,199,1345,7267,98094
trees_200.newick,11,44,201,5616,199,199,1355,7407,88416
trees_200.newick,11,45,201,5850,199,199,1388,7343,81401
trees_200.newick,11,46,201,5800,199,199,1393,7592,73326
trees_200.newick,11,47,201,5720,199,199,1374,8124,92435
trees_200.newick,11,48,201,5836,199,199,1410,7359,94508
trees_200.newick,11,49,201,5697,199,199,1406,7157,83816
trees_200.newick,12,13,201,5580,199,199,1369,7405,73903
trees_200.newick,12,14,201,5569,199,199,1348,7505,91167
trees_200.newick,12,15,201,5674,199,199,1373,7438,113495
trees_200.newick,12,16,201,5638,199,199,1366,7359,86411
trees_200.newick,12,17,201,5739,199,199,1381,7315,76159
trees_200.newick,12,18,201,5557,199,199,1347,7631,76514
trees_200.newick,12,19,201,5601,199,199,1363,7237,90922
trees_200.newick,12,20,201,5529,199,199,1344,7254,103941
trees_200.newick,12,21,201,5630,199,199,1370,7202,84624
trees_200.newick,12,22,201,5421,199,199,1351,7875,80659
trees_200.newick,12,23,201,5665,199,199,1381,7257,91252
trees_200.newick,12,24,201,5481,199,199,1341,7262,104433
trees_200.newick,12,25,201,5631,199,199,1347,7298,76302
trees_200.newick,12,26,201,5664,199,199,1368,7169,91644
trees_200.newick,12,27,201,5588,199,199,1370,7413,105155
trees_200.newick,12,28,201,5668,199,199,1375,7201,79980
trees_200.newick,12,29,201,5609,199,199,1364,7508,93687
trees_200.newick,12,30,201,5712,199,199,1368,7348,79849
trees_200.newick,12,31,201,5679,199,199,1366,7559,87877
trees_200.newick,12,32,201,5524,199,199,1347,7041,119593
trees_200.newick,12,33,201,5564,199,199,1339,8057,77278
trees_200.newick,12,34,201,5737,199,199,1382,7263,89267
trees_200.newick,12,35,201,5616,199,199,1364,7311,92674
trees_200.newick,12,36,201,5582,199,199,1365,7476,105577
trees_200.newick,12,37,201,5679,199,199,1423,7201,92592
trees_200.newick,12,38,201,5517,199,199,1354,7205,79213
trees_200.newick,12,39,201,5677,199,199,1359,7290,81876
trees_200.newick,12,40,201,5619,199,199,1356,7262,132672
trees_200.newick,12,41,201,5440,199,199,1347,7059,86117
trees_200.newick,12,42,201,5721,199,199,1372,7468,74935
trees_200.newick,12,43,201,5785,199,199,1382,7157,91975
trees_200.newick,12,44,201,5639,199,199,1372,7589,117609
trees_200.newick,12,45,201,5547,199,199,1353,7233,79370
trees_200.newick,12,46,201,5750,199,199,1372,7336,83860
trees_200.newick,12,47,201,5737,199,199,1367,7242,84096
trees_200.newick,12,48,201,5594,199,199,1359,7666,89560
trees_200.newick,12,49,201,5655,199,199,1379,7190,89137
trees_200.newick,13,14,201,5537,199,199,1360,7258,89947
trees_200.newick,13,15,201,5542,199,199,1360,7731,83481
trees_200.newick,13,16,201,5523,199,199,1344,7414,89791
trees_200.newick,13,17,201,5631,199,199,1370,7198,87504
trees_200.newick,13,18,201,5586,199,199,1356,7389,77962
trees_200.newick,13,19,201,5497,199,199,1365,7140,99789
trees_200.newick,13,20,201,5669,199,199,1375,7290,92728
trees_200.newick,13,21,201,5739,199,199,1400,7313,99908
trees_200.newick,13,22,201,5787,199,199,1398,7243,78168
trees_200.newick,13,23,201,5581,199,199,1407,7173,79608
trees_200.newick,13,24,201,5707,199,199,1765,7372,84170
trees_200.newick,13,25,201,5621,199,199,1366,7137,98524
trees_200.newick,13,26,201,5557,199,199,1386,7830,78431
trees_200.newick,13,27,201,5705,199,199,1617,7247,81354
trees_200.newick,13,28,201,5600,199,199,2548,7281,90268
trees_200.newick,13,29,201,5808,199,199,2530,7186,119494
trees_200.newick,13,30,201,5677,199,199,2484,7630,80049
trees_200.newick,13,31,201,5626,199,199,2441,7170,74576
trees_200.newick,13,32,201,5688,199,199,2635,7099,79658
trees_200.newick,13,33,201,5716,199,199,2772,7398,102121
trees_200.newick,13,34,201,5671,199,199,2650,7349,85484
trees_200.newick,13,35,201,5563,199,199,2627,7286,76171
trees_200.newick,13,36,201,5661,199,199,2434,7387,85722
trees_200.newick,13,37,201,5786,199,199,1442,7168,113690
trees_200.newick,13,38,201,5462,199,199,1395,7147,107792
trees_200.newick,13,39,201,5611,199,199,1392,7176,95284
trees_200.newick,13,40,201,5654,199,199,1879,7260,88645
trees_200.newick,13,41,201,5566,199,199,1914,7386,102673
trees_200.newick,13,42,201,5725,199,199,1585,7462,88926
trees_200.newick,13,43,201,5689,199,199,1405,7276,81749
trees_200.newick,13,44,201,5645,199,199,1411,7173,90053
trees_200.newick,13,45,201,5712,199,199,1402,7725,93109
trees_200.newick,13,46,201,5646,199,199,1410,7261,106326
trees_200.newick,13,47,201,5788,199,199,2082,7816,81584
trees_200.newick,13,48,201,5652,199,199,2092,7728,78778
trees_200.newick,13,49,201,5561,199,199,2650,7131,79046
trees_200.newick,14,15,201,5573,199,199,1383,7302,108634
trees_200.newick,14,16,201,5634,199,199,1358,7499,79092
trees_200.newick,14,17,201,5736,199,199,1385,7348,82829
trees_200.newick,14,18,201,5649,199,199,1382,7250,89689
trees_200.newick,14,19,201,5649,199,199,1383,7295,115681
trees_200.newick,14,20,201,5582,199,199,1388,7239,87410
trees_200.newick,14,21,201,5677,199,199,1376,8188,94398
trees_200.newick,14,22,201,5634,199,199,1378,7313,97272
trees_200.newick,14,23,201,5487,199,199,1444,7146,116669
trees_200.newick,14,24,201,5482,199,199,1439,7306,80347
trees_200.newick,14,25,201,5607,199,199,1359,7248,78206
trees_200.newick,14,26,201,5658,199,199,1583,7216,99007
trees_200.newick,14,27,201,5648,199,199,1729,7265,109426
trees_200.newick,14,28,201,5548,199,199,2291,7324,86067
trees_200.newick,14,29,201,5614,199,199,1856,7118,79995
trees_200.newick,14,30,201,5582,199,199,1390,7238,89096
trees_200.newick,14,31,201,5650,199,199,1791,7174,92787
trees_200.newick,14,32,201,5708,199,199,1611,7596,109417
trees_200.newick,14,33,201,5542,199,199,1386,7224,92421
trees_200.newick,14,34,201,5487,199,199,1395,7201,80715
trees_200.newick,14,35,201,5557,199,199,1366,7273,126794
trees_200.newick,14,36,201,5491,199,199,1354,7393,109916
trees_200.newick,14,37,201,5633,199,199,1698,7270,87453
trees_200.newick,14,38,201,5690,199,199,2678,7257,82027
trees_200.newick,14,39,201,5576,199,199,2575,7312,103314
trees_200.newick,14,40,201,5659,199,199,1431,7221,94935
trees_200.newick,14,41,201,5674,199,199,1958,7302,76888
trees_200.newick,14,42,201,5622,199,199,1529,7379,102813
trees_200.newick,14,43,201,5617,199,199,2528,7152,106205
trees_200.newick,14,44,201,5647,199,199,1429,7145,86074
trees_200.newick,14,45,201,5610,199,199,1383,7199,86169
trees_200.newick,14,46,201,5734,199,199,1396,7258,78339
trees_200.newick,14,47,201,5675,199,199,1372,7168,89850
trees_200.newick,14,48,201,5571,199,199,1394,7405,99630
trees_200.newick,14,49,201,5533,199,199,1499,7043,91128
trees_200.newick,15,16,201,5576,199,199,2646,7402,77233
trees_200.newick,15,17,201,5705,199,199,1464,7288,108831
trees_200.newick,15,18,201,5488,199,199,2009,7319,104620
trees_200.newick,15,19,201,5606,199,199,1404,7267,87680
trees_200.newick,15,20,201,5655,199,199,1608,7590,79556
trees_200.newick,15,21,201,5578,199,199,2050,7314,96940
trees_200.newick,15,22,201,5694,199,199,1942,7269,115708
trees_200.newick,15,23,201,5569,199,199,2038,7224,82345
trees_200.newick,15,24,201,5714,199,199,1975,7381,89164
trees_200.newick,15,25,201,5660,199,199,2194,7248,104358
trees_200.newick,15,26,201,5588,199,199,1698,7221,130164
trees_200.newick,15,27,201,5610,199,199,1526,7213,82666
trees_200.newick,15,28,201,5628,199,199,1879,7679,76353
trees_200.newick,15,29,201,5447,199,199,2652,7164,100039
trees_200.newick,15,30,201,5691,199,199,2333,7368,126379
trees_200.newick,15,31,201,5725,199,199,2680,7368,107346
trees_200.newick,15,32,201,5630,199,199,2391,7148,95773
trees_200.newick,15,33,201,5572,199,199,1401,7350,120054
trees_200.newick,15,34,201,5587,199,199,1654,7270,113636
trees_200.newick,15,35,201,5469,199,199,1385,7710,94079
trees_200.newick,15,36,201,5574,199,199,1387,7277,78657
trees_200.newick,15,37,201,5590,199,199,1395,7220,101799
trees_200.newick,15,38,201,5561,199,199,1546,7211,112254
trees_200.newick,15,39,201,5538,199,199,1655,7490,87323
trees_200.newick,15,40,201,5508,199,199,2582,7422,76968
trees_200.newick,15,41,201,5747,199,199,1509,7717,84925
trees_200.newick,15,42,201,5616,199,199,1379,7388,109819
trees_200.newick,15,43,201,5620,199,199,1368,7314,93226
trees_200.newick,15,44,201,5433,199,199,1344,7443,83215
trees_200.newick,15,45,201,5658,199,199,1374,7380,83544
trees_200.newick,15,46,201,5656,199,199,1579,8120,98475
trees_200.newick,15,47,201,5648,199,199,1614,7443,103394
trees_200.newick,15,48,201,5582,199,199,1431,7240,76149
trees_200.newick,15,49,201,5530,199,199,1372,7186,80387
trees_200.newick,16,17,201,5781,199,199,1402,7331,102607
trees_200.newick,16,18,201,5565,199,199,1348,7404,88747
trees_200.newick,16,19,201,5626,199,199,1367,8238,83989
trees_200.newick,16,20,201,5634,199,199,1560,7386,78412
trees_200.newick,16,21,201,5679,199,199,1421,7147,90322
trees_200.newick,16,22,201,5774,199,199,1426,7358,96124
trees_200.newick,16,23,201,5625,199,199,1375,7438,98011
trees_200.newick,16,24,201,5597,199,199,1352,7676,78405
trees_200.newick,16,25,201,5606,199,199,1350,7107,98636
trees_200.newick,16,26,201,5678,199,199,1371,7263,110221
trees_200.newick,16,27,201,5598,199,199,1398,7312,87919
trees_200.newick,16,28,201,5681,199,199,1372,7249,98745
trees_200.newick,16,29,201,5627,199,199,1368,7296,86274
trees_200.newick,16,30,201,5750,199,199,1369,7248,105067
trees_200.newick,16,31,201,5809,199,199,1381,8063,88230
trees_200.newick,16,32,201,5747,199,199,1402,7217,93058
trees_200.newick,16,33,201,5625,199,199,1386,8038,84837
trees_200.newick,16,34,201,5669,199,199,1610,8168,122099
trees_200.newick,16,35,201,5643,199,199,1371,7343,87837
trees_200.newick,16,36,201,5548,199,199,1340,7277,94529
trees_200.newick,16,37,201,5482,199,199,1344,7160,96811
trees_200.newick,16,38,201,5746,199,199,1387,7318,93785
trees_200.newick,16,39,201,5625,199,199,1364,7241,94704
trees_200.newick,16,40,201,5626,199,199,1355,7340,75976
trees_200.newick,16,41,201,5672,199,199,1405,7310,95143
trees_200.newick,16,42,201,5671,199,199,1366,8103,107822
trees_200.newick,16,43,201,5723,199,199,1364,7321,87843
trees_200.newick,16,44,201,5618,199,199,1358,7160,85523
trees_200.newick,16,45,201,5712,199,199,1373,7216,74990
trees_200.newick,16,46,201,5661,199,199,1374,7483,89403
trees_200.newick,16,47,201,5813,199,199,1386,7302,92318
trees_200.newick,16,48,201,5676,199,199,1363,7198,80994
trees_200.newick,16,49,201,5684,199,199,1381,7206,82233
trees_200.newick,17,18,201,5604,199,199,1375,7317,97192
trees_200.newick,17,19,201,5576,199,199,1359,7213,101780
trees_200.newick,17,20,201,5626,199,199,1365,7261,81528
trees_200.newick,17,21,201,5708,199,199,1378,7625,93626
trees_200.newick,17,22,201,5742,199,199,1402,7216,85135
trees_200.newick,17,23,201,5551,199,199,1384,7376,125964
trees_200.newick,17,24,201,5571,199,199,1361,7290,94628
trees_200.newick,17,25,201,5608,199,199,1334,7564,79664
trees_200.newick,17,26,201,5612,199,199,1363,7230,96925
trees_200.newick,17,27,201,5835,199,199,1397,7611,125304
trees_200.newick,17,28,201,5662,199,199,1397,7289,93195
trees_200.newick,17,29,201,5705,199,199,1377,7304,79834
trees_200.newick,17,30,201,5738,199,199,1370,7276,86325
trees_200.newick,17,31,201,5808,199,199,1497,7265,97634
trees_200.newick,17,32,201,5701,199,199,1424,7372,88590
trees_200.newick,17,33,201,5682,199,199,1374,7227,75504
trees_200.newick,17,34,201,5564,199,199,1380,7302,93698
trees_200.newick,17,35,201,5716,199,199,1372,7382,101404
trees_200.newick,17,36,201,5634,199,199,1351,7338,88507
trees_200.newick,17,37,201,5763,199,199,1421,7177,77230
trees_200.newick,17,38,201,5616,199,199,1424,7294,80884
trees_200.newick,17,39,201,5601,199,199,1384,7286,85899
trees_200.newick,17,40,201,5647,199,199,1377,7982,92308
trees_200.newick,17,41,201,5711,199,199,1724,7299,81772
trees_200.newick,17,42,201,5614,199,199,1400,7358,78818
trees_200.newick,17,43,201,5761,199,199,1386,7606,91392
trees_200.newick,17,44,201,5706,199,199,1437,8770,83895
trees_200.newick,17,45,201,5523,199,199,1349,7905,93346
trees_200.newick,17,46,201,5728,199,199,1368,7288,74788
trees_200.newick,17,47,201,5736,199,199,1365,7432,90130
trees_200.newick,17,48,201,5570,199,199,1394,7242,112325
trees_200.newick,17,49,201,5575,199,199,1392,7161,78812
trees_200.newick,18,19,201,5548,199,199,1366,7154,80533
trees_200.newick,18,20,201,5579,199,199,1587,7296,100542
trees_200.newick,18,21,201,5642,199,199,1363,7281,94801
trees_200.newick,18,22,201,5678,199,199,1378,7207,84598
trees_200.newick,18,23,201,5732,199,199,1407,8401,73343
trees_200.newick,18,24,201,5686,199,199,1361,7336,83638
trees_200.newick,18,25,201,5664,199,199,1352,7193,116563
trees_200.newick,18,26,201,5486,199,199,1352,7166,92150
trees_200.newick,18,27,201,5505,199,199,1359,7264,112365
trees_200.newick,18,28,201,5703,199,199,1368,7266,114019
trees_200.newick,18,29,201,5634,199,199,1374,7270,145485
trees_200.newick,18,30,201,5481,199,199,1351,7291,100065
trees_200.newick,18,31,201,5730,199,199,1375,7925,75483
trees_200.newick,18,32,201,5684,199,199,1377,7320,90496
trees_200.newick,18,33,201,5618,199,199,1345,7351,112472
trees_200.newick,18,34,201,5712,199,199,1373,7267,88021
trees_200.newick,18,35,201,5705,199,199,1353,7411,85578
trees_200.newick,18,36,201,5790,199,199,1376,7354,103035
trees_200.newick,18,37,201,5674,199,199,1770,7238,93999
trees_200.newick,18,38,201,5547,199,199,1362,7205,84711
trees_200.newick,18,39,201,5395,199,199,1349,7152,72359
trees_200.newick,18,40,201,5600,199,199,1383,7315,85913
trees_200.newick,18,41,201,5652,199,199,1396,7440,109698
trees_200.newick,18,42,201,5713,199,199,1386,8026,80533
trees_200.newick,18,43,201,5578,199,199,1372,7237,94132
trees_200.newick,18,44,201,5602,199,199,1379,7310,86076
trees_200.newick,18,45,201,5701,199,199,1465,7433,139517
trees_200.newick,18,46,201,5686,199,199,1382,7261,110363
trees_200.newick,18,47,201,5573,199,199,1364,7307,90356
trees_200.newick,18,48,201,5594,199,199,1390,7226,93694
trees_200.newick,18,49,201,5588,199,199,1450,7154,115773
trees_200.newick,19,20,201,5441,199,199,1412,7280,97368
trees_200.newick,19,21,201,5668,199,199,1402,7144,93571
trees_200.newick,19,22,201,5750,199,199,1385,7222,81232
trees_200.newick,19,23,201,5447,199,199,1356,7694,92385
trees_200.newick,19,24,201,5679,199,199,1421,7353,94499
trees_200.newick,19,25,201,5671,199,199,1362,7108,73937
trees_200.newick,19,26,201,5686,199,199,1373,7305,80028
trees_200.newick,19,27,201,5607,199,199,1374,7304,85745
trees_200.newick,19,28,201,5650,199,199,1378,7347,83553
trees_200.newick,19,29,201,5562,199,199,1373,7289,77306
trees_200.newick,19,30,201,5707,199,199,1393,7776,79896
trees_200.newick,19,31,201,5725,199,199,1382,7286,77008
trees_200.newick,19,32,201,5650,199,199,1372,7263,81425
trees_200.newick,19,33,201,5654,199,199,1384,7259,99801
trees_200.newick,19,34,201,5575,199,199,1362,7186,83792
trees_200.newick,19,35,201,5620,199,199,1345,7259,93716
trees_200.newick,19,36,201,5690,199,199,1363,7331,100983
trees_200.newick,19,37,201,5627,199,199,1365,7184,82839
trees_200.newick,19,38,201,5638,199,199,1370,7242,74421
trees_200.newick,19,39,201,5548,199,199,1345,7190,93271
trees_200.newick,19,40,201,5642,199,199,1388,7277,128844
trees_200.newick,19,41,201,5660,199,199,1373,7839,106437
trees_200.newick,19,42,201,5718,199,199,1374,7289,116973
trees_200.newick,19,43,201,5562,199,199,1354,7302,104371
trees_200.newick,19,44,201,5692,199,199,1372,7272,101500
trees_200.newick,19,45,201,5450,199,199,1344,7262,97133
trees_200.newick,19,46,201,5473,199,199,1361,7272,103599
trees_200.newick,19,47,201,5741,199,199,1534,7306,84233
trees_200.newick,19,48,201,5541,199,199,1363,7125,112979
trees_200.newick,19,49,201,5735,199,199,1393,7127,92530
trees_200.newick,20,21,201,5606,199,199,1372,7225,77132
trees_200.newick,20,22,201,5651,199,199,1366,7081,100483
trees_200.newick,20,23,201,5647,199,199,1376,7181,108008
trees_200.newick,20,24,201,5644,199,199,1359,7183,86904
trees_200.newick,20,25,201,5454,199,199,1334,7036,80052
trees_200.newick,20,26,201,5702,199,199,1371,7229,88212
trees_200.newick,20,27,201,5629,199,199,1367,7620,100108
trees_200.newick,20,28,201,5581,199,199,1383,7159,121719
trees_200.newick,20,29,201,5583,199,199,1373,7212,92520
trees_200.newick,20,30,201,5554,199,199,1367,7274,88874
trees_200.newick,20,31,201,5737,199,199,1399,7791,83899
trees_200.newick,20,32,201,5552,199,199,1362,7127,102338
trees_200.newick,20,33,201,5706,199,199,1362,7211,77689
trees_200.newick,20,34,201,5605,199,199,1355,7269,77306
trees_200.newick,20,35,201,5685,199,199,1354,7273,100217
trees_200.newick,20,36,201,5598,199,199,1397,7280,89059
trees_200.newick,20,37,201,5543,199,199,1564,7116,77746
trees_200.newick,20,38,201,5564,199,199,1362,7152,79981
trees_200.newick,20,39,201,5563,199,199,1396,7236,114931
trees_200.newick,20,40,201,5514,199,199,1364,7179,106007
trees_200.newick,20,41,201,5537,199,199,1355,7103,89041
trees_200.newick,20,42,201,5572,199,199,1356,7967,89789
trees_200.newick,20,43,201,5521,199,199,1389,7196,111167
trees_200.newick,20,44,201,5571,199,199,1353,7182,105965
trees_200.newick,20,45,201,5644,199,199,1365,7130,77007
trees_200.newick,20,46,201,5665,199,199,1406,7469,78308
trees_200.newick,20,47,201,5656,199,199,1365,7363,105226
trees_200.newick,20,48,201,5550,199,199,1358,7229,128356
trees_200.newick,20,49,201,5619,199,199,1374,7097,76224
trees_200.newick,21,22,201,5835,199,199,1398,7228,80539
trees_200.newick,21,23,201,5689,199,199,1379,7304,93926
trees_200.newick,21,24,201,5656,199,199,1354,7306,112721
trees_200.newick,21,25,201,5611,199,199,1366,7489,79222
trees_200.newick,21,26,201,5687,199,199,1374,7220,93904
trees_200.newick,21,27,201,5766,199,199,1394,7301,75374
trees_200.newick,21,28,201,5754,199,199,1376,7265,106096
trees_200.newick,21,29,201,5578,199,199,1360,7452,92593
trees_200.newick,21,30,201,5494,199,199,1342,7244,87612
trees_200.newick,21,31,201,5874,199,199,1375,7191,70649
trees_200.newick,21,32,201,5718,199,199,1394,7266,102796
trees_200.newick,21,33,201,5681,199,199,1369,7811,96891
trees_200.newick,21,34,201,5649,199,199,1371,7229,89044
trees_200.newick,21,35,201,5631,199,199,1350,7383,79854
trees_200.newick,21,36,201,5743,199,199,1370,7383,95902
trees_200.newick,21,37,201,5659,199,199,1372,7191,132970
trees_200.newick,21,38,201,5604,199,199,1365,7234,78819
trees_200.newick,21,39,201,5651,199,199,1409,7251,75295
trees_200.newick,21,40,201,5581,199,199,1362,7280,88613
trees_200.newick,21,41,201,5595,199,199,1364,7309,122606
trees_200.newick,21,42,201,5798,199,199,1380,7420,88764
trees_200.newick,21,43,201,5626,199,199,1350,7273,76617
trees_200.newick,21,44,201,5655,199,199,1356,7794,78690
trees_200.newick,21,45,201,5632,199,199,1364,7199,89947
trees_200.newick,21,46,201,5832,199,199,1415,7632,96259
trees_200.newick,21,47,201,5672,199,199,1362,7380,75238
trees_200.newick,21,48,201,5611,199,199,1361,7228,73166
trees_200.newick,21,49,201,5680,199,199,1383,7304,87799
trees_200.newick,22,23,201,5636,199,199,1376,7666,107187
trees_200.newick,22,24,201,5676,199,199,1351,7406,107638
trees_200.newick,22,25,201,5700,199,199,1350,7209,85345
trees_200.newick,22,26,201,5572,199,199,1417,7439,101408
trees_200.newick,22,27,201,5609,199,199,1360,7466,139508
trees_200.newick,22,28,201,5706,199,199,1372,7562,83342
trees_200.newick,22,29,201,5827,199,199,1385,7286,87766
trees_200.newick,22,30,201,5681,199,199,1351,7298,117082
trees_200.newick,22,31,201,5672,199,199,1367,7182,93084
trees_200.newick,22,32,201,5746,199,199,1381,7241,76431
trees_200.newick,22,33,201,5750,199,199,1375,7359,74509
trees_200.newick,22,34,201,5668,199,199,1365,7271,104093
trees_200.newick,22,35,201,5672,199,199,1355,8239,87863
trees_200.newick,22,36,201,5597,199,199,1366,7320,83407
trees_200.newick,22,37,201,5825,199,199,1402,7199,78206
trees_200.newick,22,38,201,5768,199,199,1382,7301,87838
trees_200.newick,22,39,201,5658,199,199,1363,7128,102136
trees_200.newick,22,40,201,5612,199,199,1354,7263,79973
trees_200.newick,22,41,201,5664,199,199,1371,7265,76542
trees_200.newick,22,42,201,5736,199,199,1422,7350,104654
trees_200.newick,22,43,201,5766,199,199,1369,7149,119914
trees_200.newick,22,44,201,5628,199,199,1362,7136,78684
trees_200.newick,22,45,201,5721,199,199,1378,7134,74559
trees_200.newick,22,46,201,5840,199,199,1389,7876,94192
trees_200.newick,22,47,201,5602,199,199,1353,7392,115247
trees_200.newick,22,48,201,5508,199,199,1346,7266,88186
trees_200.newick,22,49,201,5657,199,199,1398,7198,78488
trees_200.newick,23,24,201,5475,199,199,1356,7624,90377
trees_200.newick,23,25,201,5653,199,199,1346,7174,99343
trees_200.newick,23,26,201,5724,199,199,1381,7358,108672
trees_200.newick,23,27,201,5676,199,199,1376,7355,77852
trees_200.newick,23,28,201,5711,199,199,1372,7521,93678
trees_200.newick,23,29,201,5586,199,199,1360,7363,100270
trees_200.newick,23,30,201,5663,199,199,1366,7296,110928
trees_200.newick,23,31,201,5674,199,199,1364,7572,80831
trees_200.newick,23,32,201,5502,199,199,1350,7213,91701
trees_200.newick,23,33,201,5604,199,199,1351,7376,93853
trees_200.newick,23,34,201,5614,199,199,1357,7350,83964
trees_200.newick,23,35,201,5643,199,199,1344,7788,95298
trees_200.newick,23,36,201,5603,199,199,1355,7259,73898
trees_200.newick,23,37,201,5681,199,199,1393,7170,91235
trees_200.newick,23,38,201,5501,199,199,1359,7435,105378
trees_200.newick,23,39,201,5625,199,199,1360,7595,80489
trees_200.newick,23,40,201,5589,199,199,1352,7655,81942
trees_200.newick,23,41,201,5402,199,199,1335,7277,94401
trees_200.newick,23,42,201,5746,199,199,1386,7377,93041
trees_200.newick,23,43,201,5494,199,199,1348,7236,100387
trees_200.newick,23,44,201,5623,199,199,1361,7210,88586
trees_200.newick,23,45,201,5707,199,199,1428,7230,85635
trees_200.newick,23,46,201,5749,199,199,1373,7279,112525
trees_200.newick,23,47,201,5748,199,199,1367,7435,84779
trees_200.newick,23,48,201,5680,199,199,1403,7184,76488
trees_200.newick,23,49,201,5598,199,199,1420,7138,102397
trees_200.newick,24,25,201,5461,199,199,1617,7785,132638
trees_200.newick,24,26,201,5694,199,199,1418,7201,81039
trees_200.newick,24,27,201,5559,199,199,1428,7257,81305
trees_200.newick,24,28,201,5637,199,199,1364,7255,118757
trees_200.newick,24,29,201,5737,199,199,1381,7283,121916
trees_200.newick,24,30,201,5683,199,199,1349,7268,96879
trees_200.newick,24,31,201,5686,199,199,1353,7207,73822
trees_200.newick,24,32,201,5672,199,199,1376,7234,80440
trees_200.newick,24,33,201,5553,199,199,1348,7279,121622
trees_200.newick,24,34,201,5648,199,199,1386,7277,105043
trees_200.newick,24,35,201,5686,199,199,1355,7393,80583
trees_200.newick,24,36,201,5605,199,199,1353,7657,85533
trees_200.newick,24,37,201,5703,199,199,1376,7308,101311
trees_200.newick,24,38,201,5717,199,199,1370,7550,93309
trees_200.newick,24,39,201,5688,199,199,1362,7263,84138
trees_200.newick,24,40,201,5619,199,199,1369,7225,120477
trees_200.newick,24,41,201,5715,199,199,1408,7421,105319
trees_200.newick,24,42,201,5747,199,199,1369,7356,103493
trees_200.newick,24,43,201,5758,199,199,1358,8056,79366
trees_200.newick,24,44,201,5543,199,199,1334,7218,90185
trees_200.newick,24,45,201,5605,199,199,1353,7186,99097
trees_200.newick,24,46,201,5854,199,199,1391,7283,120294
trees_200.newick,24,47,201,5808,199,199,1378,7324,85117
trees_200.newick,24,48,201,5585,199,199,1365,7211,87487
trees_200.newick,24,49,201,5629,199,199,1368,7181,119085
trees_200.newick,25,26,201,5644,199,199,1365,7241,95196
trees_200.newick,25,27,201,5624,199,199,1364,7279,93229
trees_200.newick,25,28,201,5569,199,199,1361,7391,96151
trees_200.newick,25,29,201,5556,199,199,1363,7248,86319
trees_200.newick,25,30,201,5690,199,199,1356,8134,80892
trees_200.newick,25,31,201,5632,199,199,1366,7169,102919
trees_200.newick,25,32,201,5572,199,199,1352,7271,87677
trees_200.newick,25,33,201,5679,199,199,1349,7288,96724
trees_200.newick,25,34,201,5556,199,199,1348,7531,105892
trees_200.newick,25,35,201,5585,199,199,1350,7402,96441
trees_200.newick,25,36,201,5422,199,199,1336,7359,75951
trees_200.newick,25,37,201,5596,199,199,1373,7206,95292
trees_200.newick,25,38,201,5621,199,199,1368,7277,98684
trees_200.newick,25,39,201,5659,199,199,1352,7243,85586
trees_200.newick,25,40,201,5423,199,199,1321,7234,92212
trees_200.newick,25,41,201,5567,199,199,1353,7192,96887
trees_200.newick,25,42,201,5639,199,199,1362,7419,115483
trees_200.newick,25,43,201,5668,199,199,1357,7184,83791
trees_200.newick,25,44,201,5728,199,199,1376,7349,83611
trees_200.newick,25,45,201,5597,199,199,1345,7531,83908
trees_200.newick,25,46,201,5608,199,199,1358,7283,134219
trees_200.newick,25,47,201,5635,199,199,1464,7466,91706
trees_200.newick,25,48,201,5632,199,199,1352,7242,82797
trees_200.newick,25,49,201,5631,199,199,1377,7695,93614
trees_200.newick,26,27,201,5754,199,199,1398,7308,119555
trees_200.newick,26,28,201,5653,199,199,1396,7391,89465
trees_200.newick,26,29,201,5613,199,199,1368,7311,85173
trees_200.newick,26,30,201,5664,199,199,1357,7371,80720
trees_200.newick,26,31,201,5801,199,199,1377,7443,92892
trees_200.newick,26,32,201,5723,199,199,1383,7267,89213
trees_200.newick,26,33,201,5589,199,199,1355,7321,75743
trees_200.newick,26,34,201,5654,199,199,1366,7547,89419
trees_200.newick,26,35,201,5622,199,199,1372,7416,96944
trees_200.newick,26,36,201,5581,199,199,1361,7868,104707
trees_200.newick,26,37,201,5622,199,199,1365,7939,82198
trees_200.newick,26,38,201,5581,199,199,1364,7300,78092
trees_200.newick,26,39,201,5580,199,199,1358,7334,93778
trees_200.newick,26,40,201,5537,199,199,1362,7612,109950
trees_200.newick,26,41,201,5660,199,199,1365,7321,95803
trees_200.newick,26,42,201,5743,199,199,1387,7534,94567
trees_200.newick,26,43,201,5749,199,199,1369,7385,93774
trees_200.newick,26,44,201,5548,199,199,1349,7238,99283
trees_200.newick,26,45,201,5490,199,199,1461,7209,79121
trees_200.newick,26,46,201,5634,199,199,1361,7380,76907
trees_200.newick,26,47,201,5773,199,199,1376,7429,91043
trees_200.newick,26,48,201,5582,199,199,1354,7643,100650
trees_200.newick,26,49,201,5541,199,199,1364,7149,77771
trees_200.newick,27,28,201,5617,199,199,1369,7757,96312
trees_200.newick,27,29,201,5627,199,199,1369,8072,103071
trees_200.newick,27,30,201,5830,199,199,1377,7356,112385
trees_200.newick,27,31,201,5719,199,199,1357,7275,94148
trees_200.newick,27,32,201,5677,199,199,1365,7210,101461
trees_200.newick,27,33,201,5535,199,199,1364,8347,81276
trees_200.newick,27,34,201,5690,199,199,1372,7365,109890
trees_200.newick,27,35,201,5754,199,199,1364,7468,88250
trees_200.newick,27,36,201,5587,199,199,1364,7395,79203
trees_200.newick,27,37,201,5653,199,199,1368,7119,101405
trees_200.newick,27,38,201,5667,199,199,1368,7263,124962
trees_200.newick,27,39,201,5682,199,199,1363,7239,90213
trees_200.newick,27,40,201,5621,199,199,1375,7291,99147
trees_200.newick,27,41,201,5612,199,199,1358,7203,85944
trees_200.newick,27,42,201,5769,199,199,1378,7476,100906
trees_200.newick,27,43,201,5654,199,199,1349,7248,84587
trees_200.newick,27,44,201,5668,199,199,1362,7999,75994
trees_200.newick,27,45,201,5611,199,199,1355,7202,85208
trees_200.newick,27,46,201,5770,199,199,1373,7226,94762
trees_200.newick,27,47,201,5664,199,199,1375,8031,90895
trees_200.newick,27,48,201,5733,199,199,1366,7545,80401
trees_200.newick,27,49,201,5720,199,199,1377,7219,77338
trees_200.newick,28,29,201,5793,199,199,1386,7253,102349
trees_200.newick,28,30,201,5763,199,199,1376,7231,91979
trees_200.newick,28,31,201,5749,199,199,1376,7223,82936
trees_200.newick,28,32,201,5639,199,199,1361,7120,75084
trees_200.newick,28,33,201,5804,199,199,1380,7294,89834
trees_200.newick,28,34,201,5652,199,199,1359,7408,88751
trees_200.newick,28,35,201,5687,199,199,1356,7509,85675
trees_200.newick,28,36,201,5734,199,199,1362,7340,75547
trees_200.newick,28,37,201,5928,199,199,1409,7064,86328
trees_200.newick,28,38,201,5695,199,199,1374,7658,120798
trees_200.newick,28,39,201,5639,199,199,1358,7128,109106
trees_200.newick,28,40,201,5648,199,199,1371,7254,76883
trees_200.newick,28,41,201,5724,199,199,1378,7236,116071
trees_200.newick,28,42,201,5723,199,199,1372,7386,86443
trees_200.newick,28,43,201,5776,199,199,1376,7281,82096
trees_200.newick,28,44,201,5722,199,199,1366,7152,77635
trees_200.newick,28,45,201,5654,199,199,1364,7143,88611
trees_200.newick,28,46,201,5658,199,199,1372,7144,130408
trees_200.newick,28,47,201,5737,199,199,1366,7383,87166
trees_200.newick,28,48,201,5770,199,199,1375,7191,80011
trees_200.newick,28,49,201,5664,199,199,1392,7050,106381
trees_200.newick,29,30,201,5646,199,199,1360,7187,125463
trees_200.newick,29,31,201,5714,199,199,1367,7250,83776
trees_200.newick,29,32,201,5592,199,199,1359,7202,102767
trees_200.newick,29,33,201,5562,199,199,1384,7992,98560
trees_200.newick,29,34,201,5701,199,199,1376,7342,119602
trees_200.newick,29,35,201,5618,199,199,1360,7317,82585
trees_200.newick,29,36,201,5536,199,199,1361,7478,75084
trees_200.newick,29,37,201,5711,199,199,1388,7162,79717
trees_200.newick,29,38,201,5557,199,199,1358,7185,112012
trees_200.newick,29,39,201,5588,199,199,1344,7226,89076
trees_200.newick,29,40,201,5687,199,199,1376,7273,82027
trees_200.newick,29,41,201,5632,199,199,1366,7313,77111
trees_200.newick,29,42,201,5774,199,199,1378,7419,89946
trees_200.newick,29,43,201,5690,199,199,1362,7309,87193
trees_200.newick,29,44,201,5569,199,199,1354,7632,79357
trees_200.newick,29,45,201,5800,199,199,1369,7243,79154
trees_200.newick,29,46,201,5651,199,199,1359,7244,112466
trees_200.newick,29,47,201,5562,199,199,1763,7433,113871
trees_200.newick,29,48,201,5474,199,199,1352,7164,98548
trees_200.newick,29,49,201,5561,199,199,1370,7190,76892
trees_200.newick,30,31,201,5715,199,199,1373,7171,98372
trees_200.newick,30,32,201,5544,199,199,1353,8223,106581
trees_200.newick,30,33,201,5670,199,199,1360,7241,75931
trees_200.newick,30,34,201,5712,199,199,1450,7334,76853
trees_200.newick,30,35,201,5585,199,199,1451,7379,83377
trees_200.newick,30,36,201,5497,199,199,1339,7374,119289
trees_200.newick,30,37,201,5669,199,199,1363,7075,93729
trees_200.newick,30,38,201,5559,199,199,1350,7200,75201
trees_200.newick,30,39,201,5690,199,199,1369,7850,89986
trees_200.newick,30,40,201,5514,199,199,1362,7328,105789
trees_200.newick,30,41,201,5676,199,199,1383,7268,84607
trees_200.newick,30,42,201,5630,199,199,1358,7259,88513
trees_200.newick,30,43,201,5660,199,199,1349,7839,95927
trees_200.newick,30,44,201,5549,199,199,1326,7280,93399
trees_200.newick,30,45,201,5696,199,199,1356,8452,99025
trees_200.newick,30,46,201,5658,199,199,1367,7482,78292
trees_200.newick,30,47,201,5520,199,199,1346,8437,101939
trees_200.newick,30,48,201,5586,199,199,1353,7453,117654
trees_200.newick,30,49,201,5638,199,199,1374,7211,82178
trees_200.newick,31,32,201,5765,199,199,1379,7404,82408
trees_200.newick,31,33,201,5662,199,199,1353,7308,85828
trees_200.newick,31,34,201,5607,199,199,1369,7371,104406
trees_200.newick,31,35,201,5717,199,199,1356,7407,89496
trees_200.newick,31,36,201,5566,199,199,1352,7647,81114
trees_200.newick,31,37,201,5772,199,199,1404,7372,77301
trees_200.newick,31,38,201,5810,199,199,1383,7316,93902
trees_200.newick,31,39,201,5792,199,199,1369,7263,103970
trees_200.newick,31,40,201,5805,199,199,1388,7390,77724
trees_200.newick,31,41,201,5712,199,199,1373,7341,75016
trees_200.newick,31,42,201,5806,199,199,1384,7366,82525
trees_200.newick,31,43,201,5548,199,199,1369,7869,118225
trees_200.newick,31,44,201,5706,199,199,1366,7644,77361
trees_200.newick,31,45,201,5819,199,199,1372,7215,76523
trees_200.newick,31,46,201,5689,199,199,1361,7304,95315
trees_200.newick,31,47,201,5841,199,199,1381,7292,105100
trees_200.newick,31,48,201,5797,199,199,1377,7294,81759
trees_200.newick,31,49,201,5751,199,199,1391,7103,74153
trees_200.newick,32,33,201,5511,199,199,1357,7221,100576
trees_200.newick,32,34,201,5640,199,199,1358,7384,109680
trees_200.newick,32,35,201,5771,199,199,1362,7366,84034
trees_200.newick,32,36,201,5517,199,199,1344,7341,76552
trees_200.newick,32,37,201,5789,199,199,1382,7626,84217
trees_200.newick,32,38,201,5589,199,199,1372,7253,119008
trees_200.newick,32,39,201,5668,199,199,1366,7316,92248
trees_200.newick,32,40,201,5624,199,199,1411,7395,82809
trees_200.newick,32,41,201,5516,199,199,1423,7420,102509
trees_200.newick,32,42,201,5592,199,199,1944,7223,126969
trees_200.newick,32,43,201,5630,199,199,1378,7287,102186
trees_200.newick,32,44,201,5581,199,199,1352,7245,76114
trees_200.newick,32,45,201,5683,199,199,1395,7175,80740
trees_200.newick,32,46,201,5796,199,199,1567,7337,93454
trees_200.newick,32,47,201,5692,199,199,1408,7244,92887
trees_200.newick,32,48,201,5493,199,199,1387,7672,82556
trees_200.newick,32,49,201,5532,199,199,1413,7084,107415
trees_200.newick,33,34,201,5622,199,199,1417,7414,91061
trees_200.newick,33,35,201,5645,199,199,1472,7304,108153
trees_200.newick,33,36,201,5627,199,199,1403,8199,73921
trees_200.newick,33,37,201,5627,199,199,1423,7185,80369
trees_200.newick,33,38,201,5688,199,199,1420,7265,92718
trees_200.newick,33,39,201,5718,199,199,1432,7250,96839
trees_200.newick,33,40,201,5548,199,199,1422,8147,95942
trees_200.newick,33,41,201,5424,199,199,1580,7291,77213
trees_200.newick,33,42,201,5597,199,199,1497,7276,183185
trees_200.newick,33,43,201,5697,199,199,1404,7119,178225
trees_200.newick,33,44,201,5566,199,199,1378,7184,91428
trees_200.newick,33,45,201,5605,199,199,1737,7228,134321
trees_200.newick,33,46,201,5583,199,199,1388,7357,112049
trees_200.newick,33,47,201,5756,199,199,1426,7333,80751
trees_200.newick,33,48,201,5665,199,199,1371,7167,94644
trees_200.newick,33,49,201,5515,199,199,1477,7223,99304
trees_200.newick,34,35,201,5620,199,199,2004,7417,97784
trees_200.newick,34,36,201,5504,199,199,1789,7794,77788
trees_200.newick,34,37,201,5607,199,199,1557,7168,80546
trees_200.newick,34,38,201,5697,199,199,1405,7272,130017
trees_200.newick,34,39,201,5609,199,199,1395,7153,108288
trees_200.newick,34,40,201,5685,199,199,1380,7239,73452
trees_200.newick,34,41,201,5675,199,199,1413,7307,77525
trees_200.newick,34,42,201,5769,199,199,1403,7343,91307
trees_200.newick,34,43,201,5623,199,199,1515,7695,97668
trees_200.newick,34,44,201,5597,199,199,1357,7232,81458
trees_200.newick,34,45,201,5647,199,199,1383,7172,86796
trees_200.newick,34,46,201,5651,199,199,1383,7215,116375
trees_200.newick,34,47,201,5747,199,199,1391,7313,121156
trees_200.newick,34,48,201,5568,199,199,1378,7247,79459
trees_200.newick,34,49,201,5336,199,199,1721,7115,78223
trees_200.newick,35,36,201,5607,199,199,1374,7441,98952
trees_200.newick,35,37,201,5619,199,199,1376,7154,95532
trees_200.newick,35,38,201,5490,199,199,2154,7219,95112
trees_200.newick,35,39,201,5533,199,199,1567,7300,71098
trees_200.newick,35,40,201,5690,199,199,1401,7741,86608
trees_200.newick,35,41,201,5496,199,199,1408,7307,112756
trees_200.newick,35,42,201,5722,199,199,1641,7365,77871
trees_200.newick,35,43,201,5639,199,199,1372,7291,80069
trees_200.newick,35,44,201,5639,199,199,1496,7184,99820
trees_200.newick,35,45,201,5546,199,199,1343,7214,118011
trees_200.newick,35,46,201,5579,199,199,1352,7263,93216
trees_200.newick,35,47,201,5697,199,199,1369,7445,89329
trees_200.newick,35,48,201,5658,199,199,1364,7657,83568
trees_200.newick,35,49,201,5667,199,199,1379,7355,90533
trees_200.newick,36,37,201,5640,199,199,1374,7266,95445
trees_200.newick,36,38,201,5578,199,199,1357,7931,87646
trees_200.newick,36,39,201,5535,199,199,1344,7186,84775
trees_200.newick,36,40,201,5650,199,199,1360,7335,113696
trees_200.newick,36,41,201,5577,199,199,1373,7178,90178
trees_200.newick,36,42,201,5673,199,199,1359,7308,78499
trees_200.newick,36,43,201,5664,199,199,1352,7145,82423
trees_200.newick,36,44,201,5564,199,199,1353,7694,91349
trees_200.newick,36,45,201,5673,199,199,1365,7255,89373
trees_200.newick,36,46,201,5722,199,199,1362,7457,77794
trees_200.newick,36,47,201,5593,199,199,1341,7648,78098
trees_200.newick,36,48,201,5526,199,199,1348,7151,103684
trees_200.newick,36,49,201,5569,199,199,1371,7379,96345
trees_200.newick,37,38,201,5664,199,199,1386,7218,77622
trees_200.newick,37,39,201,5707,199,199,1397,7359,82024
trees_200.newick,37,40,201,5628,199,199,1372,7242,82562
trees_200.newick,37,41,201,5725,199,199,1375,7833,105944
trees_200.newick,37,42,201,5730,199,199,1372,7396,94526
trees_200.newick,37,43,201,5661,199,199,1376,7814,88378
trees_200.newick,37,44,201,5645,199,199,1363,7396,89001
trees_200.newick,37,45,201,5674,199,199,1378,7183,112204
trees_200.newick,37,46,201,5807,199,199,1400,8233,103304
trees_200.newick,37,47,201,5717,199,199,1374,7411,96665
trees_200.newick,37,48,201,5643,199,199,1367,7642,113440
trees_200.newick,37,49,201,5669,199,199,1391,7193,134150
trees_200.newick,38,39,201,5532,199,199,1356,7260,99031
trees_200.newick,38,40,201,5638,199,199,1371,7216,84113
trees_200.newick,38,41,201,5760,199,199,1384,7230,88631
trees_200.newick,38,42,201,5678,199,199,1397,7343,92792
trees_200.newick,38,43,201,5731,199,199,1367,7257,83313
trees_200.newick,38,44,201,5659,199,199,1360,7269,87670
trees_200.newick,38,45,201,5438,199,199,1345,7120,107746
trees_200.newick,38,46,201,5670,199,199,1371,7245,106251
trees_200.newick,38,47,201,5810,199,199,1381,7326,83710
trees_200.newick,38,48,201,5613,199,199,1354,7556,73052
trees_200.newick,38,49,201,5767,199,199,1814,7176,80138
trees_200.newick,39,40,201,5439,199,199,1347,7231,112904
trees_200.newick,39,41,201,5621,199,199,1369,7274,83832
trees_200.newick,39,42,201,5697,199,199,1374,7622,71248
trees_200.newick,39,43,201,5709,199,199,1364,7222,87438
trees_200.newick,39,44,201,5530,199,199,1352,7379,80275
trees_200.newick,39,45,201,5699,199,199,1363,7301,103090
trees_200.newick,39,46,201,5645,199,199,1367,8045,88117
trees_200.newick,39,47,201,5691,199,199,1366,7323,82167
trees_200.newick,39,48,201,5602,199,199,1359,7501,89391
trees_200.newick,39,49,201,5704,199,199,1385,7374,87843
trees_200.newick,40,41,201,5626,199,199,1364,7365,83148
trees_200.newick,40,42,201,5705,199,199,1376,7398,100095
trees_200.newick,40,43,201,5551,199,199,1441,7197,87661
trees_200.newick,40,44,201,5652,199,199,1375,8167,112986
trees_200.newick,40,45,201,5606,199,199,1367,7095,83895
trees_200.newick,40,46,201,5747,199,199,1377,7228,75833
trees_200.newick,40,47,201,5627,199,199,1360,7326,86759
trees_200.newick,40,48,201,5714,199,199,1363,7277,98383
trees_200.newick,40,49,201,5634,199,199,1395,7079,111274
trees_200.newick,41,42,201,5804,199,199,1566,7505,79553
trees_200.newick,41,43,201,5561,199,199,1369,7188,78414
trees_200.newick,41,44,201,5585,199,199,1360,7272,94420
trees_200.newick,41,45,201,5750,199,199,1380,7385,91934
trees_200.newick,41,46,201,5742,199,199,1384,7229,86337
trees_200.newick,41,47,201,5602,199,199,1376,8121,77391
trees_200.newick,41,48,201,5684,199,199,1359,7303,88814
trees_200.newick,41,49,201,5635,199,199,1634,7344,101307
trees_200.newick,42,43,201,5609,199,199,1363,7285,93656
trees_200.newick,42,44,201,5641,199,199,1354,7637,74300
trees_200.newick,42,45,201,5687,199,199,1369,7124,88695
trees_200.newick,42,46,201,5793,199,199,1372,7642,114691
trees_200.newick,42,47,201,5897,199,199,1380,7596,77425
trees_200.newick,42,48,201,5694,199,199,1371,7117,89930
trees_200.newick,42,49,201,5602,199,199,1376,7123,84251
trees_200.newick,43,44,201,5549,199,199,1339,7185,96175
trees_200.newick,43,45,201,5687,199,199,1397,7560,84470
trees_200.newick,43,46,201,5691,199,199,1376,7304,84868
trees_200.newick,43,47,201,5618,199,199,1362,7351,92378
trees_200.newick,43,48,201,5532,199,199,1340,7238,87427
trees_200.newick,43,49,201,5530,199,199,1360,7792,93569
trees_200.newick,44,45,201,5591,199,199,1349,7102,77297
trees_200.newick,44,46,201,5820,199,199,1373,7310,76660
trees_200.newick,44,47,201,5597,199,199,1372,7486,97128
trees_200.newick,44,48,201,5555,199,199,1341,7128,107183
trees_200.newick,44,49,201,5554,199,199,1367,7122,76790
trees_200.newick,45,46,201,5638,199,199,1363,8253,88580
trees_200.newick,45,47,201,5709,199,199,1362,7297,86793
trees_200.newick,45,48,201,5681,199,199,1364,7215,100055
trees_200.newick,45,49,201,5528,199,199,1370,7115,90500
trees_200.newick,46,47,201,5865,199,199,1389,7325,74788
trees_200.newick,46,48,201,5709,199,199,1374,7222,81276
trees_200.newick,46,49,201,5814,199,199,1394,7274,111907
trees_200.newick,47,48,201,5567,199,199,1344,7258,96762
trees_200.newick,47,49,201,5689,199,199,1375,7086,77056
trees_200.newick,48,49,201,5608,199,199,1382,7146,85630
trees_20.newick,0,1,21,165,19,19,110,87,5223
trees_20.newick,0,2,21,143,19,19,79,82,5145
trees_20.newick,0,3,21,157,19,19,81,79,4637
trees_20.newick,0,4,21,154,19,19,79,83,4225
trees_20.newick,0,5,21,151,19,19,80,83,5824
trees_20.newick,0,6,21,177,19,19,80,83,4692
trees_20.newick,0,7,21,143,19,19,79,79,5548
trees_20.newick,0,8,21,165,19,19,82,83,4798
trees_20.newick,0,9,21,147,19,19,78,81,4130
trees_20.newick,0,10,21,158,19,19,79,84,4411
trees_20.newick,0,11,21,178,19,19,86,84,4216
trees_20.newick,0,12,21,137,19,19,80,78,4117
trees_20.newick,0,13,21,151,19,19,78,80,6716
trees_20.newick,0,14,21,157,19,19,78,82,5406
trees_20.newick,0,15,21,102,19,19,75,78,5129
trees_20.newick,0,16,21,167,19,19,80,83,4218
trees_20.newick,0,17,21,171,19,19,81,84,4266
trees_20.newick,0,18,21,106,19,19,75,76,4847
trees_20.newick,0,19,21,155,19,19,79,80,4935
trees_20.newick,0,20,21,196,19,19,85,82,4503
trees_20.newick,0,21,21,169,19,19,82,87,4207
trees_20.newick,0,22,21,145,19,19,78,82,4184
trees_20.newick,0,23,21,136,19,19,79,79,4640
trees_20.newick,0,24,21,158,19,19,80,81,4498
trees_20.newick,0,25,21,154,19,19,78,79,5480
trees_20.newick,0,26,21,176,19,19,82,85,4724
trees_20.newick,0,27,21,136,19,19,78,79,4152
trees_20.newick,0,28,21,183,19,19,87,83,4449
trees_20.newick,0,29,21,181,19,19,82,84,4239
trees_20.newick,0,30,21,167,19,19,81,83,6199
trees_20.newick,0,31,21,167,19,19,81,84,4794
trees_20.newick,0,32,21,165,19,19,79,84,4358
trees_20.newick,0,33,21,135,19,19,75,79,4487
trees_20.newick,0,34,21,190,19,19,87,87,4330
trees_20.newick,0,35,21,157,19,19,78,80,4295
trees_20.newick,0,36,21,169,19,19,80,82,4837
trees_20.newick,0,37,21,156,19,19,79,80,4558
trees_20.newick,0,38,21,151,19,19,79,78,4413
trees_20.newick,0,39,21,128,19,19,76,82,4472
trees_20.newick,0,40,21,167,19,19,80,82,4261
trees_20.newick,0,41,21,172,19,19,80,84,4346
trees_20.newick,0,42,21,179,19,19,81,86,5187
trees_20.newick,0,43,21,148,19,19,78,80,4921
trees_20.newick,0,44,21,166,19,19,80,80,4192
trees_20.newick,0,45,21,177,19,19,83,86,4061
trees_20.newick,0,46,21,150,19,19,78,80,4705
trees_20.newick,0,47,21,160,19,19,77,79,4874
trees_20.newick,0,48,21,154,19,19,77,81,4949
trees_20.newick,0,49,21,156,19,19,79,80,4450
trees_20.newick,1,2,21,171,19,19,83,92,4179
trees_20.newick,1,3,21,158,19,19,81,79,4571
trees_20.newick,1,4,21,147,19,19,78,81,4249
trees_20.newick,1,5,21,149,19,19,79,81,6450
trees_20.newick,1,6,21,161,19,19,79,83,4908
trees_20.newick,1,7,21,158,19,19,80,81,4941
trees_20.newick,1,8,21,170,19,19,81,84,4117
trees_20.newick,1,9,21,155,19,19,79,78,4122
trees_20.newick,1,10,21,160,19,19,79,78,4574
trees_20.newick,1,11,21,162,19,19,79,81,5960
trees_20.newick,1,12,21,168,19,19,82,81,4920
trees_20.newick,1,13,21,171,19,19,86,91,4510
trees_20.newick,1,14,21,179,19,19,81,82,4234
trees_20.newick,1,15,21,144,19,19,78,79,5190
trees_20.newick,1,16,21,122,19,19,76,76,5017
trees_20.newick,1,17,21,105,19,19,74,73,7500
trees_20.newick,1,18,21,127,19,19,74,77,5649
trees_20.newick,1,19,21,167,19,19,80,79,4359
trees_20.newick,1,20,21,163,19,19,81,81,4202
trees_20.newick,1,21,21,127,19,19,76,76,15272
trees_20.newick,1,22,21,170,19,19,80,85,4347
trees_20.newick,1,23,21,150,19,19,78,80,5181
trees_20.newick,1,24,21,94,19,19,73,78,5013
trees_20.newick,1,25,21,151,19,19,77,78,4618
trees_20.newick,1,26,21,123,19,19,75,78,4502
trees_20.newick,1,27,21,130,19,19,75,79,4288
trees_20.newick,1,28,21,138,19,19,75,82,4735
trees_20.newick,1,29,21,150,19,19,77,81,5454
trees_20.newick,1,30,21,160,19,19,79,84,4721
trees_20.newick,1,31,21,168,19,19,81,84,4361
trees_20.newick,1,32,21,157,19,19,78,86,4207
trees_20.newick,1,33,21,153,19,19,76,79,4934
trees_20.newick,1,34,21,159,19,19,82,86,4807
trees_20.newick,1,35,21,159,19,19,91,89,4980
trees_20.newick,1,36,21,139,19,19,78,77,5073
trees_20.newick,1,37,21,128,19,19,78,78,5045
trees_20.newick,1,38,21,140,19,19,76,78,4042
trees_20.newick,1,39,21,137,19,19,76,79,4639
trees_20.newick,1,40,21,128,19,19,122,80,4908
trees_20.newick,1,41,21,136,19,19,80,80,5447
trees_20.newick,1,42,21,155,19,19,77,82,4476
trees_20.newick,1,43,21,113,19,19,73,82,5358
trees_20.newick,1,44,21,157,19,19,80,87,5468
trees_20.newick,1,45,21,151,19,19,80,88,4520
trees_20.newick,1,46,21,163,19,19,79,84,5311
trees_20.newick,1,47,21,162,19,19,84,78,4681
trees_20.newick,1,48,21,140,19,19,77,78,4797
trees_20.newick,1,49,21,160,19,19,78,83,4689
trees_20.newick,2,3,21,147,19,19,78,80,4503
trees_20.newick,2,4,21,167,19,19,84,82,4207
trees_20.newick,2,5,21,147,19,19,79,80,5478
trees_20.newick,2,6,21,170,19,19,79,87,4758
trees_20.newick,2,7,21,140,19,19,77,77,4814
trees_20.newick,2,8,21,162,19,19,80,85,4180
trees_20.newick,2,9,21,140,19,19,76,77,4446
trees_20.newick,2,10,21,161,19,19,77,78,4630
trees_20.newick,2,11,21,147,19,19,76,79,5634
trees_20.newick,2,12,21,146,19,19,80,80,5193
trees_20.newick,2,13,21,161,19,19,78,87,4305
trees_20.newick,2,14,21,174,19,19,79,85,4211
trees_20.newick,2,15,21,160,19,19,80,82,4260
trees_20.newick,2,16,21,132,19,19,76,81,4849
trees_20.newick,2,17,21,151,19,19,77,78,5147
trees_20.newick,2,18,21,103,19,19,73,75,5250
trees_20.newick,2,19,21,158,19,19,77,82,4895
trees_20.newick,2,20,21,137,19,19,78,82,4667
trees_20.newick,2,21,21,173,19,19,86,81,4268
trees_20.newick,2,22,21,152,19,19,78,79,7091
trees_20.newick,2,23,21,154,19,19,79,80,5385
trees_20.newick,2,24,21,136,19,19,76,80,5434
trees_20.newick,2,25,21,164,19,19,78,82,4285
trees_20.newick,2,26,21,144,19,19,77,110,4378
trees_20.newick,2,27,21,175,19,19,79,156,4301
trees_20.newick,2,28,21,158,19,19,77,96,6660
trees_20.newick,2,29,21,166,19,19,78,98,5038
trees_20.newick,2,30,21,123,19,19,75,92,4311
trees_20.newick,2,31,21,152,19,19,77,82,4749
trees_20.newick,2,32,21,138,19,19,74,81,4811
trees_20.newick,2,33,21,121,19,19,73,76,5212
trees_20.newick,2,34,21,147,19,19,82,80,7210
trees_20.newick,2,35,21,137,19,19,76,80,5319
trees_20.newick,2,36,21,165,19,19,78,81,4337
trees_20.newick,2,37,21,137,19,19,77,82,4068
trees_20.newick,2,38,21,167,19,19,84,81,4403
trees_20.newick,2,39,21,140,19,19,75,78,4555
trees_20.newick,2,40,21,169,19,19,78,86,5157
trees_20.newick,2,41,21,158,19,19,78,85,4793
trees_20.newick,2,42,21,157,19,19,77,83,4177
trees_20.newick,2,43,21,155,19,19,77,81,4115
trees_20.newick,2,44,21,153,19,19,77,81,4244
trees_20.newick,2,45,21,159,19,19,79,91,6497
trees_20.newick,2,46,21,158,19,19,77,88,4903
trees_20.newick,2,47,21,150,19,19,76,88,4402
trees_20.newick,2,48,21,134,19,19,75,84,4806
trees_20.newick,2,49,21,153,19,19,77,84,4575
trees_20.newick,3,4,21,140,19,19,78,90,4236
trees_20.newick,3,5,21,158,19,19,85,81,7573
trees_20.newick,3,6,21,172,19,19,79,82,4952
trees_20.newick,3,7,21,168,19,19,80,81,4447
trees_20.newick,3,8,21,141,19,19,76,80,4092
trees_20.newick,3,9,21,154,19,19,83,77,4531
trees_20.newick,3,10,21,164,19,19,78,79,4384
trees_20.newick,3,11,21,128,19,19,75,78,5417
trees_20.newick,3,12,21,147,19,19,82,80,4676
trees_20.newick,3,13,21,125,19,19,75,79,14968
trees_20.newick,3,14,21,148,19,19,77,77,4193
trees_20.newick,3,15,21,132,19,19,75,77,4704
trees_20.newick,3,16,21,160,19,19,78,84,4339
trees_20.newick,3,17,21,151,19,19,76,78,6237
trees_20.newick,3,18,21,134,19,19,75,76,5440
trees_20.newick,3,19,21,154,19,19,77,82,4640
trees_20.newick,3,20,21,163,19,19,80,83,4298
trees_20.newick,3,21,21,150,19,19,79,78,4680
trees_20.newick,3,22,21,170,19,19,86,81,4718
trees_20.newick,3,23,21,167,19,19,80,83,5503
trees_20.newick,3,24,21,165,19,19,80,81,4567
trees_20.newick,3,25,21,166,19,19,77,80,4308
trees_20.newick,3,26,21,166,19,19,100,91,4212
trees_20.newick,3,27,21,151,19,19,78,81,4708
trees_20.newick,3,28,21,140,19,19,75,81,7123
trees_20.newick,3,29,21,147,19,19,76,80,4791
trees_20.newick,3,30,21,147,19,19,77,84,4831
trees_20.newick,3,31,21,174,19,19,80,86,4345
trees_20.newick,3,32,21,174,19,19,79,86,4520
trees_20.newick,3,33,21,150,19,19,77,79,4369
trees_20.newick,3,34,21,165,19,19,79,83,6748
trees_20.newick,3,35,21,136,19,19,76,79,5020
trees_20.newick,3,36,21,153,19,19,79,78,4549
trees_20.newick,3,37,21,167,19,19,80,86,4297
trees_20.newick,3,38,21,169,19,19,80,82,4447
trees_20.newick,3,39,21,149,19,19,76,81,4464
trees_20.newick,3,40,21,159,19,19,77,82,5232
trees_20.newick,3,41,21,148,19,19,77,79,4670
trees_20.newick,3,42,21,131,19,19,74,80,4995
trees_20.newick,3,43,21,141,19,19,80,79,4610
trees_20.newick,3,44,21,152,19,19,77,80,4601
trees_20.newick,3,45,21,149,19,19,78,81,5332
trees_20.newick,3,46,21,157,19,19,77,86,5325
trees_20.newick,3,47,21,116,19,19,73,77,5615
trees_20.newick,3,48,21,157,19,19,77,87,4337
trees_20.newick,3,49,21,154,19,19,77,79,4173
trees_20.newick,4,5,21,170,19,19,81,80,4341
trees_20.newick,4,6,21,172,19,19,81,85,6786
trees_20.newick,4,7,21,132,19,19,77,77,4854
trees_20.newick,4,8,21,179,19,19,82,83,4512
trees_20.newick,4,9,21,145,19,19,77,77,4255
trees_20.newick,4,10,21,140,19,19,76,80,4339
trees_20.newick,4,11,21,131,19,19,76,76,5298
trees_20.newick,4,12,21,155,19,19,80,82,6791
trees_20.newick,4,13,21,159,19,19,79,88,4712
trees_20.newick,4,14,21,149,19,19,77,90,4715
trees_20.newick,4,15,21,155,19,19,82,88,4616
trees_20.newick,4,16,21,146,19,19,77,81,6678
trees_20.newick,4,17,21,143,19,19,75,78,7292
trees_20.newick,4,18,21,136,19,19,76,79,7317
trees_20.newick,4,19,21,142,19,19,76,76,4739
trees_20.newick,4,20,21,176,19,19,81,86,4705
trees_20.newick,4,21,21,144,19,19,78,81,5137
trees_20.newick,4,22,21,158,19,19,80,81,6384
trees_20.newick,4,23,21,143,19,19,79,82,7281
trees_20.newick,4,24,21,148,19,19,78,81,4668
trees_20.newick,4,25,21,133,19,19,74,89,5002
trees_20.newick,4,26,21,150,19,19,77,80,4264
trees_20.newick,4,27,21,156,19,19,77,79,4709
trees_20.newick,4,28,21,146,19,19,75,80,5025
trees_20.newick,4,29,21,141,19,19,76,80,4667
trees_20.newick,4,30,21,151,19,19,151,83,4503
trees_20.newick,4,31,21,122,19,19,81,77,4904
trees_20.newick,4,32,21,176,19,19,82,83,4415
trees_20.newick,4,33,21,147,19,19,78,80,4297
trees_20.newick,4,34,21,143,19,19,78,82,4481
trees_20.newick,4,35,21,149,19,19,78,77,4410
trees_20.newick,4,36,21,154,19,19,83,83,5525
trees_20.newick,4,37,21,144,19,19,78,78,5203
trees_20.newick,4,38,21,164,19,19,79,81,5259
trees_20.newick,4,39,21,141,19,19,76,77,5333
trees_20.newick,4,40,21,132,19,19,75,80,4604
trees_20.newick,4,41,21,163,19,19,79,84,5818
trees_20.newick,4,42,21,168,19,19,78,83,4639
trees_20.newick,4,43,21,164,19,19,77,81,4364
trees_20.newick,4,44,21,154,19,19,77,80,4617
trees_20.newick,4,45,21,163,19,19,80,86,4737
trees_20.newick,4,46,21,147,19,19,76,81,6824
trees_20.newick,4,47,21,151,19,19,76,83,4822
trees_20.newick,4,48,21,159,19,19,77,77,4515
trees_20.newick,4,49,21,137,19,19,74,77,4299
trees_20.newick,5,6,21,138,19,19,80,81,4853
trees_20.newick,5,7,21,138,19,19,78,78,5079
trees_20.newick,5,8,21,178,19,19,82,83,5471
trees_20.newick,5,9,21,164,19,19,82,79,4800
trees_20.newick,5,10,21,161,19,19,77,82,4927
trees_20.newick,5,11,21,148,19,19,76,78,4589
trees_20.newick,5,12,21,170,19,19,81,81,4524
trees_20.newick,5,13,21,168,19,19,79,86,7740
trees_20.newick,5,14,21,154,19,19,76,79,4927
trees_20.newick,5,15,21,165,19,19,77,81,4637
trees_20.newick,5,16,21,145,19,19,76,81,4296
trees_20.newick,5,17,21,138,19,19,74,78,4891
trees_20.newick,5,18,21,171,19,19,78,84,4774
trees_20.newick,5,19,21,179,19,19,80,80,5240
trees_20.newick,5,20,21,149,19,19,77,80,5011
trees_20.newick,5,21,21,134,19,19,76,78,4576
trees_20.newick,5,22,21,148,19,19,77,77,5182
trees_20.newick,5,23,21,180,19,19,82,84,4405
trees_20.newick,5,24,21,171,19,19,79,81,7393
trees_20.newick,5,25,21,170,19,19,76,81,4914
trees_20.newick,5,26,21,171,19,19,84,84,4820
trees_20.newick,5,27,21,135,19,19,76,78,4880
trees_20.newick,5,28,21,157,19,19,77,80,5275
trees_20.newick,5,29,21,150,19,19,75,83,5175
trees_20.newick,5,30,21,136,19,19,76,83,4980
trees_20.newick,5,31,21,145,19,19,77,80,4807
trees_20.newick,5,32,21,159,19,19,77,82,4494
trees_20.newick,5,33,21,148,19,19,74,78,4378
trees_20.newick,5,34,21,129,19,19,75,81,4361
trees_20.newick,5,35,21,141,19,19,75,80,4486
trees_20.newick,5,36,21,153,19,19,76,79,5771
trees_20.newick,5,37,21,160,19,19,79,82,4590
trees_20.newick,5,38,21,144,19,19,76,78,4939
trees_20.newick,5,39,21,143,19,19,74,76,5003
trees_20.newick,5,40,21,160,19,19,76,83,4503
trees_20.newick,5,41,21,145,19,19,76,78,6514
trees_20.newick,5,42,21,175,19,19,79,81,5167
trees_20.newick,5,43,21,160,19,19,80,81,4605
trees_20.newick,5,44,21,168,19,19,77,79,4495
trees_20.newick,5,45,21,157,19,19,82,79,4780
trees_20.newick,5,46,21,161,19,19,79,88,4751
trees_20.newick,5,47,21,177,19,19,77,79,5708
trees_20.newick,5,48,21,162,19,19,77,77,4767
trees_20.newick,5,49,21,155,19,19,76,76,4478
trees_20.newick,6,7,21,137,19,19,79,77,5572
trees_20.newick,6,8,21,170,19,19,81,86,4519
trees_20.newick,6,9,21,160,19,19,79,79,5299
trees_20.newick,6,10,21,135,19,19,74,76,5824
trees_20.newick,6,11,21,171,19,19,79,79,4861
trees_20.newick,6,12,21,171,19,19,83,82,4685
trees_20.newick,6,13,21,157,19,19,79,82,5614
trees_20.newick,6,14,21,186,19,19,81,85,4396
trees_20.newick,6,15,21,167,19,19,78,80,6791
trees_20.newick,6,16,21,156,19,19,76,78,5090
trees_20.newick,6,17,21,172,19,19,82,81,4718
trees_20.newick,6,18,21,157,19,19,77,78,4452
trees_20.newick,6,19,21,169,19,19,79,79,4519
trees_20.newick,6,20,21,119,19,19,75,81,5083
trees_20.newick,6,21,21,170,19,19,81,80,5339
trees_20.newick,6,22,21,170,19,19,79,80,5074
trees_20.newick,6,23,21,187,19,19,83,86,4697
trees_20.newick,6,24,21,157,19,19,77,78,4799
trees_20.newick,6,25,21,174,19,19,78,88,4569
trees_20.newick,6,26,21,153,19,19,77,79,9476
trees_20.newick,6,27,21,157,19,19,78,81,11314
trees_20.newick,6,28,21,151,19,19,77,82,9836
trees_20.newick,6,29,21,159,19,19,78,81,6086
trees_20.newick,6,30,21,174,19,19,79,88,5378
trees_20.newick,6,31,21,154,19,19,77,80,4897
trees_20.newick,6,32,21,138,19,19,76,83,4881
trees_20.newick,6,33,21,173,19,19,78,82,4302
trees_20.newick,6,34,21,181,19,19,81,88,4700
trees_20.newick,6,35,21,152,19,19,81,79,5838
trees_20.newick,6,36,21,159,19,19,78,83,5039
trees_20.newick,6,37,21,152,19,19,79,80,4482
trees_20.newick,6,38,21,132,19,19,76,77,4270
trees_20.newick,6,39,21,150,19,19,76,75,5201
trees_20.newick,6,40,21,179,19,19,79,81,4527
trees_20.newick,6,41,21,178,19,19,80,84,7403
trees_20.newick,6,42,21,180,19,19,80,82,4921
trees_20.newick,6,43,21,112,19,19,74,74,4970
trees_20.newick,6,44,21,165,19,19,78,81,4315
trees_20.newick,6,45,21,186,19,19,84,86,4532
trees_20.newick,6,46,21,153,19,19,77,81,5314
trees_20.newick,6,47,21,169,19,19,78,86,5047
trees_20.newick,6,48,21,171,19,19,79,81,5369
trees_20.newick,6,49,21,162,19,19,78,76,4380
trees_20.newick,7,8,21,164,19,19,87,81,5217
trees_20.newick,7,9,21,154,19,19,79,78,5263
trees_20.newick,7,10,21,126,19,19,81,77,8524
trees_20.newick,7,11,21,179,19,19,82,81,5663
trees_20.newick,7,12,21,145,19,19,80,77,4582
trees_20.newick,7,13,21,160,19,19,78,81,4528
trees_20.newick,7,14,21,133,19,19,77,78,4626
trees_20.newick,7,15,21,139,19,19,77,81,5214
trees_20.newick,7,16,21,167,19,19,79,87,5132
trees_20.newick,7,17,21,154,19,19,77,78,4581
trees_20.newick,7,18,21,158,19,19,77,79,5019
trees_20.newick,7,19,21,181,19,19,80,83,4293
trees_20.newick,7,20,21,161,19,19,80,79,4934
trees_20.newick,7,21,21,166,19,19,81,80,6015
trees_20.newick,7,22,21,154,19,19,78,77,5365
trees_20.newick,7,23,21,146,19,19,79,80,4604
trees_20.newick,7,24,21,122,19,19,76,77,4965
trees_20.newick,7,25,21,145,19,19,79,77,4540
trees_20.newick,7,26,21,163,19,19,79,80,5106
trees_20.newick,7,27,21,145,19,19,82,79,5342
trees_20.newick,7,28,21,148,19,19,77,81,5061
trees_20.newick,7,29,21,166,19,19,79,84,4760
trees_20.newick,7,30,21,135,19,19,76,81,4564
trees_20.newick,7,31,21,139,19,19,77,79,4368
trees_20.newick,7,32,21,143,19,19,76,81,5782
trees_20.newick,7,33,21,137,19,19,80,78,5436
trees_20.newick,7,34,21,153,19,19,81,82,4719
trees_20.newick,7,35,21,166,19,19,78,79,4435
trees_20.newick,7,36,21,155,19,19,77,78,4646
trees_20.newick,7,37,21,170,19,19,80,80,4573
trees_20.newick,7,38,21,143,19,19,77,77,6450
trees_20.newick,7,39,21,122,19,19,74,74,5484
trees_20.newick,7,40,21,167,19,19,78,80,4796
trees_20.newick,7,41,21,157,19,19,79,81,4308
trees_20.newick,7,42,21,164,19,19,83,83,4428
trees_20.newick,7,43,21,150,19,19,77,77,5331
trees_20.newick,7,44,21,162,19,19,78,83,5429
trees_20.newick,7,45,21,167,19,19,81,82,4900
trees_20.newick,7,46,21,141,19,19,77,80,4909
trees_20.newick,7,47,21,162,19,19,77,81,4712
trees_20.newick,7,48,21,136,19,19,76,78,4929
trees_20.newick,7,49,21,143,19,19,75,75,4555
trees_20.newick,8,9,21,143,19,19,79,76,5518
trees_20.newick,8,10,21,164,19,19,80,80,5222
trees_20.newick,8,11,21,162,19,19,79,80,4539
trees_20.newick,8,12,21,164,19,19,84,80,4675
trees_20.newick,8,13,21,164,19,19,82,83,4650
trees_20.newick,8,14,21,157,19,19,80,85,6311
trees_20.newick,8,15,21,158,19,19,80,80,5623
trees_20.newick,8,16,21,140,19,19,78,82,4769
trees_20.newick,8,17,21,164,19,19,78,80,4466
trees_20.newick,8,18,21,167,19,19,79,81,4514
trees_20.newick,8,19,21,161,19,19,85,84,4678
trees_20.newick,8,20,21,163,19,19,81,84,5178
trees_20.newick,8,21,21,154,19,19,80,78,4813
trees_20.newick,8,22,21,159,19,19,80,82,4481
trees_20.newick,8,23,21,151,19,19,80,80,4465
trees_20.newick,8,24,21,152,19,19,79,81,4736
trees_20.newick,8,25,21,163,19,19,78,82,4700
trees_20.newick,8,26,21,166,19,19,79,80,5712
trees_20.newick,8,27,21,144,19,19,78,103,4710
trees_20.newick,8,28,21,144,19,19,77,77,4379
trees_20.newick,8,29,21,163,19,19,79,82,4608
trees_20.newick,8,30,21,157,19,19,79,83,5116
trees_20.newick,8,31,21,160,19,19,80,86,6528
trees_20.newick,8,32,21,152,19,19,78,81,5358
trees_20.newick,8,33,21,162,19,19,78,79,4622
trees_20.newick,8,34,21,175,19,19,86,82,4391
trees_20.newick,8,35,21,179,19,19,82,83,4489
trees_20.newick,8,36,21,150,19,19,78,81,5598
trees_20.newick,8,37,21,148,19,19,78,82,5437
trees_20.newick,8,38,21,125,19,19,76,75,4560
trees_20.newick,8,39,21,147,19,19,77,77,4900
trees_20.newick,8,40,21,144,19,19,76,80,4358
trees_20.newick,8,41,21,161,19,19,79,82,4545
trees_20.newick,8,42,21,152,19,19,78,86,7040
trees_20.newick,8,43,21,138,19,19,76,80,7274
trees_20.newick,8,44,21,170,19,19,79,83,4779
trees_20.newick,8,45,21,149,19,19,78,80,4566
trees_20.newick,8,46,21,150,19,19,77,79,4718
trees_20.newick,8,47,21,123,19,19,74,78,5779
trees_20.newick,8,48,21,150,19,19,76,80,5927
trees_20.newick,8,49,21,137,19,19,76,76,4627
trees_20.newick,9,10,21,143,19,19,79,78,4472
trees_20.newick,9,11,21,143,19,19,76,78,4247
trees_20.newick,9,12,21,148,19,19,81,77,4961
trees_20.newick,9,13,21,151,19,19,82,85,4742
trees_20.newick,9,14,21,179,19,19,81,81,5539
trees_20.newick,9,15,21,155,19,19,79,79,4744
trees_20.newick,9,16,21,144,19,19,77,79,4477
trees_20.newick,9,17,21,145,19,19,75,78,4510
trees_20.newick,9,18,21,124,19,19,74,78,4389
trees_20.newick,9,19,21,172,19,19,81,80,6595
trees_20.newick,9,20,21,149,19,19,78,81,5167
trees_20.newick,9,21,21,148,19,19,99,78,4537
trees_20.newick,9,22,21,161,19,19,79,80,4853
trees_20.newick,9,23,21,168,19,19,82,81,4861
trees_20.newick,9,24,21,144,19,19,76,78,4439
trees_20.newick,9,25,21,124,19,19,73,76,5241
trees_20.newick,9,26,21,147,19,19,77,81,4907
trees_20.newick,9,27,21,179,19,19,80,82,4417
trees_20.newick,9,28,21,157,19,19,80,81,4356
trees_20.newick,9,29,21,157,19,19,77,84,4460
trees_20.newick,9,30,21,167,19,19,79,82,4732
trees_20.newick,9,31,21,144,19,19,77,80,5073
trees_20.newick,9,32,21,122,19,19,73,78,4611
trees_20.newick,9,33,21,169,19,19,78,82,4478
trees_20.newick,9,34,21,138,19,19,76,80,4318
trees_20.newick,9,35,21,157,19,19,77,79,4460
trees_20.newick,9,36,21,128,19,19,74,80,5548
trees_20.newick,9,37,21,143,19,19,77,79,5262
trees_20.newick,9,38,21,137,19,19,76,78,4743
trees_20.newick,9,39,21,142,19,19,75,76,4457
trees_20.newick,9,40,21,144,19,19,76,81,4514
trees_20.newick,9,41,21,167,19,19,79,82,4434
trees_20.newick,9,42,21,157,19,19,76,82,5872
trees_20.newick,9,43,21,146,19,19,76,78,4948
trees_20.newick,9,44,21,141,19,19,77,75,5032
trees_20.newick,9,45,21,144,19,19,78,78,4838
trees_20.newick,9,46,21,136,19,19,75,81,5188
trees_20.newick,9,47,21,144,19,19,79,80,6289
trees_20.newick,9,48,21,111,19,19,73,71,5358
trees_20.newick,9,49,21,165,19,19,77,77,4708
trees_20.newick,10,11,21,189,19,19,81,84,4519
trees_20.newick,10,12,21,166,19,19,81,80,5224
trees_20.newick,10,13,21,164,19,19,79,81,4511
trees_20.newick,10,14,21,167,19,19,79,79,4782
trees_20.newick,10,15,21,156,19,19,77,83,5107
trees_20.newick,10,16,21,139,19,19,76,80,4790
trees_20.newick,10,17,21,118,19,19,73,73,15157
trees_20.newick,10,18,21,151,19,19,75,79,4610
trees_20.newick,10,19,21,180,19,19,80,87,4626
trees_20.newick,10,20,21,145,19,19,77,78,7397
trees_20.newick,10,21,21,162,19,19,78,78,5078
trees_20.newick,10,22,21,161,19,19,77,77,4392
trees_20.newick,10,23,21,171,19,19,81,84,4350
trees_20.newick,10,24,21,146,19,19,76,76,4816
trees_20.newick,10,25,21,142,19,19,78,77,4979
trees_20.newick,10,26,21,149,19,19,76,81,5215
trees_20.newick,10,27,21,150,19,19,76,77,4625
trees_20.newick,10,28,21,161,19,19,77,79,4386
trees_20.newick,10,29,21,175,19,19,79,82,4350
trees_20.newick,10,30,21,165,19,19,78,83,4376
trees_20.newick,10,31,21,150,19,19,76,80,4702
trees_20.newick,10,32,21,166,19,19,78,85,5183
trees_20.newick,10,33,21,143,19,19,74,77,4587
trees_20.newick,10,34,21,148,19,19,77,82,4613
trees_20.newick,10,35,21,165,19,19,76,79,4501
trees_20.newick,10,36,21,157,19,19,77,83,4592
trees_20.newick,10,37,21,163,19,19,79,82,6397
trees_20.newick,10,38,21,139,19,19,75,111,4841
trees_20.newick,10,39,21,141,19,19,75,78,4362
trees_20.newick,10,40,21,168,19,19,77,80,4296
trees_20.newick,10,41,21,145,19,19,77,77,5426
trees_20.newick,10,42,21,130,19,19,80,78,5419
trees_20.newick,10,43,21,161,19,19,77,80,5496
trees_20.newick,10,44,21,154,19,19,76,78,4733
trees_20.newick,10,45,21,156,19,19,78,81,4355
trees_20.newick,10,46,21,117,19,19,73,74,4860
trees_20.newick,10,47,21,166,19,19,76,84,4580
trees_20.newick,10,48,21,153,19,19,77,79,5843
trees_20.newick,10,49,21,147,19,19,75,76,5186
trees_20.newick,11,12,21,181,19,19,85,82,4504
trees_20.newick,11,13,21,161,19,19,87,96,5049
trees_20.newick,11,14,21,175,19,19,80,156,4251
trees_20.newick,11,15,21,121,19,19,75,84,4267
trees_20.newick,11,16,21,144,19,19,76,88,21606
trees_20.newick,11,17,21,135,19,19,74,83,5634
trees_20.newick,11,18,21,159,19,19,76,81,4417
trees_20.newick,11,19,21,178,19,19,80,84,4326
trees_20.newick,11,20,21,153,19,19,78,79,4784
trees_20.newick,11,21,21,118,19,19,79,76,5087
trees_20.newick,11,22,21,170,19,19,79,79,6879
trees_20.newick,11,23,21,193,19,19,83,85,4957
trees_20.newick,11,24,21,160,19,19,78,77,5155
trees_20.newick,11,25,21,135,19,19,74,80,4201
trees_20.newick,11,26,21,164,19,19,78,81,4442
trees_20.newick,11,27,21,131,19,19,74,77,4758
trees_20.newick,11,28,21,171,19,19,77,78,5177
trees_20.newick,11,29,21,136,19,19,75,77,4541
trees_20.newick,11,30,21,145,19,19,77,79,4251
trees_20.newick,11,31,21,172,19,19,80,84,4508
trees_20.newick,11,32,21,183,19,19,80,85,4391
trees_20.newick,11,33,21,147,19,19,75,77,4470
trees_20.newick,11,34,21,153,19,19,77,82,5241
trees_20.newick,11,35,21,158,19,19,77,77,5024
trees_20.newick,11,36,21,143,19,19,75,75,4550
trees_20.newick,11,37,21,153,19,19,81,81,5263
trees_20.newick,11,38,21,147,19,19,80,77,4109
trees_20.newick,11,39,21,170,19,19,77,79,6722
trees_20.newick,11,40,21,159,19,19,77,80,5011
trees_20.newick,11,41,21,140,19,19,76,79,4956
trees_20.newick,11,42,21,166,19,19,77,82,4416
trees_20.newick,11,43,21,139,19,19,75,77,4249
trees_20.newick,11,44,21,153,19,19,77,79,4343
trees_20.newick,11,45,21,184,19,19,82,85,6872
trees_20.newick,11,46,21,163,19,19,78,81,4868
trees_20.newick,11,47,21,178,19,19,78,80,4328
trees_20.newick,11,48,21,157,19,19,76,82,4368
trees_20.newick,11,49,21,137,19,19,76,76,4260
trees_20.newick,12,13,21,158,19,19,86,80,4657
trees_20.newick,12,14,21,144,19,19,81,84,5599
trees_20.newick,12,15,21,133,19,19,79,78,4550
trees_20.newick,12,16,21,154,19,19,84,80,4354
trees_20.newick,12,17,21,143,19,19,82,77,4170
trees_20.newick,12,18,21,129,19,19,84,79,5097
trees_20.newick,12,19,21,169,19,19,84,80,4627
trees_20.newick,12,20,21,151,19,19,83,81,6377
trees_20.newick,12,21,21,175,19,19,84,82,4601
trees_20.newick,12,22,21,131,19,19,77,76,5117
trees_20.newick,12,23,21,118,19,19,77,77,4851
trees_20.newick,12,24,21,164,19,19,81,79,4202
trees_20.newick,12,25,21,158,19,19,79,81,6468
trees_20.newick,12,26,21,160,19,19,80,80,4905
trees_20.newick,12,27,21,166,19,19,81,82,4466
trees_20.newick,12,28,21,159,19,19,80,80,4226
trees_20.newick,12,29,21,179,19,19,81,81,4444
trees_20.newick,12,30,21,132,19,19,77,79,4692
trees_20.newick,12,31,21,149,19,19,78,82,6860
trees_20.newick,12,32,21,141,19,19,79,80,4642
trees_20.newick,12,33,21,132,19,19,79,77,5284
trees_20.newick,12,34,21,137,19,19,78,79,4823
trees_20.newick,12,35,21,142,19,19,79,76,4892
trees_20.newick,12,36,21,158,19,19,80,77,5162
trees_20.newick,12,37,21,124,19,19,77,76,5938
trees_20.newick,12,38,21,144,19,19,78,79,4601
trees_20.newick,12,39,21,160,19,19,80,80,4255
trees_20.newick,12,40,21,128,19,19,76,76,4903
trees_20.newick,12,41,21,167,19,19,81,81,4356
trees_20.newick,12,42,21,156,19,19,78,81,5414
trees_20.newick,12,43,21,135,19,19,76,76,4693
trees_20.newick,12,44,21,129,19,19,77,75,5107
trees_20.newick,12,45,21,160,19,19,81,80,4213
trees_20.newick,12,46,21,124,19,19,77,77,5672
trees_20.newick,12,47,21,153,19,19,78,78,4901
trees_20.newick,12,48,21,169,19,19,81,85,5175
trees_20.newick,12,49,21,164,19,19,79,75,4680
trees_20.newick,13,14,21,129,19,19,82,76,5083
trees_20.newick,13,15,21,133,19,19,78,76,4776
trees_20.newick,13,16,21,162,19,19,80,81,4395
trees_20.newick,13,17,21,167,19,19,78,77,4301
trees_20.newick,13,18,21,143,19,19,76,77,6606
trees_20.newick,13,19,21,143,19,19,76,80,5140
trees_20.newick,13,20,21,160,19,19,80,81,4394
trees_20.newick,13,21,21,177,19,19,82,82,4260
trees_20.newick,13,22,21,163,19,19,80,80,4179
trees_20.newick,13,23,21,136,19,19,79,84,4407
trees_20.newick,13,24,21,168,19,19,80,78,7027
trees_20.newick,13,25,21,151,19,19,76,81,4580
trees_20.newick,13,26,21,158,19,19,78,79,4365
trees_20.newick,13,27,21,165,19,19,79,79,4764
trees_20.newick,13,28,21,168,19,19,78,80,4417
trees_20.newick,13,29,21,129,19,19,75,82,5542
trees_20.newick,13,30,21,145,19,19,77,80,5069
trees_20.newick,13,31,21,158,19,19,82,82,4925
trees_20.newick,13,32,21,136,19,19,76,81,4600
trees_20.newick,13,33,21,159,19,19,76,77,4502
trees_20.newick,13,34,21,170,19,19,80,85,4960
trees_20.newick,13,35,21,134,19,19,75,79,6880
trees_20.newick,13,36,21,127,19,19,75,75,5344
trees_20.newick,13,37,21,132,19,19,75,77,4208
trees_20.newick,13,38,21,152,19,19,78,79,4169
trees_20.newick,13,39,21,145,19,19,75,80,4376
trees_20.newick,13,40,21,131,19,19,75,77,4652
trees_20.newick,13,41,21,149,19,19,77,82,6170
trees_20.newick,13,42,21,158,19,19,77,78,4958
trees_20.newick,13,43,21,140,19,19,76,80,4237
trees_20.newick,13,44,21,155,19,19,76,80,4242
trees_20.newick,13,45,21,173,19,19,81,85,4343
trees_20.newick,13,46,21,136,19,19,77,77,5169
trees_20.newick,13,47,21,143,19,19,75,79,7374
trees_20.newick,13,48,21,170,19,19,79,81,4624
trees_20.newick,13,49,21,159,19,19,78,78,4204
trees_20.newick,14,15,21,133,19,19,79,77,4587
trees_20.newick,14,16,21,166,19,19,81,82,4322
trees_20.newick,14,17,21,166,19,19,79,81,4411
trees_20.newick,14,18,21,166,19,19,78,82,5741
trees_20.newick,14,19,21,167,19,19,78,79,4678
trees_20.newick,14,20,21,193,19,19,83,84,4320
trees_20.newick,14,21,21,185,19,19,83,80,4167
trees_20.newick,14,22,21,164,19,19,79,80,4707
trees_20.newick,14,23,21,164,19,19,82,83,4805
trees_20.newick,14,24,21,150,19,19,78,79,5493
trees_20.newick,14,25,21,163,19,19,77,78,4475
trees_20.newick,14,26,21,152,19,19,78,78,4235
trees_20.newick,14,27,21,182,19,19,81,83,4349
trees_20.newick,14,28,21,180,19,19,79,82,4120
trees_20.newick,14,29,21,157,19,19,77,80,4593
trees_20.newick,14,30,21,93,19,19,77,76,7333
trees_20.newick,14,31,21,154,19,19,81,80,4428
trees_20.newick,14,32,21,159,19,19,78,81,4226
trees_20.newick,14,33,21,152,19,19,76,80,4971
trees_20.newick,14,34,21,172,19,19,80,83,4384
trees_20.newick,14,35,21,177,19,19,78,81,6713
trees_20.newick,14,36,21,175,19,19,80,81,5014
trees_20.newick,14,37,21,136,19,19,76,79,4415
trees_20.newick,14,38,21,163,19,19,79,81,4524
trees_20.newick,14,39,21,137,19,19,75,75,4801
trees_20.newick,14,40,21,147,19,19,77,82,4722
trees_20.newick,14,41,21,163,19,19,79,81,6357
trees_20.newick,14,42,21,162,19,19,78,81,4700
trees_20.newick,14,43,21,166,19,19,79,80,4331
trees_20.newick,14,44,21,159,19,19,78,82,4060
trees_20.newick,14,45,21,169,19,19,80,81,4067
trees_20.newick,14,46,21,170,19,19,79,80,4082
trees_20.newick,14,47,21,120,19,19,77,76,7363
trees_20.newick,14,48,21,179,19,19,84,80,4699
trees_20.newick,14,49,21,157,19,19,77,76,4246
trees_20.newick,15,16,21,149,19,19,80,82,4536
trees_20.newick,15,17,21,131,19,19,76,76,4067
trees_20.newick,15,18,21,139,19,19,78,79,4408
trees_20.newick,15,19,21,158,19,19,80,81,5332
trees_20.newick,15,20,21,163,19,19,81,81,4547
trees_20.newick,15,21,21,146,19,19,79,77,4225
trees_20.newick,15,22,21,160,19,19,79,78,4119
trees_20.newick,15,23,21,139,19,19,79,78,5109
trees_20.newick,15,24,21,148,19,19,79,78,4463
trees_20.newick,15,25,21,116,19,19,73,77,4789
trees_20.newick,15,26,21,158,19,19,79,81,4986
trees_20.newick,15,27,21,132,19,19,75,77,4635
trees_20.newick,15,28,21,159,19,19,79,80,3957
trees_20.newick,15,29,21,134,19,19,75,81,5064
trees_20.newick,15,30,21,139,19,19,81,81,4369
trees_20.newick,15,31,21,129,19,19,79,82,5001
trees_20.newick,15,32,21,165,19,19,78,83,4271
trees_20.newick,15,33,21,148,19,19,88,81,4192
trees_20.newick,15,34,21,171,19,19,82,84,4669
trees_20.newick,15,35,21,164,19,19,79,79,4114
trees_20.newick,15,36,21,133,19,19,78,75,4748
trees_20.newick,15,37,21,166,19,19,81,80,5066
trees_20.newick,15,38,21,169,19,19,80,80,4323
trees_20.newick,15,39,21,113,19,19,73,73,3803
trees_20.newick,15,40,21,134,19,19,76,79,4723
trees_20.newick,15,41,21,180,19,19,81,84,4191
trees_20.newick,15,42,21,148,19,19,77,80,4610
trees_20.newick,15,43,21,142,19,19,77,76,6025
trees_20.newick,15,44,21,163,19,19,79,79,4355
trees_20.newick,15,45,21,158,19,19,88,81,4120
trees_20.newick,15,46,21,153,19,19,78,82,4399
trees_20.newick,15,47,21,127,19,19,79,74,4703
trees_20.newick,15,48,21,167,19,19,83,79,6271
trees_20.newick,15,49,21,149,19,19,78,75,4730
trees_20.newick,16,17,21,142,19,19,80,78,4683
trees_20.newick,16,18,21,122,19,19,76,75,4453
trees_20.newick,16,19,21,161,19,19,79,82,4275
trees_20.newick,16,20,21,129,19,19,76,77,5220
trees_20.newick,16,21,21,162,19,19,80,79,6455
trees_20.newick,16,22,21,133,19,19,76,83,4839
trees_20.newick,16,23,21,150,19,19,80,114,4246
trees_20.newick,16,24,21,133,19,19,77,84,4898
trees_20.newick,16,25,21,148,19,19,78,97,4173
trees_20.newick,16,26,21,163,19,19,80,83,4390
trees_20.newick,16,27,21,158,19,19,78,80,5006
trees_20.newick,16,28,21,153,19,19,77,78,4627
trees_20.newick,16,29,21,146,19,19,76,80,4722
trees_20.newick,16,30,21,155,19,19,78,80,4109
trees_20.newick,16,31,21,167,19,19,84,87,4227
trees_20.newick,16,32,21,154,19,19,81,97,4239
trees_20.newick,16,33,21,138,19,19,75,82,7751
trees_20.newick,16,34,21,137,19,19,77,83,5011
trees_20.newick,16,35,21,157,19,19,78,103,4404
trees_20.newick,16,36,21,176,19,19,81,81,4262
trees_20.newick,16,37,21,136,19,19,77,82,4568
trees_20.newick,16,38,21,168,19,19,79,80,4601
trees_20.newick,16,39,21,122,19,19,74,75,4896
trees_20.newick,16,40,21,144,19,19,77,80,4736
trees_20.newick,16,41,21,146,19,19,78,79,4089
trees_20.newick,16,42,21,152,19,19,78,79,4347
trees_20.newick,16,43,21,139,19,19,77,81,4154
trees_20.newick,16,44,21,166,19,19,79,79,4710
trees_20.newick,16,45,21,136,19,19,78,78,5708
trees_20.newick,16,46,21,163,19,19,78,82,4462
trees_20.newick,16,47,21,140,19,19,76,78,4592
trees_20.newick,16,48,21,150,19,19,83,78,4405
trees_20.newick,16,49,21,126,19,19,80,75,5135
trees_20.newick,17,18,21,136,19,19,78,79,8082
trees_20.newick,17,19,21,160,19,19,79,80,4928
trees_20.newick,17,20,21,122,19,19,76,77,5175
trees_20.newick,17,21,21,151,19,19,78,80,4301
trees_20.newick,17,22,21,120,19,19,74,76,4241
trees_20.newick,17,23,21,141,19,19,79,81,4518
trees_20.newick,17,24,21,150,19,19,78,80,6103
trees_20.newick,17,25,21,114,19,19,73,74,6854
trees_20.newick,17,26,21,163,19,19,79,84,4647
trees_20.newick,17,27,21,144,19,19,77,79,4160
trees_20.newick,17,28,21,147,19,19,76,79,4289
trees_20.newick,17,29,21,156,19,19,76,82,4695
trees_20.newick,17,30,21,129,19,19,75,78,5052
trees_20.newick,17,31,21,144,19,19,77,81,4569
trees_20.newick,17,32,21,140,19,19,75,80,4150
trees_20.newick,17,33,21,145,19,19,77,79,4028
trees_20.newick,17,34,21,129,19,19,76,80,4122
trees_20.newick,17,35,21,155,19,19,77,78,5248
trees_20.newick,17,36,21,136,19,19,76,77,6018
trees_20.newick,17,37,21,135,19,19,76,81,4432
trees_20.newick,17,38,21,142,19,19,76,77,15125
trees_20.newick,17,39,21,122,19,19,74,73,4616
trees_20.newick,17,40,21,144,19,19,75,77,4292
trees_20.newick,17,41,21,143,19,19,76,77,6427
trees_20.newick,17,42,21,169,19,19,77,85,4756
trees_20.newick,17,43,21,113,19,19,74,73,15999
trees_20.newick,17,44,21,130,19,19,75,74,4109
trees_20.newick,17,45,21,143,19,19,77,79,5016
trees_20.newick,17,46,21,127,19,19,73,78,4521
trees_20.newick,17,47,21,170,19,19,76,78,5840
trees_20.newick,17,48,21,129,19,19,74,77,4574
trees_20.newick,17,49,21,151,19,19,76,75,4302
trees_20.newick,18,19,21,130,19,19,77,77,5104
trees_20.newick,18,20,21,172,19,19,87,82,4251
trees_20.newick,18,21,21,145,19,19,84,78,4470
trees_20.newick,18,22,21,157,19,19,80,78,5034
trees_20.newick,18,23,21,133,19,19,78,79,4428
trees_20.newick,18,24,21,141,19,19,78,80,4766
trees_20.newick,18,25,21,138,19,19,76,76,4795
trees_20.newick,18,26,21,171,19,19,81,81,4320
trees_20.newick,18,27,21,152,19,19,80,80,6282
trees_20.newick,18,28,21,163,19,19,81,89,4934
trees_20.newick,18,29,21,146,19,19,78,85,4927
trees_20.newick,18,30,21,157,19,19,77,80,4219
trees_20.newick,18,31,21,115,19,19,75,76,4773
trees_20.newick,18,32,21,143,19,19,76,82,4276
trees_20.newick,18,33,21,144,19,19,75,79,5125
trees_20.newick,18,34,21,158,19,19,80,86,4700
trees_20.newick,18,35,21,127,19,19,74,74,4226
trees_20.newick,18,36,21,142,19,19,76,76,4252
trees_20.newick,18,37,21,135,19,19,81,78,4898
trees_20.newick,18,38,21,161,19,19,86,79,4391
trees_20.newick,18,39,21,133,19,19,74,78,5388
trees_20.newick,18,40,21,156,19,19,78,78,4753
trees_20.newick,18,41,21,153,19,19,78,81,4363
trees_20.newick,18,42,21,172,19,19,78,83,4222
trees_20.newick,18,43,21,120,19,19,73,75,5119
trees_20.newick,18,44,21,151,19,19,77,77,4944
trees_20.newick,18,45,21,152,19,19,79,81,6186
trees_20.newick,18,46,21,149,19,19,77,82,4442
trees_20.newick,18,47,21,158,19,19,76,78,4278
trees_20.newick,18,48,21,135,19,19,76,74,5132
trees_20.newick,18,49,21,140,19,19,76,72,4174
trees_20.newick,19,20,21,155,19,19,81,81,4836
trees_20.newick,19,21,21,153,19,19,80,78,5147
trees_20.newick,19,22,21,178,19,19,82,86,4601
trees_20.newick,19,23,21,147,19,19,79,80,4791
trees_20.newick,19,24,21,177,19,19,84,84,4390
trees_20.newick,19,25,21,163,19,19,82,79,5045
trees_20.newick,19,26,21,153,19,19,78,80,5683
trees_20.newick,19,27,21,163,19,19,79,82,5064
trees_20.newick,19,28,21,149,19,19,78,76,4294
trees_20.newick,19,29,21,173,19,19,79,83,4207
trees_20.newick,19,30,21,145,19,19,78,78,5138
trees_20.newick,19,31,21,154,19,19,79,83,4642
trees_20.newick,19,32,21,145,19,19,77,81,4951
trees_20.newick,19,33,21,170,19,19,78,81,4605
trees_20.newick,19,34,21,144,19,19,77,79,4798
trees_20.newick,19,35,21,174,19,19,79,82,4665
trees_20.newick,19,36,21,167,19,19,80,81,4232
trees_20.newick,19,37,21,157,19,19,78,82,4569
trees_20.newick,19,38,21,183,19,19,80,83,5163
trees_20.newick,19,39,21,158,19,19,77,77,4510
trees_20.newick,19,40,21,155,19,19,77,79,4716
trees_20.newick,19,41,21,120,19,19,75,77,4943
trees_20.newick,19,42,21,158,19,19,77,81,4166
trees_20.newick,19,43,21,153,19,19,76,81,4628
trees_20.newick,19,44,21,151,19,19,76,79,5903
trees_20.newick,19,45,21,156,19,19,78,81,4590
trees_20.newick,19,46,21,172,19,19,79,83,4331
trees_20.newick,19,47,21,172,19,19,77,80,4912
trees_20.newick,19,48,21,158,19,19,77,80,4338
trees_20.newick,19,49,21,146,19,19,75,78,6347
trees_20.newick,20,21,21,160,19,19,85,81,5016
trees_20.newick,20,22,21,160,19,19,82,79,4509
trees_20.newick,20,23,21,148,19,19,82,78,4630
trees_20.newick,20,24,21,170,19,19,114,80,4491
trees_20.newick,20,25,21,154,19,19,82,80,4556
trees_20.newick,20,26,21,169,19,19,82,79,5454
trees_20.newick,20,27,21,182,19,19,83,81,4645
trees_20.newick,20,28,21,165,19,19,86,83,4340
trees_20.newick,20,29,21,153,19,19,86,79,4467
trees_20.newick,20,30,21,163,19,19,80,83,4298
trees_20.newick,20,31,21,137,19,19,76,77,4507
trees_20.newick,20,32,21,147,19,19,78,83,5480
trees_20.newick,20,33,21,159,19,19,79,81,4665
trees_20.newick,20,34,21,159,19,19,81,85,4321
trees_20.newick,20,35,21,131,19,19,77,76,4839
trees_20.newick,20,36,21,150,19,19,79,77,4456
trees_20.newick,20,37,21,133,19,19,78,78,8130
trees_20.newick,20,38,21,164,19,19,81,82,4898
trees_20.newick,20,39,21,152,19,19,77,80,4413
trees_20.newick,20,40,21,147,19,19,79,81,4260
trees_20.newick,20,41,21,166,19,19,81,80,4391
trees_20.newick,20,42,21,152,19,19,78,80,4661
trees_20.newick,20,43,21,160,19,19,80,78,5520
trees_20.newick,20,44,21,157,19,19,81,79,4921
trees_20.newick,20,45,21,155,19,19,81,82,4535
trees_20.newick,20,46,21,150,19,19,80,81,4610
trees_20.newick,20,47,21,160,19,19,80,79,4841
trees_20.newick,20,48,21,163,19,19,80,79,4729
trees_20.newick,20,49,21,144,19,19,78,74,5508
trees_20.newick,21,22,21,175,19,19,84,80,4513
trees_20.newick,21,23,21,157,19,19,84,81,5431
trees_20.newick,21,24,21,154,19,19,80,80,4509
trees_20.newick,21,25,21,146,19,19,77,79,4460
trees_20.newick,21,26,21,151,19,19,79,78,6078
trees_20.newick,21,27,21,145,19,19,152,78,5678
trees_20.newick,21,28,21,181,19,19,144,86,4575
trees_20.newick,21,29,21,125,19,19,141,79,4386
trees_20.newick,21,30,21,155,19,19,146,87,4430
trees_20.newick,21,31,21,178,19,19,124,87,4527
trees_20.newick,21,32,21,167,19,19,111,84,5702
trees_20.newick,21,33,21,137,19,19,105,78,5566
trees_20.newick,21,34,21,164,19,19,109,85,4512
trees_20.newick,21,35,21,169,19,19,111,80,4341
trees_20.newick,21,36,21,159,19,19,107,77,4479
trees_20.newick,21,37,21,176,19,19,112,80,4663
trees_20.newick,21,38,21,152,19,19,108,78,5124
trees_20.newick,21,39,21,154,19,19,107,78,4778
trees_20.newick,21,40,21,147,19,19,106,77,4596
trees_20.newick,21,41,21,128,19,19,105,85,4311
trees_20.newick,21,42,21,161,19,19,109,89,4869
trees_20.newick,21,43,21,117,19,19,74,73,5080
trees_20.newick,21,44,21,128,19,19,75,75,5865
trees_20.newick,21,45,21,155,19,19,80,80,4660
trees_20.newick,21,46,21,134,19,19,77,81,4333
trees_20.newick,21,47,21,156,19,19,77,77,4379
trees_20.newick,21,48,21,154,19,19,78,79,4417
trees_20.newick,21,49,21,149,19,19,76,77,7189
trees_20.newick,22,23,21,151,19,19,82,80,5646
trees_20.newick,22,24,21,167,19,19,81,79,4676
trees_20.newick,22,25,21,147,19,19,77,79,4300
trees_20.newick,22,26,21,179,19,19,81,84,4564
trees_20.newick,22,27,21,157,19,19,79,81,5097
trees_20.newick,22,28,21,182,19,19,80,82,6226
trees_20.newick,22,29,21,183,19,19,80,87,4933
trees_20.newick,22,30,21,158,19,19,79,82,4483
trees_20.newick,22,31,21,156,19,19,81,83,4551
trees_20.newick,22,32,21,171,19,19,86,85,4371
trees_20.newick,22,33,21,149,19,19,78,77,4744
trees_20.newick,22,34,21,149,19,19,80,82,6043
trees_20.newick,22,35,21,175,19,19,80,85,4735
trees_20.newick,22,36,21,152,19,19,78,84,4437
trees_20.newick,22,37,21,115,19,19,75,82,5287
trees_20.newick,22,38,21,165,19,19,79,78,4689
trees_20.newick,22,39,21,145,19,19,76,76,7037
trees_20.newick,22,40,21,158,19,19,77,79,4797
trees_20.newick,22,41,21,171,19,19,79,78,4420
trees_20.newick,22,42,21,164,19,19,78,82,4328
trees_20.newick,22,43,21,144,19,19,76,80,4385
trees_20.newick,22,44,21,148,19,19,77,78,5058
trees_20.newick,22,45,21,167,19,19,81,84,5680
trees_20.newick,22,46,21,147,19,19,76,78,6324
trees_20.newick,22,47,21,177,19,19,79,87,4512
trees_20.newick,22,48,21,176,19,19,82,83,4331
trees_20.newick,22,49,21,168,19,19,82,78,4805
trees_20.newick,23,24,21,178,19,19,85,81,4867
trees_20.newick,23,25,21,165,19,19,79,80,5559
trees_20.newick,23,26,21,164,19,19,81,81,4594
trees_20.newick,23,27,21,166,19,19,80,79,4620
trees_20.newick,23,28,21,187,19,19,82,83,4618
trees_20.newick,23,29,21,179,19,19,81,83,4609
trees_20.newick,23,30,21,154,19,19,79,81,8798
trees_20.newick,23,31,21,157,19,19,80,81,5132
trees_20.newick,23,32,21,163,19,19,79,88,4672
trees_20.newick,23,33,21,142,19,19,76,82,4375
trees_20.newick,23,34,21,166,19,19,81,86,4658
trees_20.newick,23,35,21,170,19,19,79,80,4748
trees_20.newick,23,36,21,124,19,19,75,78,5951
trees_20.newick,23,37,21,134,19,19,78,77,5114
trees_20.newick,23,38,21,172,19,19,81,79,4503
trees_20.newick,23,39,21,143,19,19,77,79,4241
trees_20.newick,23,40,21,165,19,19,79,82,4551
trees_20.newick,23,41,21,172,19,19,81,81,4837
trees_20.newick,23,42,21,167,19,19,79,81,5357
trees_20.newick,23,43,21,167,19,19,80,86,4787
trees_20.newick,23,44,21,132,19,19,76,78,4457
trees_20.newick,23,45,21,152,19,19,79,81,4617
trees_20.newick,23,46,21,105,19,19,73,76,5500
trees_20.newick,23,47,21,155,19,19,76,76,6823
trees_20.newick,23,48,21,165,19,19,79,80,4979
trees_20.newick,23,49,21,156,19,19,77,77,4545
trees_20.newick,24,25,21,154,19,19,78,76,4818
trees_20.newick,24,26,21,154,19,19,79,77,4444
trees_20.newick,24,27,21,153,19,19,78,80,4578
trees_20.newick,24,28,21,146,19,19,76,79,6101
trees_20.newick,24,29,21,153,19,19,78,81,4839
trees_20.newick,24,30,21,158,19,19,78,79,4458
trees_20.newick,24,31,21,127,19,19,75,78,5204
trees_20.newick,24,32,21,147,19,19,77,81,4338
trees_20.newick,24,33,21,129,19,19,73,76,5675
trees_20.newick,24,34,21,150,19,19,78,84,5896
trees_20.newick,24,35,21,148,19,19,76,77,5245
trees_20.newick,24,36,21,158,19,19,78,79,4418
trees_20.newick,24,37,21,145,19,19,78,80,4862
trees_20.newick,24,38,21,166,19,19,79,78,4668
trees_20.newick,24,39,21,137,19,19,75,75,6916
trees_20.newick,24,40,21,140,19,19,76,80,4821
trees_20.newick,24,41,21,158,19,19,78,86,5249
trees_20.newick,24,42,21,137,19,19,76,84,4482
trees_20.newick,24,43,21,150,19,19,76,77,4365
trees_20.newick,24,44,21,162,19,19,78,77,4535
trees_20.newick,24,45,21,171,19,19,81,80,5293
trees_20.newick,24,46,21,136,19,19,75,78,4687
trees_20.newick,24,47,21,131,19,19,75,76,4326
trees_20.newick,24,48,21,105,19,19,126,76,5083
trees_20.newick,24,49,21,116,19,19,78,73,4829
trees_20.newick,25,26,21,154,19,19,81,83,4901
trees_20.newick,25,27,21,139,19,19,77,78,5968
trees_20.newick,25,28,21,170,19,19,80,88,5472
trees_20.newick,25,29,21,138,19,19,76,84,4546
trees_20.newick,25,30,21,133,19,19,76,78,4985
trees_20.newick,25,31,21,125,19,19,74,78,5439
trees_20.newick,25,32,21,137,19,19,75,79,5782
trees_20.newick,25,33,21,170,19,19,77,81,5045
trees_20.newick,25,34,21,166,19,19,78,84,4643
trees_20.newick,25,35,21,154,19,19,75,76,4382
trees_20.newick,25,36,21,125,19,19,74,78,5178
trees_20.newick,25,37,21,151,19,19,78,79,4964
trees_20.newick,25,38,21,181,19,19,80,83,5696
trees_20.newick,25,39,21,118,19,19,72,73,16735
trees_20.newick,25,40,21,124,19,19,76,77,4453
trees_20.newick,25,41,21,165,19,19,79,82,4467
trees_20.newick,25,42,21,157,19,19,77,81,4408
trees_20.newick,25,43,21,144,19,19,75,78,4931
trees_20.newick,25,44,21,142,19,19,75,77,5952
trees_20.newick,25,45,21,147,19,19,77,79,4533
trees_20.newick,25,46,21,139,19,19,75,79,4363
trees_20.newick,25,47,21,131,19,19,73,76,4402
trees_20.newick,25,48,21,131,19,19,76,76,4359
trees_20.newick,25,49,21,130,19,19,74,75,7014
trees_20.newick,26,27,21,166,19,19,80,82,5214
trees_20.newick,26,28,21,133,19,19,75,78,4515
trees_20.newick,26,29,21,145,19,19,78,85,4252
trees_20.newick,26,30,21,139,19,19,76,78,4436
trees_20.newick,26,31,21,161,19,19,79,83,4623
trees_20.newick,26,32,21,159,19,19,78,84,5521
trees_20.newick,26,33,21,137,19,19,75,79,4779
trees_20.newick,26,34,21,170,19,19,81,85,4734
trees_20.newick,26,35,21,151,19,19,77,77,4667
trees_20.newick,26,36,21,121,19,19,79,78,4435
trees_20.newick,26,37,21,148,19,19,78,77,5889
trees_20.newick,26,38,21,102,19,19,73,76,20254
trees_20.newick,26,39,21,134,19,19,74,80,4501
trees_20.newick,26,40,21,140,19,19,75,79,4897
trees_20.newick,26,41,21,150,19,19,76,77,4521
trees_20.newick,26,42,21,155,19,19,77,82,4537
trees_20.newick,26,43,21,150,19,19,77,82,7600
trees_20.newick,26,44,21,150,19,19,76,78,4831
trees_20.newick,26,45,21,170,19,19,81,82,4658
trees_20.newick,26,46,21,136,19,19,75,79,4243
trees_20.newick,26,47,21,135,19,19,74,78,4985
trees_20.newick,26,48,21,158,19,19,78,76,4787
trees_20.newick,26,49,21,166,19,19,78,80,5258
trees_20.newick,27,28,21,168,19,19,81,80,5063
trees_20.newick,27,29,21,161,19,19,80,83,4580
trees_20.newick,27,30,21,169,19,19,83,85,4246
trees_20.newick,27,31,21,158,19,19,83,83,4332
trees_20.newick,27,32,21,159,19,19,78,82,4879
trees_20.newick,27,33,21,164,19,19,78,80,5294
trees_20.newick,27,34,21,140,19,19,77,81,4744
trees_20.newick,27,35,21,158,19,19,78,81,4425
trees_20.newick,27,36,21,157,19,19,78,100,4420
trees_20.newick,27,37,21,141,19,19,78,79,7726
trees_20.newick,27,38,21,155,19,19,80,78,5513
trees_20.newick,27,39,21,152,19,19,78,78,5124
trees_20.newick,27,40,21,140,19,19,76,80,4502
trees_20.newick,27,41,21,160,19,19,79,79,4495
trees_20.newick,27,42,21,142,19,19,75,79,4924
trees_20.newick,27,43,21,144,19,19,77,79,4517
trees_20.newick,27,44,21,134,19,19,76,76,6019
trees_20.newick,27,45,21,165,19,19,81,83,4809
trees_20.newick,27,46,21,156,19,19,77,81,4529
trees_20.newick,27,47,21,150,19,19,79,79,4946
trees_20.newick,27,48,21,148,19,19,81,75,4502
trees_20.newick,27,49,21,137,19,19,76,74,6495
trees_20.newick,28,29,21,166,19,19,79,83,5593
trees_20.newick,28,30,21,161,19,19,78,81,4913
trees_20.newick,28,31,21,146,19,19,77,79,5108
trees_20.newick,28,32,21,160,19,19,78,83,4751
trees_20.newick,28,33,21,158,19,19,76,78,6780
trees_20.newick,28,34,21,149,19,19,76,84,5569
trees_20.newick,28,35,21,163,19,19,76,78,4713
trees_20.newick,28,36,21,138,19,19,74,75,4517
trees_20.newick,28,37,21,144,19,19,78,80,6237
trees_20.newick,28,38,21,155,19,19,77,76,5895
trees_20.newick,28,39,21,173,19,19,76,80,4682
trees_20.newick,28,40,21,172,19,19,78,83,4604
trees_20.newick,28,41,21,123,19,19,74,80,4518
trees_20.newick,28,42,21,141,19,19,74,83,7597
trees_20.newick,28,43,21,172,19,19,81,79,4995
trees_20.newick,28,44,21,166,19,19,83,78,4623
trees_20.newick,28,45,21,145,19,19,77,81,4741
trees_20.newick,28,46,21,157,19,19,76,80,4457
trees_20.newick,28,47,21,155,19,19,75,78,5364
trees_20.newick,28,48,21,171,19,19,79,82,5341
trees_20.newick,28,49,21,111,19,19,72,75,5220
trees_20.newick,29,30,21,148,19,19,79,79,4496
trees_20.newick,29,31,21,172,19,19,80,83,4562
trees_20.newick,29,32,21,140,19,19,76,88,5632
trees_20.newick,29,33,21,154,19,19,76,84,4962
trees_20.newick,29,34,21,175,19,19,80,85,5884
trees_20.newick,29,35,21,156,19,19,76,80,5032
trees_20.newick,29,36,21,166,19,19,78,80,4291
trees_20.newick,29,37,21,168,19,19,79,81,4590
trees_20.newick,29,38,21,176,19,19,79,81,4574
trees_20.newick,29,39,21,147,19,19,75,75,6787
trees_20.newick,29,40,21,137,19,19,78,79,6140
trees_20.newick,29,41,21,151,19,19,81,80,4623
trees_20.newick,29,42,21,131,19,19,74,79,5107
trees_20.newick,29,43,21,138,19,19,74,81,4390
trees_20.newick,29,44,21,159,19,19,77,80,4824
trees_20.newick,29,45,21,155,19,19,78,81,7160
trees_20.newick,29,46,21,183,19,19,80,84,4700
trees_20.newick,29,47,21,133,19,19,73,76,4385
trees_20.newick,29,48,21,150,19,19,76,77,4625
trees_20.newick,29,49,21,144,19,19,75,76,4928
trees_20.newick,30,31,21,135,19,19,79,78,4842
trees_20.newick,30,32,21,133,19,19,78,81,5811
trees_20.newick,30,33,21,137,19,19,76,78,5205
trees_20.newick,30,34,21,162,19,19,81,82,4304
trees_20.newick,30,35,21,168,19,19,80,174,4561
trees_20.newick,30,36,21,149,19,19,78,148,5030
trees_20.newick,30,37,21,139,19,19,77,182,5452
trees_20.newick,30,38,21,138,19,19,80,176,5289
trees_20.newick,30,39,21,142,19,19,80,92,4440
trees_20.newick,30,40,21,152,19,19,100,153,4349
trees_20.newick,30,41,21,136,19,19,106,86,4447
trees_20.newick,30,42,21,153,19,19,107,90,4771
trees_20.newick,30,43,21,148,19,19,135,84,5165
trees_20.newick,30,44,21,157,19,19,81,93,4798
trees_20.newick,30,45,21,175,19,19,82,91,4548
trees_20.newick,30,46,21,137,19,19,78,85,5147
trees_20.newick,30,47,21,153,19,19,77,87,4573
trees_20.newick,30,48,21,163,19,19,79,92,6297
trees_20.newick,30,49,21,160,19,19,78,76,5217
trees_20.newick,31,32,21,154,19,19,80,81,4620
trees_20.newick,31,33,21,157,19,19,77,79,4776
trees_20.newick,31,34,21,140,19,19,77,81,5072
trees_20.newick,31,35,21,140,19,19,75,78,5509
trees_20.newick,31,36,21,159,19,19,80,79,6385
trees_20.newick,31,37,21,115,19,19,75,79,5240
trees_20.newick,31,38,21,157,19,19,78,81,4470
trees_20.newick,31,39,21,121,19,19,73,74,4327
trees_20.newick,31,40,21,138,19,19,75,78,4358
trees_20.newick,31,41,21,177,19,19,80,80,4977
trees_20.newick,31,42,21,160,19,19,77,83,5812
trees_20.newick,31,43,21,146,19,19,77,80,5316
trees_20.newick,31,44,21,160,19,19,77,80,4729
trees_20.newick,31,45,21,154,19,19,79,82,5459
trees_20.newick,31,46,21,145,19,19,76,78,5109
trees_20.newick,31,47,21,159,19,19,75,78,5471
trees_20.newick,31,48,21,132,19,19,75,77,4991
trees_20.newick,31,49,21,158,19,19,77,78,4402
trees_20.newick,32,33,21,145,19,19,77,76,4289
trees_20.newick,32,34,21,146,19,19,78,81,4380
trees_20.newick,32,35,21,121,19,19,73,76,6244
trees_20.newick,32,36,21,145,19,19,80,74,5204
trees_20.newick,32,37,21,159,19,19,85,79,4830
trees_20.newick,32,38,21,140,19,19,76,79,4907
trees_20.newick,32,39,21,127,19,19,73,76,4538
trees_20.newick,32,40,21,143,19,19,75,81,4324
trees_20.newick,32,41,21,157,19,19,78,81,6746
trees_20.newick,32,42,21,137,19,19,74,78,5652
trees_20.newick,32,43,21,127,19,19,75,74,4509
trees_20.newick,32,44,21,128,19,19,74,81,4279
trees_20.newick,32,45,21,155,19,19,79,82,4402
trees_20.newick,32,46,21,126,19,19,74,77,4656
trees_20.newick,32,47,21,187,19,19,78,87,5390
trees_20.newick,32,48,21,150,19,19,75,79,4875
trees_20.newick,32,49,21,153,19,19,76,75,4453
trees_20.newick,33,34,21,151,19,19,79,83,4809
trees_20.newick,33,35,21,133,19,19,76,96,4907
trees_20.newick,33,36,21,173,19,19,80,81,4946
trees_20.newick,33,37,21,105,19,19,76,74,7403
trees_20.newick,33,38,21,121,19,19,80,77,4742
trees_20.newick,33,39,21,151,19,19,76,79,4518
trees_20.newick,33,40,21,144,19,19,75,78,5037
trees_20.newick,33,41,21,155,19,19,78,79,4488
trees_20.newick,33,42,21,162,19,19,77,84,4779
trees_20.newick,33,43,21,156,19,19,77,78,5171
trees_20.newick,33,44,21,150,19,19,77,78,4736
trees_20.newick,33,45,21,153,19,19,78,80,4405
trees_20.newick,33,46,21,153,19,19,76,84,4574
trees_20.newick,33,47,21,152,19,19,75,76,4406
trees_20.newick,33,48,21,149,19,19,76,77,6870
trees_20.newick,33,49,21,124,19,19,73,73,5259
trees_20.newick,34,35,21,125,19,19,74,74,4958
trees_20.newick,34,36,21,165,19,19,78,79,4409
trees_20.newick,34,37,21,144,19,19,78,77,4688
trees_20.newick,34,38,21,155,19,19,77,79,4640
trees_20.newick,34,39,21,150,19,19,75,77,5136
trees_20.newick,34,40,21,132,19,19,75,77,5917
trees_20.newick,34,41,21,151,19,19,77,79,4958
trees_20.newick,34,42,21,164,19,19,77,81,4399
trees_20.newick,34,43,21,171,19,19,78,81,4468
trees_20.newick,34,44,21,143,19,19,76,76,5285
trees_20.newick,34,45,21,137,19,19,77,78,5240
trees_20.newick,34,46,21,140,19,19,75,80,4464
trees_20.newick,34,47,21,159,19,19,76,85,4570
trees_20.newick,34,48,21,157,19,19,77,78,4721
trees_20.newick,34,49,21,168,19,19,78,78,4903
trees_20.newick,35,36,21,154,19,19,79,81,7971
trees_20.newick,35,37,21,139,19,19,77,80,5411
trees_20.newick,35,38,21,155,19,19,78,78,4621
trees_20.newick,35,39,21,144,19,19,75,76,4497
trees_20.newick,35,40,21,149,19,19,76,81,4619
trees_20.newick,35,41,21,169,19,19,79,83,4791
trees_20.newick,35,42,21,130,19,19,74,78,6246
trees_20.newick,35,43,21,146,19,19,79,78,5200
trees_20.newick,35,44,21,152,19,19,81,81,5098
trees_20.newick,35,45,21,177,19,19,80,84,4616
trees_20.newick,35,46,21,120,19,19,74,76,4717
trees_20.newick,35,47,21,157,19,19,74,78,4793
trees_20.newick,35,48,21,146,19,19,75,76,5276
trees_20.newick,35,49,21,148,19,19,75,77,4475
trees_20.newick,36,37,21,170,19,19,82,82,4298
trees_20.newick,36,38,21,142,19,19,77,80,4927
trees_20.newick,36,39,21,147,19,19,76,76,4942
trees_20.newick,36,40,21,151,19,19,77,80,8032
trees_20.newick,36,41,21,165,19,19,79,102,4992
trees_20.newick,36,42,21,163,19,19,78,83,4553
trees_20.newick,36,43,21,152,19,19,77,79,4570
trees_20.newick,36,44,21,138,19,19,76,76,4429
trees_20.newick,36,45,21,161,19,19,79,79,4965
trees_20.newick,36,46,21,123,19,19,74,78,6301
trees_20.newick,36,47,21,171,19,19,79,79,4772
trees_20.newick,36,48,21,166,19,19,82,77,4474
trees_20.newick,36,49,21,168,19,19,79,78,4524
trees_20.newick,37,38,21,143,19,19,79,79,5223
trees_20.newick,37,39,21,155,19,19,79,80,6525
trees_20.newick,37,40,21,154,19,19,78,81,4965
trees_20.newick,37,41,21,150,19,19,79,80,4565
trees_20.newick,37,42,21,163,19,19,78,82,4838
trees_20.newick,37,43,21,141,19,19,77,79,4773
trees_20.newick,37,44,21,151,19,19,76,81,5087
trees_20.newick,37,45,21,138,19,19,76,80,5690
trees_20.newick,37,46,21,145,19,19,76,79,5292
trees_20.newick,37,47,21,156,19,19,76,78,4340
trees_20.newick,37,48,21,139,19,19,76,79,4774
trees_20.newick,37,49,21,150,19,19,77,78,4838
trees_20.newick,38,39,21,140,19,19,78,76,4674
trees_20.newick,38,40,21,161,19,19,101,81,5969
trees_20.newick,38,41,21,165,19,19,84,80,4612
trees_20.newick,38,42,21,163,19,19,80,84,4318
trees_20.newick,38,43,21,151,19,19,78,77,4405
trees_20.newick,38,44,21,150,19,19,78,80,4435
trees_20.newick,38,45,21,169,19,19,81,87,5496
trees_20.newick,38,46,21,111,19,19,73,78,6095
trees_20.newick,38,47,21,159,19,19,77,79,4612
trees_20.newick,38,48,21,164,19,19,78,76,4478
trees_20.newick,38,49,21,145,19,19,76,75,4773
trees_20.newick,39,40,21,140,19,19,77,81,4361
trees_20.newick,39,41,21,165,19,19,81,82,5241
trees_20.newick,39,42,21,144,19,19,77,79,4909
trees_20.newick,39,43,21,146,19,19,77,84,4875
trees_20.newick,39,44,21,142,19,19,76,76,4230
trees_20.newick,39,45,21,168,19,19,80,82,4384
trees_20.newick,39,46,21,129,19,19,75,82,4618
trees_20.newick,39,47,21,139,19,19,74,78,5867
trees_20.newick,39,48,21,140,19,19,78,78,4985
trees_20.newick,39,49,21,142,19,19,79,75,4470
trees_20.newick,40,41,21,138,19,19,78,78,4792
trees_20.newick,40,42,21,159,19,19,79,85,4384
trees_20.newick,40,43,21,148,19,19,76,79,5235
trees_20.newick,40,44,21,165,19,19,78,77,8020
trees_20.newick,40,45,21,157,19,19,77,85,4706
trees_20.newick,40,46,21,159,19,19,77,80,4414
trees_20.newick,40,47,21,128,19,19,72,75,4941
trees_20.newick,40,48,21,151,19,19,76,76,4461
trees_20.newick,40,49,21,154,19,19,76,79,4748
trees_20.newick,41,42,21,162,19,19,80,83,5118
trees_20.newick,41,43,21,150,19,19,79,76,4706
trees_20.newick,41,44,21,165,19,19,79,82,4319
trees_20.newick,41,45,21,171,19,19,81,84,4505
trees_20.newick,41,46,21,168,19,19,79,81,4803
trees_20.newick,41,47,21,164,19,19,77,79,5475
trees_20.newick,41,48,21,178,19,19,82,81,5018
trees_20.newick,41,49,21,126,19,19,79,75,15590
trees_20.newick,42,43,21,146,19,19,78,77,4393
trees_20.newick,42,44,21,166,19,19,79,78,4485
trees_20.newick,42,45,21,176,19,19,81,83,4591
trees_20.newick,42,46,21,165,19,19,78,81,5267
trees_20.newick,42,47,21,155,19,19,75,76,4572
trees_20.newick,42,48,21,139,19,19,74,75,4225
trees_20.newick,42,49,21,141,19,19,100,76,5095
trees_20.newick,43,44,21,152,19,19,79,81,4269
trees_20.newick,43,45,21,131,19,19,78,80,7353
trees_20.newick,43,46,21,142,19,19,76,79,4793
trees_20.newick,43,47,21,164,19,19,76,80,4434
trees_20.newick,43,48,21,139,19,19,75,75,4803
trees_20.newick,43,49,21,144,19,19,76,75,4349
trees_20.newick,44,45,21,166,19,19,83,86,4452
trees_20.newick,44,46,21,151,19,19,78,79,6349
trees_20.newick,44,47,21,162,19,19,78,81,4706
trees_20.newick,44,48,21,152,19,19,78,78,4278
trees_20.newick,44,49,21,132,19,19,75,74,4595
trees_20.newick,45,46,21,158,19,19,80,80,4518
trees_20.newick,45,47,21,170,19,19,79,81,4392
trees_20.newick,45,48,21,163,19,19,79,80,5305
trees_20.newick,45,49,21,127,19,19,75,132,4668
trees_20.newick,46,47,21,161,19,19,78,83,4472
trees_20.newick,46,48,21,157,19,19,79,84,4293
trees_20.newick,46,49,21,175,19,19,79,78,4338
trees_20.newick,47,48,21,135,19,19,76,76,4881
trees_20.newick,47,49,21,150,19,19,76,74,5203
trees_20.newick,48,49,21,138,19,19,77,74,4661
trees_500.newick,0,1,501,19774,499,499,4816,54916,388545
trees_500.newick,0,2,501,19692,499,499,4712,54494,314662
trees_500.newick,0,3,501,19948,499,499,4747,56679,360891
trees_500.newick,0,4,501,19941,499,499,4799,55275,304450
trees_500.newick,0,5,501,19712,499,499,4771,54564,357119
trees_500.newick,0,6,501,19751,499,499,4727,55614,323106
trees_500.newick,0,7,501,19899,499,499,4803,55408,307072
trees_500.newick,0,8,501,19641,499,499,4724,53382,534821
trees_500.newick,0,9,501,19818,499,499,4753,55463,311175
trees_500.newick,0,10,501,19993,499,499,4838,54630,420470
trees_500.newick,0,11,501,19708,499,499,4708,55288,320136
trees_500.newick,0,12,501,19749,499,499,4773,54597,304532
trees_500.newick,0,13,501,19894,499,499,4772,55786,402276
trees_500.newick,0,14,501,19699,499,499,5864,54806,335618
trees_500.newick,0,15,501,19606,499,499,4745,55407,344252
trees_500.newick,0,16,501,19782,499,499,4859,55415,407067
trees_500.newick,0,17,501,19714,499,499,4743,56356,303613
trees_500.newick,0,18,501,19746,499,499,4744,53331,384606
trees_500.newick,0,19,501,19577,499,499,4806,54920,308512
trees_500.newick,0,20,501,19930,499,499,4809,54592,308503
trees_500.newick,0,21,501,19855,499,499,4805,55222,366587
trees_500.newick,0,22,501,19685,499,499,4771,55458,376103
trees_500.newick,0,23,501,20035,499,499,4900,54486,443541
trees_500.newick,0,24,501,19802,499,499,4863,54390,309517
trees_500.newick,0,25,501,19648,499,499,4936,55054,311876
trees_500.newick,0,26,501,19738,499,499,4316,55626,465649
trees_500.newick,0,27,501,19674,499,499,4264,55387,303262
trees_500.newick,0,28,501,20029,499,499,4238,57269,337254
trees_500.newick,0,29,501,19613,499,499,4458,58064,403678
trees_500.newick,0,30,501,19526,499,499,4197,55882,307661
trees_500.newick,0,31,501,19743,499,499,4769,55636,362005
trees_500.newick,0,32,501,19785,499,499,4282,55470,314067
trees_500.newick,0,33,501,19733,499,499,4779,56313,314893
trees_500.newick,0,34,501,19982,499,499,4229,54836,364809
trees_500.newick,0,35,501,19850,499,499,4320,55531,302768
trees_500.newick,0,36,501,19809,499,499,4274,55867,450865
trees_500.newick,0,37,501,19859,499,499,4213,55550,326754
trees_500.newick,0,38,501,19750,499,499,4206,54653,310223
trees_500.newick,0,39,501,19623,499,499,4259,55378,452280
trees_500.newick,0,40,501,19461,499,499,4194,55462,315055
trees_500.newick,0,41,501,19541,499,499,4206,55203,334894
trees_500.newick,0,42,501,19966,499,499,4249,55262,407635
trees_500.newick,0,43,501,19683,499,499,4193,56396,300300
trees_500.newick,0,44,501,19835,499,499,4250,55003,374302
trees_500.newick,0,45,501,19495,499,499,4209,54792,312456
trees_500.newick,0,46,501,19606,499,499,4311,54976,312466
trees_500.newick,0,47,501,19641,499,499,4198,53778,372994
trees_500.newick,0,48,501,19832,499,499,4237,55126,455834
trees_500.newick,0,49,501,19562,499,499,4169,54934,365249
trees_500.newick,1,2,501,20035,499,499,4287,54931,324428
trees_500.newick,1,3,501,19972,499,499,4199,53680,412593
trees_500.newick,1,4,501,19496,499,499,4236,54205,337428
trees_500.newick,1,5,501,19670,499,499,4234,53726,305901
trees_500.newick,1,6,501,19945,499,499,4240,55281,361234
trees_500.newick,1,7,501,19742,499,499,4218,54250,399258
trees_500.newick,1,8,501,19708,499,499,4220,53867,311154
trees_500.newick,1,9,501,19757,499,499,4221,55563,393127
trees_500.newick,1,10,501,19993,499,499,4278,69583,301837
trees_500.newick,1,11,501,19651,499,499,4175,57372,346007
trees_500.newick,1,12,501,20183,499,499,4250,54838,330749
trees_500.newick,1,13,501,19707,499,499,4753,54276,303664
trees_500.newick,1,14,501,19505,499,499,4219,56211,370116
trees_500.newick,1,15,501,19566,499,499,4216,54162,330115
trees_500.newick,1,16,501,20048,499,499,4264,55038,313863
trees_500.newick,1,17,501,19937,499,499,4238,55446,376319
trees_500.newick,1,18,501,20090,499,499,4246,54696,306220
trees_500.newick,1,19,501,19842,499,499,4253,54927,365570
trees_500.newick,1,20,501,19986,499,499,4276,54711,321433
trees_500.newick,1,21,501,19883,499,499,4264,55201,302644
trees_500.newick,1,22,501,19680,499,499,4193,54328,355483
trees_500.newick,1,23,501,19804,499,499,4245,54288,391803
trees_500.newick,1,24,501,19738,499,499,4247,53739,338548
trees_500.newick,1,25,501,19958,499,499,4251,54227,338450
trees_500.newick,1,26,501,19779,499,499,4234,54190,301850
trees_500.newick,1,27,501,19824,499,499,4200,55063,395647
trees_500.newick,1,28,501,19725,499,499,4207,55186,331253
trees_500.newick,1,29,501,19804,499,499,4225,55508,317266
trees_500.newick,1,30,501,19959,499,499,4254,55651,447438
trees_500.newick,1,31,501,19474,499,499,4231,55396,307308
trees_500.newick,1,32,501,19689,499,499,4273,54568,356767
trees_500.newick,1,33,501,19755,499,499,4198,53998,341684
trees_500.newick,1,34,501,19889,499,499,4235,54326,307701
trees_500.newick,1,35,501,19766,499,499,4244,55119,479741
trees_500.newick,1,36,501,19952,499,499,4573,55289,304980
trees_500.newick,1,37,501,19906,499,499,4575,54043,357615
trees_500.newick,1,38,501,20037,499,499,4561,54885,324800
trees_500.newick,1,39,501,19509,499,499,4868,54432,325097
trees_500.newick,1,40,501,19972,499,499,4705,54657,511785
trees_500.newick,1,41,501,19785,499,499,4351,54141,339465
trees_500.newick,1,42,501,20053,499,499,4322,55428,361947
trees_500.newick,1,43,501,19700,499,499,4673,55316,318829
trees_500.newick,1,44,501,19858,499,499,4727,54317,382677
trees_500.newick,1,45,501,20102,499,499,4397,54934,377032
trees_500.newick,1,46,501,19649,499,499,4775,54815,304355
trees_500.newick,1,47,501,19823,499,499,4236,55451,325957
trees_500.newick,1,48,501,19846,499,499,4977,54707,351747
trees_500.newick,1,49,501,20084,499,499,4256,54590,302393
trees_500.newick,2,3,501,19809,499,499,4751,54384,381258
trees_500.newick,2,4,501,19955,499,499,4243,54457,329165
trees_500.newick,2,5,501,19594,499,499,4255,54172,302525
trees_500.newick,2,6,501,19930,499,499,4290,54681,364749
trees_500.newick,2,7,501,19839,499,499,4256,54577,318037
trees_500.newick,2,8,501,19438,499,499,4214,53093,402182
trees_500.newick,2,9,501,19638,499,499,4243,54682,405923
trees_500.newick,2,10,501,19946,499,499,4332,55693,299859
trees_500.newick,2,11,501,19483,499,499,4180,55102,369715
trees_500.newick,2,12,501,19738,499,499,4239,54975,314309
trees_500.newick,2,13,501,19589,499,499,4255,56578,389370
trees_500.newick,2,14,501,19610,499,499,4224,55481,352000
trees_500.newick,2,15,501,19901,499,499,4330,54628,312512
trees_500.newick,2,16,501,19564,499,499,4247,54928,355410
trees_500.newick,2,17,501,19790,499,499,4205,55380,400884
trees_500.newick,2,18,501,19837,499,499,4214,53378,304484
trees_500.newick,2,19,501,19548,499,499,4188,53991,454303
trees_500.newick,2,20,501,19816,499,499,4279,53744,299394
trees_500.newick,2,21,501,19849,499,499,4240,54261,354457
trees_500.newick,2,22,501,19684,499,499,4218,55017,316763
trees_500.newick,2,23,501,19793,499,499,4234,54295,308069
trees_500.newick,2,24,501,19835,499,499,4274,56967,367877
trees_500.newick,2,25,501,19365,499,499,4180,53421,473419
trees_500.newick,2,26,501,19420,499,499,4178,53981,335219
trees_500.newick,2,27,501,19863,499,499,4199,55396,329521
trees_500.newick,2,28,501,19778,499,499,4194,55066,301279
trees_500.newick,2,29,501,19613,499,499,4195,54478,363772
trees_500.newick,2,30,501,19624,499,499,4206,54674,309768
trees_500.newick,2,31,501,19696,499,499,4245,54969,309382
trees_500.newick,2,32,501,19717,499,499,4197,54932,463899
trees_500.newick,2,33,501,19395,499,499,4180,55549,297103
trees_500.newick,2,34,501,19735,499,499,4180,54320,370603
trees_500.newick,2,35,501,19726,499,499,4220,56596,407592
trees_500.newick,2,36,501,19590,499,499,4218,55074,305990
trees_500.newick,2,37,501,19691,499,499,4172,54015,371526
trees_500.newick,2,38,501,19747,499,499,4201,54680,308689
trees_500.newick,2,39,501,19739,499,499,4248,55805,329512
trees_500.newick,2,40,501,19570,499,499,4188,53841,337538
trees_500.newick,2,41,501,19522,499,499,4205,54974,300364
trees_500.newick,2,42,501,19816,499,499,4646,55423,367785
trees_500.newick,2,43,501,19691,499,499,4201,55095,324774
trees_500.newick,2,44,501,19946,499,499,4281,55167,298222
trees_500.newick,2,45,501,19630,499,499,4199,55884,459044
trees_500.newick,2,46,501,19742,499,499,4229,56631,307602
trees_500.newick,2,47,501,19647,499,499,4197,53744,438568
trees_500.newick,2,48,501,19735,499,499,4234,54582,318962
trees_500.newick,2,49,501,20091,499,499,4221,54810,306563
trees_500.newick,3,4,501,19696,499,499,4604,54536,446545
trees_500.newick,3,5,501,19847,499,499,4235,54261,384475
trees_500.newick,3,6,501,20131,499,499,4678,55810,339668
trees_500.newick,3,7,501,19850,499,499,4727,54063,326798
trees_500.newick,3,8,501,19867,499,499,4252,53524,289650
trees_500.newick,3,9,501,19752,499,499,4207,54442,370251
trees_500.newick,3,10,501,20116,499,499,4347,55274,367624
trees_500.newick,3,11,501,19622,499,499,4135,55301,432780
trees_500.newick,3,12,501,19601,499,499,4198,54580,408954
trees_500.newick,3,13,501,20050,499,499,4251,53886,310295
trees_500.newick,3,14,501,19873,499,499,4259,55470,383175
trees_500.newick,3,15,501,19997,499,499,4229,54826,392628
trees_500.newick,3,16,501,19921,499,499,4250,53976,336307
trees_500.newick,3,17,501,19603,499,499,4189,55432,345000
trees_500.newick,3,18,501,19740,499,499,4173,54039,296653
trees_500.newick,3,19,501,19711,499,499,4191,53961,399486
trees_500.newick,3,20,501,19879,499,499,4240,54117,431217
trees_500.newick,3,21,501,19884,499,499,4271,54222,370331
trees_500.newick,3,22,501,19947,499,499,4215,55428,327744
trees_500.newick,3,23,501,20087,499,499,4797,54110,318696
trees_500.newick,3,24,501,19767,499,499,4671,54764,354198
trees_500.newick,3,25,501,19845,499,499,4242,54928,304656
trees_500.newick,3,26,501,19909,499,499,4228,54319,362033
trees_500.newick,3,27,501,19881,499,499,4238,54100,392367
trees_500.newick,3,28,501,19695,499,499,4176,54906,381434
trees_500.newick,3,29,501,19754,499,499,5213,54363,444975
trees_500.newick,3,30,501,19717,499,499,4185,55877,308196
trees_500.newick,3,31,501,19863,499,499,4284,54975,368630
trees_500.newick,3,32,501,19912,499,499,4204,54531,360261
trees_500.newick,3,33,501,19706,499,499,4187,54698,312490
trees_500.newick,3,34,501,19971,499,499,4166,55452,370031
trees_500.newick,3,35,501,19793,499,499,4198,54397,373109
trees_500.newick,3,36,501,19773,499,499,4245,55088,350435
trees_500.newick,3,37,501,19828,499,499,4158,54785,325137
trees_500.newick,3,38,501,19720,499,499,4174,54279,301828
trees_500.newick,3,39,501,19515,499,499,4196,55599,522021
trees_500.newick,3,40,501,19687,499,499,4210,55737,312294
trees_500.newick,3,41,501,20061,499,499,4218,54640,329088
trees_500.newick,3,42,501,19883,499,499,4669,55492,428004
trees_500.newick,3,43,501,19760,499,499,4187,56706,302186
trees_500.newick,3,44,501,20016,499,499,4275,53832,459684
trees_500.newick,3,45,501,19899,499,499,4689,55270,304627
trees_500.newick,3,46,501,19914,499,499,4199,55895,318075
trees_500.newick,3,47,501,19896,499,499,4212,54516,343199
trees_500.newick,3,48,501,20024,499,499,4809,56057,309561
trees_500.newick,3,49,501,19737,499,499,4606,55244,360468
trees_500.newick,4,5,501,19607,499,499,4380,54428,388916
trees_500.newick,4,6,501,20251,499,499,5054,55096,383985
trees_500.newick,4,7,501,19914,499,499,4883,55786,374332
trees_500.newick,4,8,501,20003,499,499,5120,54275,294928
trees_500.newick,4,9,501,19867,499,499,4282,54312,346366
trees_500.newick,4,10,501,19991,499,499,4443,54076,402302
trees_500.newick,4,11,501,19713,499,499,4709,54656,307963
trees_500.newick,4,12,501,19807,499,499,4346,55283,613390
trees_500.newick,4,13,501,20086,499,499,4328,57487,311338
trees_500.newick,4,14,501,19712,499,499,4858,57692,343228
trees_500.newick,4,15,501,20052,499,499,4263,54981,327866
trees_500.newick,4,16,501,20050,499,499,4777,54378,298710
trees_500.newick,4,17,501,19982,499,499,4723,55662,354086
trees_500.newick,4,18,501,19529,499,499,4209,55232,393611
trees_500.newick,4,19,501,19761,499,499,4245,54575,312572
trees_500.newick,4,20,501,19773,499,499,4252,54446,452129
trees_500.newick,4,21,501,20007,499,499,4263,54647,310676
trees_500.newick,4,22,501,19759,499,499,4729,54717,359842
trees_500.newick,4,23,501,19875,499,499,4250,54328,410573
trees_500.newick,4,24,501,19721,499,499,4252,55819,390889
trees_500.newick,4,25,501,19678,499,499,4225,53823,431554
trees_500.newick,4,26,501,20011,499,499,4261,55480,300732
trees_500.newick,4,27,501,19784,499,499,4726,54699,358691
trees_500.newick,4,28,501,19744,499,499,4202,54375,340481
trees_500.newick,4,29,501,19643,499,499,4235,54312,351832
trees_500.newick,4,30,501,19902,499,499,4231,55003,404082
trees_500.newick,4,31,501,19698,499,499,4264,55647,432228
trees_500.newick,4,32,501,19854,499,499,4221,55966,358795
trees_500.newick,4,33,501,19734,499,499,4224,55739,321834
trees_500.newick,4,34,501,19931,499,499,4241,54389,308722
trees_500.newick,4,35,501,19674,499,499,4393,55778,381083
trees_500.newick,4,36,501,19838,499,499,4396,55358,383068
trees_500.newick,4,37,501,19905,499,499,4377,54752,341406
trees_500.newick,4,38,501,19840,499,499,4265,54202,316224
trees_500.newick,4,39,501,19683,499,499,4387,55407,382647
trees_500.newick,4,40,501,19826,499,499,4360,54358,388973
trees_500.newick,4,41,501,19965,499,499,4323,54334,396609
trees_500.newick,4,42,501,19776,499,499,4768,56019,418160
trees_500.newick,4,43,501,19842,499,499,4289,55643,320894
trees_500.newick,4,44,501,19917,499,499,4340,54821,374003
trees_500.newick,4,45,501,19781,499,499,4281,55696,374173
trees_500.newick,4,46,501,19950,499,499,4245,54703,303688
trees_500.newick,4,47,501,19962,499,499,4721,53459,312184
trees_500.newick,4,48,501,20027,499,499,4405,55420,356499
trees_500.newick,4,49,501,19901,499,499,5073,54733,308112
trees_500.newick,5,6,501,20023,499,499,4444,56500,518654
trees_500.newick,5,7,501,19808,499,499,5193,54760,325776
trees_500.newick,5,8,501,19753,499,499,5028,54206,390567
trees_500.newick,5,9,501,19693,499,499,4770,54617,361569
trees_500.newick,5,10,501,19934,499,499,4730,55351,306658
trees_500.newick,5,11,501,19802,499,499,5846,55001,358548
trees_500.newick,5,12,501,19940,499,499,4315,54327,322148
trees_500.newick,5,13,501,19761,499,499,4253,54530,305337
trees_500.newick,5,14,501,19755,499,499,4242,54585,365355
trees_500.newick,5,15,501,19477,499,499,4207,56605,327926
trees_500.newick,5,16,501,19729,499,499,4245,54255,310096
trees_500.newick,5,17,501,20025,499,499,5487,57348,364406
trees_500.newick,5,18,501,19591,499,499,4738,53946,327742
trees_500.newick,5,19,501,19710,499,499,4645,54807,334713
trees_500.newick,5,20,501,19790,499,499,4542,55038,331607
trees_500.newick,5,21,501,19297,499,499,4222,54780,294359
trees_500.newick,5,22,501,19747,499,499,4209,54413,364957
trees_500.newick,5,23,501,19786,499,499,4324,55351,332361
trees_500.newick,5,24,501,19393,499,499,4286,55131,396391
trees_500.newick,5,25,501,19606,499,499,4339,54672,427374
trees_500.newick,5,26,501,19488,499,499,4259,55436,303848
trees_500.newick,5,27,501,20002,499,499,4254,55359,445528
trees_500.newick,5,28,501,19862,499,499,4717,56034,322230
trees_500.newick,5,29,501,19743,499,499,4278,54336,301995
trees_500.newick,5,30,501,19777,499,499,4230,56307,385553
trees_500.newick,5,31,501,19448,499,499,4232,55381,399601
trees_500.newick,5,32,501,19627,499,499,4195,56272,368949
trees_500.newick,5,33,501,19513,499,499,4182,54937,397210
trees_500.newick,5,34,501,19621,499,499,4173,54758,321374
trees_500.newick,5,35,501,19904,499,499,4210,54549,369597
trees_500.newick,5,36,501,19642,499,499,4236,54623,317020
trees_500.newick,5,37,501,19679,499,499,4161,56005,342824
trees_500.newick,5,38,501,19704,499,499,5237,55412,322182
trees_500.newick,5,39,501,19646,499,499,4278,55199,377569
trees_500.newick,5,40,501,19648,499,499,4244,54354,354332
trees_500.newick,5,41,501,19779,499,499,4220,54757,473107
trees_500.newick,5,42,501,19688,499,499,4240,54082,342021
trees_500.newick,5,43,501,19716,499,499,4195,56663,339162
trees_500.newick,5,44,501,19765,499,499,4266,54415,301695
trees_500.newick,5,45,501,19552,499,499,4207,55349,449481
trees_500.newick,5,46,501,19759,499,499,4240,54038,312648
trees_500.newick,5,47,501,19548,499,499,4256,55012,320881
trees_500.newick,5,48,501,19876,499,499,4285,54977,345719
trees_500.newick,5,49,501,19606,499,499,4193,56044,307189
trees_500.newick,6,7,501,20028,499,499,4274,55942,361113
trees_500.newick,6,8,501,19706,499,499,4719,54367,403971
trees_500.newick,6,9,501,19763,499,499,4513,55836,299317
trees_500.newick,6,10,501,19956,499,499,4376,54320,374854
trees_500.newick,6,11,501,19932,499,499,4733,54955,312008
trees_500.newick,6,12,501,19837,499,499,4778,55326,338327
trees_500.newick,6,13,501,20170,499,499,4339,55974,336144
trees_500.newick,6,14,501,19762,499,499,4807,55592,298088
trees_500.newick,6,15,501,19803,499,499,4322,55325,370051
trees_500.newick,6,16,501,20030,499,499,4363,53397,466347
trees_500.newick,6,17,501,20313,499,499,4820,55254,319497
trees_500.newick,6,18,501,19850,499,499,4820,54201,359532
trees_500.newick,6,19,501,19914,499,499,4560,55097,308182
trees_500.newick,6,20,501,19777,499,499,4817,54770,367008
trees_500.newick,6,21,501,19862,499,499,5542,56084,403666
trees_500.newick,6,22,501,19554,499,499,4229,54152,383106
trees_500.newick,6,23,501,19842,499,499,5732,53823,372226
trees_500.newick,6,24,501,19681,499,499,4279,55566,309499
trees_500.newick,6,25,501,19749,499,499,4303,54224,473872
trees_500.newick,6,26,501,19931,499,499,4348,55543,352116
trees_500.newick,6,27,501,19730,499,499,4921,54580,407871
trees_500.newick,6,28,501,19764,499,499,4225,54607,345603
trees_500.newick,6,29,501,19591,499,499,5685,54088,379567
trees_500.newick,6,30,501,19633,499,499,4282,55525,352117
trees_500.newick,6,31,501,19713,499,499,4492,54533,325693
trees_500.newick,6,32,501,19803,499,499,4254,55556,302138
trees_500.newick,6,33,501,19832,499,499,4280,55789,355754
trees_500.newick,6,34,501,19884,499,499,4200,54075,321039
trees_500.newick,6,35,501,20038,499,499,4292,55686,326005
trees_500.newick,6,36,501,19616,499,499,4766,54926,434894
trees_500.newick,6,37,501,19722,499,499,5116,54610,301434
trees_500.newick,6,38,501,19966,499,499,5336,54289,386515
trees_500.newick,6,39,501,19834,499,499,5555,54964,321083
trees_500.newick,6,40,501,19817,499,499,4667,54863,391720
trees_500.newick,6,41,501,19581,499,499,4519,55416,358423
trees_500.newick,6,42,501,19840,499,499,4428,55323,310118
trees_500.newick,6,43,501,20061,499,499,4572,55719,351258
trees_500.newick,6,44,501,19964,499,499,5754,54362,399106
trees_500.newick,6,45,501,19726,499,499,4966,56352,459486
trees_500.newick,6,46,501,19795,499,499,4294,54565,360973
trees_500.newick,6,47,501,19638,499,499,4232,53714,384767
trees_500.newick,6,48,501,19658,499,499,4385,54136,436356
trees_500.newick,6,49,501,19875,499,499,4320,53814,395163
trees_500.newick,7,8,501,19928,499,499,4434,54373,392894
trees_500.newick,7,9,501,19866,499,499,4410,53532,414065
trees_500.newick,7,10,501,19735,499,499,4869,54933,303367
trees_500.newick,7,11,501,19750,499,499,4212,54203,366106
trees_500.newick,7,12,501,19689,499,499,4360,55464,389334
trees_500.newick,7,13,501,19705,499,499,4243,55954,290602
trees_500.newick,7,14,501,19463,499,499,4286,55511,550981
trees_500.newick,7,15,501,19540,499,499,4220,54460,295004
trees_500.newick,7,16,501,20036,499,499,4401,54155,341867
trees_500.newick,7,17,501,20124,499,499,4812,55404,331107
trees_500.newick,7,18,501,19949,499,499,4861,55053,312221
trees_500.newick,7,19,501,19813,499,499,4808,55892,356984
trees_500.newick,7,20,501,19909,499,499,5628,54718,318456
trees_500.newick,7,21,501,19937,499,499,6248,57061,318518
trees_500.newick,7,22,501,19962,499,499,5499,54417,441491
trees_500.newick,7,23,501,19676,499,499,5242,54261,305820
trees_500.newick,7,24,501,19972,499,499,4738,56186,379980
trees_500.newick,7,25,501,19785,499,499,6597,55022,395937
trees_500.newick,7,26,501,19828,499,499,5173,53865,289170
trees_500.newick,7,27,501,19983,499,499,4789,54821,375150
trees_500.newick,7,28,501,19969,499,499,4973,55362,321411
trees_500.newick,7,29,501,19677,499,499,4970,54793,343737
trees_500.newick,7,30,501,19790,499,499,4378,55555,353271
trees_500.newick,7,31,501,19579,499,499,5590,58138,310096
trees_500.newick,7,32,501,19750,499,499,4507,54817,375975
trees_500.newick,7,33,501,19709,499,499,5380,54506,397580
trees_500.newick,7,34,501,19681,499,499,4284,63975,389489
trees_500.newick,7,35,501,20161,499,499,4282,54925,363433
trees_500.newick,7,36,501,19692,499,499,4771,55830,376626
trees_500.newick,7,37,501,20042,499,499,4487,54598,353542
trees_500.newick,7,38,501,19950,499,499,4767,56225,383637
trees_500.newick,7,39,501,19412,499,499,4713,54759,403203
trees_500.newick,7,40,501,19681,499,499,4267,55856,351642
trees_500.newick,7,41,501,20110,499,499,4319,54416,305080
trees_500.newick,7,42,501,19900,499,499,4725,54705,374423
trees_500.newick,7,43,501,19844,499,499,5646,54922,400603
trees_500.newick,7,44,501,20048,499,499,4792,54589,306749
trees_500.newick,7,45,501,19716,499,499,4797,55959,483853
trees_500.newick,7,46,501,20089,499,499,4811,54465,305769
trees_500.newick,7,47,501,19832,499,499,4785,55434,357543
trees_500.newick,7,48,501,19985,499,499,5713,54141,335135
trees_500.newick,7,49,501,20042,499,499,4870,54742,382164
trees_500.newick,8,9,501,19742,499,499,4750,53264,380470
trees_500.newick,8,10,501,20099,499,499,4277,54904,316013
trees_500.newick,8,11,501,19987,499,499,4708,54307,628260
trees_500.newick,8,12,501,19581,499,499,4673,54279,372903
trees_500.newick,8,13,501,20027,499,499,4260,54966,350114
trees_500.newick,8,14,501,19914,499,499,4763,55145,333244
trees_500.newick,8,15,501,19270,499,499,4660,54175,372396
trees_500.newick,8,16,501,19923,499,499,4234,54632,474465
trees_500.newick,8,17,501,19902,499,499,4757,55520,305921
trees_500.newick,8,18,501,19908,499,499,4769,54544,474489
trees_500.newick,8,19,501,19969,499,499,4730,55343,313402
trees_500.newick,8,20,501,19641,499,499,4751,53922,394515
trees_500.newick,8,21,501,19463,499,499,4162,54713,433049
trees_500.newick,8,22,501,19962,499,499,4229,55394,392441
trees_500.newick,8,23,501,19905,499,499,4753,55689,359873
trees_500.newick,8,24,501,19822,499,499,4916,55217,388126
trees_500.newick,8,25,501,19747,499,499,4904,54356,456273
trees_500.newick,8,26,501,19805,499,499,4364,54242,459159
trees_500.newick,8,27,501,19744,499,499,4691,55463,321217
trees_500.newick,8,28,501,19802,499,499,4227,53682,371261
trees_500.newick,8,29,501,19871,499,499,4567,55192,312876
trees_500.newick,8,30,501,19716,499,499,5465,55366,355092
trees_500.newick,8,31,501,19826,499,499,5577,55206,327541
trees_500.newick,8,32,501,19385,499,499,4797,54065,302323
trees_500.newick,8,33,501,19884,499,499,4326,54719,464736
trees_500.newick,8,34,501,19805,499,499,4730,54803,318078
trees_500.newick,8,35,501,20039,499,499,4781,56236,331572
trees_500.newick,8,36,501,19787,499,499,4752,54841,353043
trees_500.newick,8,37,501,19749,499,499,4671,55749,385022
trees_500.newick,8,38,501,19908,499,499,4688,55129,391423
trees_500.newick,8,39,501,19924,499,499,4784,57621,320726
trees_500.newick,8,40,501,19788,499,499,4718,54178,322824
trees_500.newick,8,41,501,19700,499,499,4239,55759,450347
trees_500.newick,8,42,501,19788,499,499,4224,56871,303805
trees_500.newick,8,43,501,19940,499,499,4832,55566,389586
trees_500.newick,8,44,501,19879,499,499,4779,55259,328146
trees_500.newick,8,45,501,19930,499,499,4793,55956,326516
trees_500.newick,8,46,501,19976,499,499,4740,55448,436052
trees_500.newick,8,47,501,19749,499,499,4754,54717,304067
trees_500.newick,8,48,501,19818,499,499,4236,55399,374255
trees_500.newick,8,49,501,20038,499,499,4720,55704,333832
trees_500.newick,9,10,501,20356,499,499,4861,56061,306921
trees_500.newick,9,11,501,19676,499,499,4684,62012,375857
trees_500.newick,9,12,501,19646,499,499,4190,60149,309114
trees_500.newick,9,13,501,19786,499,499,4248,57511,339232
trees_500.newick,9,14,501,19785,499,499,4742,56142,346535
trees_500.newick,9,15,501,19950,499,499,4734,56248,311949
trees_500.newick,9,16,501,19741,499,499,4736,54138,362573
trees_500.newick,9,17,501,19881,499,499,4733,55286,321734
trees_500.newick,9,18,501,19955,499,499,4771,53871,305168
trees_500.newick,9,19,501,19890,499,499,4729,55071,374770
trees_500.newick,9,20,501,19986,499,499,4841,54955,314339
trees_500.newick,9,21,501,19759,499,499,4713,54909,441437
trees_500.newick,9,22,501,20037,499,499,4655,55204,327785
trees_500.newick,9,23,501,19795,499,499,4753,55366,318749
trees_500.newick,9,24,501,19648,499,499,4742,54964,401700
trees_500.newick,9,25,501,19707,499,499,4217,54891,336773
trees_500.newick,9,26,501,19689,499,499,4239,54010,345599
trees_500.newick,9,27,501,19908,499,499,4183,55092,326197
trees_500.newick,9,28,501,19551,499,499,4768,55351,301735
trees_500.newick,9,29,501,19975,499,499,4264,53768,359115
trees_500.newick,9,30,501,19940,499,499,4839,55842,308451
trees_500.newick,9,31,501,19668,499,499,4759,54989,304551
trees_500.newick,9,32,501,19870,499,499,4221,55055,370344
trees_500.newick,9,33,501,19468,499,499,4692,53548,305288
trees_500.newick,9,34,501,19829,499,499,4374,54959,321317
trees_500.newick,9,35,501,19940,499,499,4738,54769,335288
trees_500.newick,9,36,501,19588,499,499,4743,55887,296868
trees_500.newick,9,37,501,19874,499,499,4175,56149,364849
trees_500.newick,9,38,501,19883,499,499,4824,53718,393470
trees_500.newick,9,39,501,20068,499,499,4837,54807,302839
trees_500.newick,9,40,501,19837,499,499,4895,55554,377834
trees_500.newick,9,41,501,19630,499,499,4792,55345,376660
trees_500.newick,9,42,501,19603,499,499,4472,54611,603544
trees_500.newick,9,43,501,19818,499,499,4646,56236,313218
trees_500.newick,9,44,501,20061,499,499,5076,54057,307676
trees_500.newick,9,45,501,19826,499,499,5065,54900,440787
trees_500.newick,9,46,501,19678,499,499,5620,54649,451106
trees_500.newick,9,47,501,19850,499,499,5035,55137,446056
trees_500.newick,9,48,501,19751,499,499,5108,53907,305605
trees_500.newick,9,49,501,19833,499,499,5373,55095,316946
trees_500.newick,10,11,501,19820,499,499,4812,55030,359751
trees_500.newick,10,12,501,19725,499,499,4253,54267,379147
trees_500.newick,10,13,501,19751,499,499,4341,55037,531916
trees_500.newick,10,14,501,19877,499,499,4804,54114,304574
trees_500.newick,10,15,501,19648,499,499,4757,55177,312863
trees_500.newick,10,16,501,19752,499,499,4264,54511,368262
trees_500.newick,10,17,501,20052,499,499,4208,55621,308163
trees_500.newick,10,18,501,20088,499,499,4769,54430,340407
trees_500.newick,10,19,501,19763,499,499,4770,54013,336242
trees_500.newick,10,20,501,19930,499,499,5032,54961,292386
trees_500.newick,10,21,501,19861,499,499,4743,53701,350555
trees_500.newick,10,22,501,19966,499,499,4755,55195,315650
trees_500.newick,10,23,501,20093,499,499,4810,54921,311611
trees_500.newick,10,24,501,19527,499,499,4714,57239,545459
trees_500.newick,10,25,501,19947,499,499,4248,54186,299202
trees_500.newick,10,26,501,19712,499,499,4742,53870,447440
trees_500.newick,10,27,501,19909,499,499,4187,54174,1405210
trees_500.newick,10,28,501,20086,499,499,4740,54178,1201243
trees_500.newick,10,29,501,19691,499,499,4726,53789,1472393
trees_500.newick,10,30,501,20056,499,499,4328,54741,909007
trees_500.newick,10,31,501,19952,499,499,4818,55606,913545
trees_500.newick,10,32,501,19958,499,499,4755,54104,935453
trees_500.newick,10,33,501,19864,499,499,4739,54805,654781
trees_500.newick,10,34,501,19875,499,499,4708,53901,693119
trees_500.newick,10,35,501,19900,499,499,4729,54775,639227
trees_500.newick,10,36,501,19982,499,499,4789,55387,563128
trees_500.newick,10,37,501,19651,499,499,4683,56256,691038
trees_500.newick,10,38,501,20086,499,499,4309,55280,462424
trees_500.newick,10,39,501,19801,499,499,4841,54906,593891
trees_500.newick,10,40,501,19945,499,499,4764,54918,460537
trees_500.newick,10,41,501,20172,499,499,4783,54901,492010
trees_500.newick,10,42,501,19857,499,499,4842,54895,604519
trees_500.newick,10,43,501,19766,499,499,4705,55372,471691
trees_500.newick,10,44,501,20122,499,499,4321,55005,481077
trees_500.newick,10,45,501,20017,499,499,4806,55601,584233
trees_500.newick,10,46,501,19869,499,499,4758,54619,488715
trees_500.newick,10,47,501,19739,499,499,4769,53622,456363
trees_500.newick,10,48,501,19917,499,499,4244,54172,506228
trees_500.newick,10,49,501,20284,499,499,4773,54744,461586
trees_500.newick,11,12,501,19938,499,499,4716,55962,513061
trees_500.newick,11,13,501,19709,499,499,4799,54784,532104
trees_500.newick,11,14,501,19668,499,499,4222,54537,595340
trees_500.newick,11,15,501,19604,499,499,4240,54114,486562
trees_500.newick,11,16,501,19860,499,499,4300,54123,447171
trees_500.newick,11,17,501,19898,499,499,5011,56150,573354
trees_500.newick,11,18,501,19715,499,499,4917,53548,494697
trees_500.newick,11,19,501,19763,499,499,5973,54588,489020
trees_500.newick,11,20,501,19619,499,499,5104,54549,454836
trees_500.newick,11,21,501,19792,499,499,5140,54519,483433
trees_500.newick,11,22,501,19669,499,499,4742,55180,469386
trees_500.newick,11,23,501,19682,499,499,4229,54788,469242
trees_500.newick,11,24,501,19812,499,499,4259,55018,478718
trees_500.newick,11,25,501,19398,499,499,4617,54171,483618
trees_500.newick,11,26,501,19894,499,499,4223,55597,630277
trees_500.newick,11,27,501,19604,499,499,4576,54095,678671
trees_500.newick,11,28,501,19620,499,499,4189,55165,644353
trees_500.newick,11,29,501,19483,499,499,4183,53776,785748
trees_500.newick,11,30,501,19603,499,499,4179,55026,974192
trees_500.newick,11,31,501,19661,499,499,4261,55529,572809
trees_500.newick,11,32,501,19611,499,499,4194,55283,603628
trees_500.newick,11,33,501,19710,499,499,4202,54196,470832
trees_500.newick,11,34,501,19588,499,499,4434,53803,577309
trees_500.newick,11,35,501,19848,499,499,4220,54167,527891
trees_500.newick,11,36,501,19786,499,499,4677,54968,532405
trees_500.newick,11,37,501,19735,499,499,4688,55410,844531
trees_500.newick,11,38,501,19779,499,499,4172,54572,655778
trees_500.newick,11,39,501,19608,499,499,4666,55506,625800
trees_500.newick,11,40,501,19974,499,499,4221,53803,553332
trees_500.newick,11,41,501,19723,499,499,4657,54585,747795
trees_500.newick,11,42,501,19772,499,499,4200,54665,528585
trees_500.newick,11,43,501,19980,499,499,4656,55903,574014
trees_500.newick,11,44,501,19823,499,499,4688,54608,552663
trees_500.newick,11,45,501,19528,499,499,4811,55632,563557
trees_500.newick,11,46,501,19512,499,499,4165,54489,622369
trees_500.newick,11,47,501,19459,499,499,4177,54244,706811
trees_500.newick,11,48,501,19781,499,499,4187,54307,513870
trees_500.newick,11,49,501,19981,499,499,4663,54657,588736
trees_500.newick,12,13,501,19673,499,499,4749,55107,540788
trees_500.newick,12,14,501,19841,499,499,4395,54154,505950
trees_500.newick,12,15,501,19740,499,499,4683,54073,571952
trees_500.newick,12,16,501,19970,499,499,4307,52736,598860
trees_500.newick,12,17,501,20026,499,499,4698,54896,644838
trees_500.newick,12,18,501,19670,499,499,4725,54400,640276
trees_500.newick,12,19,501,20111,499,499,4279,54362,469543
trees_500.newick,12,20,501,20055,499,499,4778,55586,462572
trees_500.newick,12,21,501,19912,499,499,4715,54633,469957
trees_500.newick,12,22,501,19909,499,499,4830,55225,482518
trees_500.newick,12,23,501,19877,499,499,4691,54339,465678
trees_500.newick,12,24,501,19855,499,499,4746,55909,466769
trees_500.newick,12,25,501,19612,499,499,4704,54170,581064
trees_500.newick,12,26,501,19678,499,499,4339,55649,477484
trees_500.newick,12,27,501,20054,499,499,4243,54939,786146
trees_500.newick,12,28,501,20016,499,499,4750,55248,1044050
trees_500.newick,12,29,501,19909,499,499,4736,54696,786725
trees_500.newick,12,30,501,19835,499,499,4727,55216,861206
trees_500.newick,12,31,501,19426,499,499,4733,55763,829697
trees_500.newick,12,32,501,19665,499,499,4211,55336,964100
trees_500.newick,12,33,501,19695,499,499,4228,55199,751927
trees_500.newick,12,34,501,19837,499,499,4243,54054,790483
trees_500.newick,12,35,501,19741,499,499,4203,54534,902118
trees_500.newick,12,36,501,19456,499,499,4243,54865,1055134
trees_500.newick,12,37,501,19807,499,499,4203,54447,749141
trees_500.newick,12,38,501,19836,499,499,4253,54841,777870
trees_500.newick,12,39,501,19842,499,499,4761,59527,720808
trees_500.newick,12,40,501,19920,499,499,5198,55919,778500
trees_500.newick,12,41,501,19842,499,499,5467,54357,896155
trees_500.newick,12,42,501,19975,499,499,6040,54728,819899
trees_500.newick,12,43,501,19652,499,499,5814,55119,804921
trees_500.newick,12,44,501,20012,499,499,5176,53947,1029044
trees_500.newick,12,45,501,19784,499,499,4780,55096,729480
trees_500.newick,12,46,501,19740,499,499,5306,56524,1063277
trees_500.newick,12,47,501,19822,499,499,4806,55334,796365
trees_500.newick,12,48,501,19829,499,499,4745,54759,803902
trees_500.newick,12,49,501,19860,499,499,4722,54753,829036
trees_500.newick,13,14,501,19619,499,499,4753,54953,936411
trees_500.newick,13,15,501,20011,499,499,4241,55440,999157
trees_500.newick,13,16,501,20047,499,499,4787,55285,772423
trees_500.newick,13,17,501,20001,499,499,4717,55405,988108
trees_500.newick,13,18,501,19697,499,499,4724,54444,778877
trees_500.newick,13,19,501,19620,499,499,4221,56539,943370
trees_500.newick,13,20,501,19827,499,499,4248,53816,924283
trees_500.newick,13,21,501,19924,499,499,4764,55748,758792
trees_500.newick,13,22,501,20051,499,499,4792,54355,855361
trees_500.newick,13,23,501,19824,499,499,4751,54472,761132
trees_500.newick,13,24,501,19655,499,499,4769,55772,794255
trees_500.newick,13,25,501,19553,499,499,4242,53399,795207
trees_500.newick,13,26,501,19913,499,499,4317,53937,840868
trees_500.newick,13,27,501,19810,499,499,4717,55048,874986
trees_500.newick,13,28,501,19851,499,499,4742,56652,767753
trees_500.newick,13,29,501,19752,499,499,4745,55095,808361
trees_500.newick,13,30,501,19768,499,499,4300,55569,1198883
trees_500.newick,13,31,501,19638,499,499,5234,54402,1093689
trees_500.newick,13,32,501,20122,499,499,4300,55055,813629
trees_500.newick,13,33,501,19840,499,499,4835,54639,1027444
trees_500.newick,13,34,501,19758,499,499,4843,54365,776449
trees_500.newick,13,35,501,20028,499,499,4476,54293,922535
trees_500.newick,13,36,501,19688,499,499,4830,54175,808379
trees_500.newick,13,37,501,19880,499,499,4243,55881,797917
trees_500.newick,13,38,501,20049,499,499,4775,54687,835717
trees_500.newick,13,39,501,19896,499,499,4918,56173,867774
trees_500.newick,13,40,501,19739,499,499,5796,54014,771489
trees_500.newick,13,41,501,20006,499,499,5277,55022,729715
trees_500.newick,13,42,501,19760,499,499,5191,54220,1020574
trees_500.newick,13,43,501,19772,499,499,5877,54890,788561
trees_500.newick,13,44,501,19780,499,499,4925,55101,1032426
trees_500.newick,13,45,501,19714,499,499,4829,55315,966302
trees_500.newick,13,46,501,19711,499,499,4559,54662,766642
trees_500.newick,13,47,501,19797,499,499,4418,54237,773656
trees_500.newick,13,48,501,19924,499,499,5082,54412,798186
trees_500.newick,13,49,501,19940,499,499,4774,54304,843768
trees_500.newick,14,15,501,19738,499,499,4970,55403,731540
trees_500.newick,14,16,501,19779,499,499,4762,54535,807396
trees_500.newick,14,17,501,19837,499,499,4741,56203,821774
trees_500.newick,14,18,501,19754,499,499,5553,53980,824122
trees_500.newick,14,19,501,19727,499,499,4508,54533,825340
trees_500.newick,14,20,501,19552,499,499,5182,55114,978443
trees_500.newick,14,21,501,19763,499,499,5260,55721,967594
trees_500.newick,14,22,501,19832,499,499,5567,54986,987768
trees_500.newick,14,23,501,19845,499,499,5158,53605,879332
trees_500.newick,14,24,501,19689,499,499,4860,54661,882149
trees_500.newick,14,25,501,19252,499,499,4987,54914,756340
trees_500.newick,14,26,501,19760,499,499,5441,56030,836574
trees_500.newick,14,27,501,20032,499,499,6748,55574,743542
trees_500.newick,14,28,501,19520,499,499,4896,55259,772899
trees_500.newick,14,29,501,19764,499,499,5278,54606,1035323
trees_500.newick,14,30,501,19678,499,499,6249,55144,944852
trees_500.newick,14,31,501,19577,499,499,4499,55036,773241
trees_500.newick,14,32,501,19706,499,499,4598,56268,822066
trees_500.newick,14,33,501,19541,499,499,4662,53942,798265
trees_500.newick,14,34,501,19672,499,499,5184,56067,813004
trees_500.newick,14,35,501,19930,499,499,4748,54905,750194
trees_500.newick,14,36,501,19480,499,499,5043,55220,815211
trees_500.newick,14,37,501,19790,499,499,4393,54496,754462
trees_500.newick,14,38,501,19675,499,499,5552,55145,1092714
trees_500.newick,14,39,501,19902,499,499,4442,55084,707519
trees_500.newick,14,40,501,19528,499,499,7089,54730,805798
trees_500.newick,14,41,501,19673,499,499,5009,53983,791753
trees_500.newick,14,42,501,19846,499,499,4759,54992,855054
trees_500.newick,14,43,501,19734,499,499,5195,55966,782620
trees_500.newick,14,44,501,19902,499,499,4412,54127,819978
trees_500.newick,14,45,501,19871,499,499,4869,55809,857741
trees_500.newick,14,46,501,19745,499,499,4833,55236,1018869
trees_500.newick,14,47,501,19403,499,499,4763,55144,833968
trees_500.newick,14,48,501,19888,499,499,4342,54459,813516
trees_500.newick,14,49,501,19925,499,499,4763,55717,789238
trees_500.newick,15,16,501,19930,499,499,4881,55908,761396
trees_500.newick,15,17,501,19967,499,499,4752,55540,723368
trees_500.newick,15,18,501,19730,499,499,4734,56229,1064038
trees_500.newick,15,19,501,19636,499,499,4291,55412,808817
trees_500.newick,15,20,501,19763,499,499,4224,55424,919772
trees_500.newick,15,21,501,19726,499,499,4262,54307,855693
trees_500.newick,15,22,501,19887,499,499,4220,54779,773302
trees_500.newick,15,23,501,19887,499,499,4809,54644,711441
trees_500.newick,15,24,501,19833,499,499,4785,54846,784377
trees_500.newick,15,25,501,19748,499,499,4769,54203,1324049
trees_500.newick,15,26,501,19675,499,499,4244,55069,828113
trees_500.newick,15,27,501,19641,499,499,4224,55015,838103
trees_500.newick,15,28,501,19493,499,499,4689,54966,1404430
trees_500.newick,15,29,501,19852,499,499,4258,54158,871163
trees_500.newick,15,30,501,19925,499,499,4859,54384,792254
trees_500.newick,15,31,501,19535,499,499,4800,54833,792715
trees_500.newick,15,32,501,19838,499,499,4250,55460,818549
trees_500.newick,15,33,501,19849,499,499,4818,57152,803323
trees_500.newick,15,34,501,19620,499,499,4682,54179,774662
trees_500.newick,15,35,501,19740,499,499,4188,55634,799796
trees_500.newick,15,36,501,19938,499,499,4259,54342,794679
trees_500.newick,15,37,501,19780,499,499,4163,54925,861566
trees_500.newick,15,38,501,19810,499,499,4195,54617,796586
trees_500.newick,15,39,501,19613,499,499,4255,55115,982955
trees_500.newick,15,40,501,19731,499,499,4235,54619,767479
trees_500.newick,15,41,501,19770,499,499,4378,54917,824624
trees_500.newick,15,42,501,19898,499,499,4245,55018,813070
trees_500.newick,15,43,501,19547,499,499,4547,55051,820669
trees_500.newick,15,44,501,19952,499,499,4275,54789,884941
trees_500.newick,15,45,501,19626,499,499,4217,54665,1005545
trees_500.newick,15,46,501,19789,499,499,4217,55605,810142
trees_500.newick,15,47,501,19431,499,499,4306,55649,808533
trees_500.newick,15,48,501,19752,499,499,4220,55771,819855
trees_500.newick,15,49,501,19674,499,499,4204,54756,805052
trees_500.newick,16,17,501,20007,499,499,4252,55726,858585
trees_500.newick,16,18,501,19838,499,499,4241,54733,1073726
trees_500.newick,16,19,501,20059,499,499,4318,54768,930735
trees_500.newick,16,20,501,20005,499,499,4297,54234,850879
trees_500.newick,16,21,501,19810,499,499,4238,53911,855565
trees_500.newick,16,22,501,19837,499,499,4608,53997,767423
trees_500.newick,16,23,501,19840,499,499,4361,54920,870064
trees_500.newick,16,24,501,19696,499,499,4328,56020,984660
trees_500.newick,16,25,501,19940,499,499,4327,55985,799320
trees_500.newick,16,26,501,19730,499,499,4348,54280,1101453
trees_500.newick,16,27,501,19828,499,499,4546,54534,836636
trees_500.newick,16,28,501,20057,499,499,4278,54817,746752
trees_500.newick,16,29,501,19893,499,499,4663,54639,751288
trees_500.newick,16,30,501,19739,499,499,4287,55524,720938
trees_500.newick,16,31,501,19555,499,499,4284,54912,1013526
trees_500.newick,16,32,501,20147,499,499,4270,54305,731947
trees_500.newick,16,33,501,19864,499,499,4260,64870,870051
trees_500.newick,16,34,501,19865,499,499,4224,53904,1052975
trees_500.newick,16,35,501,19944,499,499,4261,56952,866451
trees_500.newick,16,36,501,19585,499,499,4241,54516,1015298
trees_500.newick,16,37,501,19993,499,499,4247,55350,773950
trees_500.newick,16,38,501,19869,499,499,4215,54642,792916
trees_500.newick,16,39,501,19418,499,499,4223,54246,1061144
trees_500.newick,16,40,501,19511,499,499,4215,54908,1181933
trees_500.newick,16,41,501,19927,499,499,4259,54885,853848
trees_500.newick,16,42,501,20041,499,499,4306,52991,815164
trees_500.newick,16,43,501,19743,499,499,4243,55563,1000030
trees_500.newick,16,44,501,20152,499,499,4297,54438,1026439
trees_500.newick,16,45,501,19809,499,499,4735,54052,945451
trees_500.newick,16,46,501,20014,499,499,4262,55273,775124
trees_500.newick,16,47,501,19922,499,499,4245,54421,746399
trees_500.newick,16,48,501,19707,499,499,4218,54179,756398
trees_500.newick,16,49,501,19782,499,499,4210,54439,928482
trees_500.newick,17,18,501,19831,499,499,4292,54787,788629
trees_500.newick,17,19,501,20360,499,499,4307,55377,730992
trees_500.newick,17,20,501,19767,499,499,4804,55444,767960
trees_500.newick,17,21,501,19914,499,499,4242,55532,781930
trees_500.newick,17,22,501,20049,499,499,4323,55472,864941
trees_500.newick,17,23,501,19834,499,499,4285,53722,650907
trees_500.newick,17,24,501,19882,499,499,4282,54833,644976
trees_500.newick,17,25,501,19903,499,499,4257,54277,710491
trees_500.newick,17,26,501,20360,499,499,4355,55504,578123
trees_500.newick,17,27,501,20086,499,499,4789,53620,556826
trees_500.newick,17,28,501,19789,499,499,4236,54642,829496
trees_500.newick,17,29,501,19884,499,499,4288,54192,611028
trees_500.newick,17,30,501,20150,499,499,4974,56032,516837
trees_500.newick,17,31,501,19858,499,499,4425,55308,470597
trees_500.newick,17,32,501,19974,499,499,4668,55891,700549
trees_500.newick,17,33,501,19855,499,499,5974,55570,764557
trees_500.newick,17,34,501,19931,499,499,4389,54902,837577
trees_500.newick,17,35,501,20073,499,499,4422,55268,568780
trees_500.newick,17,36,501,19850,499,499,4577,55234,702991
trees_500.newick,17,37,501,20297,499,499,4281,54912,668883
trees_500.newick,17,38,501,20117,499,499,4716,55590,654032
trees_500.newick,17,39,501,19751,499,499,4267,55237,717210
trees_500.newick,17,40,501,19886,499,499,4250,55482,620830
trees_500.newick,17,41,501,19819,499,499,4275,54100,722466
trees_500.newick,17,42,501,20230,499,499,4280,54968,550869
trees_500.newick,17,43,501,19785,499,499,4688,56083,571608
trees_500.newick,17,44,501,19940,499,499,4305,55271,717096
trees_500.newick,17,45,501,19888,499,499,4322,55396,838271
trees_500.newick,17,46,501,19940,499,499,4292,54706,856138
trees_500.newick,17,47,501,19527,499,499,4578,53935,954192
trees_500.newick,17,48,501,19747,499,499,4291,54589,822392
trees_500.newick,17,49,501,20052,499,499,4328,56085,515621
trees_500.newick,18,19,501,19669,499,499,4264,54120,612542
trees_500.newick,18,20,501,19849,499,499,4293,55667,731525
trees_500.newick,18,21,501,19579,499,499,4441,54363,670450
trees_500.newick,18,22,501,19716,499,499,4231,54437,828885
trees_500.newick,18,23,501,20004,499,499,4323,54919,673383
trees_500.newick,18,24,501,19720,499,499,4247,55356,607468
trees_500.newick,18,25,501,19599,499,499,4720,53925,738258
trees_500.newick,18,26,501,20007,499,499,4778,54738,550650
trees_500.newick,18,27,501,19831,499,499,4545,56896,683061
trees_500.newick,18,28,501,19921,499,499,4275,54414,556353
trees_500.newick,18,29,501,19696,499,499,4334,54657,808180
trees_500.newick,18,30,501,19739,499,499,4411,55474,613515
trees_500.newick,18,31,501,19640,499,499,4377,55542,708423
trees_500.newick,18,32,501,19394,499,499,4218,54959,714602
trees_500.newick,18,33,501,19829,499,499,4250,55488,753417
trees_500.newick,18,34,501,19865,499,499,4214,54626,670997
trees_500.newick,18,35,501,19895,499,499,4319,55498,831906
trees_500.newick,18,36,501,19553,499,499,4227,56264,675935
trees_500.newick,18,37,501,19731,499,499,4214,54458,553687
trees_500.newick,18,38,501,19769,499,499,4209,55979,648919
trees_500.newick,18,39,501,19487,499,499,4217,54633,795953
trees_500.newick,18,40,501,19688,499,499,4237,54261,564339
trees_500.newick,18,41,501,20105,499,499,4300,53725,534616
trees_500.newick,18,42,501,20042,499,499,4804,55475,585651
trees_500.newick,18,43,501,19827,499,499,4217,55516,696253
trees_500.newick,18,44,501,19856,499,499,4247,54667,670450
trees_500.newick,18,45,501,19632,499,499,4219,55465,595964
trees_500.newick,18,46,501,19910,499,499,4481,54698,548540
trees_500.newick,18,47,501,19848,499,499,4220,53999,452019
trees_500.newick,18,48,501,19900,499,499,4229,53796,827430
trees_500.newick,18,49,501,19774,499,499,4197,54487,759324
trees_500.newick,19,20,501,19828,499,499,4287,54053,561108
trees_500.newick,19,21,501,19961,499,499,4241,55775,538528
trees_500.newick,19,22,501,19983,499,499,4255,54643,876228
trees_500.newick,19,23,501,19785,499,499,4241,55416,643957
trees_500.newick,19,24,501,19873,499,499,4290,56006,595582
trees_500.newick,19,25,501,19633,499,499,4219,54833,672171
trees_500.newick,19,26,501,19652,499,499,4211,53464,785820
trees_500.newick,19,27,501,19928,499,499,4329,53933,808670
trees_500.newick,19,28,501,19786,499,499,4221,55902,631947
trees_500.newick,19,29,501,19653,499,499,4371,53650,888365
trees_500.newick,19,30,501,19807,499,499,4215,55458,580487
trees_500.newick,19,31,501,19718,499,499,4258,55012,596182
trees_500.newick,19,32,501,19501,499,499,4315,55693,455760
trees_500.newick,19,33,501,19874,499,499,4225,54151,608598
trees_500.newick,19,34,501,19866,499,499,4345,55153,593871
trees_500.newick,19,35,501,19862,499,499,4212,55241,883014
trees_500.newick,19,36,501,19649,499,499,4246,54987,683654
trees_500.newick,19,37,501,19845,499,499,4248,54734,806852
trees_500.newick,19,38,501,19707,499,499,4191,55540,581950
trees_500.newick,19,39,501,19806,499,499,4263,55274,1086459
trees_500.newick,19,40,501,19451,499,499,4208,55045,820223
trees_500.newick,19,41,501,19751,499,499,4239,56311,628778
trees_500.newick,19,42,501,20057,499,499,4253,55344,726388
trees_500.newick,19,43,501,19911,499,499,4253,56875,576764
trees_500.newick,19,44,501,19978,499,499,4290,54966,637989
trees_500.newick,19,45,501,19764,499,499,4220,57482,753936
trees_500.newick,19,46,501,19908,499,499,4221,55466,658058
trees_500.newick,19,47,501,19702,499,499,4212,55896,524831
trees_500.newick,19,48,501,19815,499,499,4266,54584,737360
trees_500.newick,19,49,501,19938,499,499,4324,54298,678278
trees_500.newick,20,21,501,19744,499,499,4295,55524,622356
trees_500.newick,20,22,501,19665,499,499,4220,55614,741318
trees_500.newick,20,23,501,19535,499,499,4575,54676,619703
trees_500.newick,20,24,501,19666,499,499,4333,54786,612330
trees_500.newick,20,25,501,20163,499,499,4466,55781,676999
trees_500.newick,20,26,501,19952,499,499,4850,53864,684547
trees_500.newick,20,27,501,19585,499,499,4226,55916,744281
trees_500.newick,20,28,501,19875,499,499,4220,54199,570530
trees_500.newick,20,29,501,19578,499,499,4330,54862,712926
trees_500.newick,20,30,501,19734,499,499,4286,55691,510417
trees_500.newick,20,31,501,19681,499,499,4545,55092,577716
trees_500.newick,20,32,501,19690,499,499,4247,54883,922922
trees_500.newick,20,33,501,19804,499,499,4250,56451,820206
trees_500.newick,20,34,501,19727,499,499,4193,53803,683063
trees_500.newick,20,35,501,20086,499,499,4253,55449,672995
trees_500.newick,20,36,501,19513,499,499,4236,55938,516584
trees_500.newick,20,37,501,19996,499,499,4280,55297,581565
trees_500.newick,20,38,501,19611,499,499,4202,55899,721284
trees_500.newick,20,39,501,19952,499,499,4539,57461,613950
trees_500.newick,20,40,501,19677,499,499,4224,55215,522143
trees_500.newick,20,41,501,19704,499,499,4469,55441,676575
trees_500.newick,20,42,501,19977,499,499,4972,54257,552597
trees_500.newick,20,43,501,19670,499,499,5452,55653,515502
trees_500.newick,20,44,501,19998,499,499,5333,54729,759064
trees_500.newick,20,45,501,19920,499,499,5378,54834,671844
trees_500.newick,20,46,501,19706,499,499,4216,54639,584406
trees_500.newick,20,47,501,19745,499,499,4280,55132,646658
trees_500.newick,20,48,501,19849,499,499,4252,54623,779609
trees_500.newick,20,49,501,19896,499,499,4269,54514,521371
trees_500.newick,21,22,501,19858,499,499,4270,54912,475005
trees_500.newick,21,23,501,19800,499,499,4340,55599,547956
trees_500.newick,21,24,501,19627,499,499,5261,54924,831732
trees_500.newick,21,25,501,19851,499,499,5741,54483,569237
trees_500.newick,21,26,501,19815,499,499,4308,54207,493023
trees_500.newick,21,27,501,19822,499,499,4480,56595,559282
trees_500.newick,21,28,501,19668,499,499,4219,54760,698062
trees_500.newick,21,29,501,19615,499,499,4339,54179,767683
trees_500.newick,21,30,501,19968,499,499,4274,56103,630584
trees_500.newick,21,31,501,19388,499,499,4266,55125,799161
trees_500.newick,21,32,501,19779,499,499,4246,55321,704272
trees_500.newick,21,33,501,19605,499,499,4448,54610,651351
trees_500.newick,21,34,501,19896,499,499,4229,55968,633416
trees_500.newick,21,35,501,19890,499,499,4329,55386,472043
trees_500.newick,21,36,501,19948,499,499,4369,54184,791202
trees_500.newick,21,37,501,19836,499,499,4344,55163,732875
trees_500.newick,21,38,501,19698,499,499,4233,54301,569568
trees_500.newick,21,39,501,19657,499,499,4248,54936,541152
trees_500.newick,21,40,501,19678,499,499,4223,53155,610574
trees_500.newick,21,41,501,19680,499,499,4234,54473,846691
trees_500.newick,21,42,501,19935,499,499,4246,54868,698411
trees_500.newick,21,43,501,19900,499,499,4231,55412,525666
trees_500.newick,21,44,501,19897,499,499,4264,54137,497912
trees_500.newick,21,45,501,19702,499,499,4229,54624,535441
trees_500.newick,21,46,501,19854,499,499,4237,55561,915637
trees_500.newick,21,47,501,19552,499,499,4211,54310,578804
trees_500.newick,21,48,501,20230,499,499,4273,55804,532425
trees_500.newick,21,49,501,19848,499,499,4745,54896,658859
trees_500.newick,22,23,501,19514,499,499,4219,54811,581667
trees_500.newick,22,24,501,19501,499,499,4239,55246,627912
trees_500.newick,22,25,501,19655,499,499,4260,54389,1145895
trees_500.newick,22,26,501,19793,499,499,4254,54359,603642
trees_500.newick,22,27,501,19690,499,499,4511,55351,733685
trees_500.newick,22,28,501,19746,499,499,4190,55301,561010
trees_500.newick,22,29,501,19783,499,499,4232,54379,610795
trees_500.newick,22,30,501,19787,499,499,4239,55051,692798
trees_500.newick,22,31,501,19597,499,499,4239,55419,630797
trees_500.newick,22,32,501,19727,499,499,4206,57029,589902
trees_500.newick,22,33,501,19670,499,499,4217,54592,723776
trees_500.newick,22,34,501,19858,499,499,4189,55175,863050
trees_500.newick,22,35,501,19540,499,499,4177,54975,459532
trees_500.newick,22,36,501,19709,499,499,4237,54956,810766
trees_500.newick,22,37,501,19676,499,499,4160,53872,757037
trees_500.newick,22,38,501,19842,499,499,4220,54302,511571
trees_500.newick,22,39,501,19881,499,499,4263,55058,507013
trees_500.newick,22,40,501,19578,499,499,4238,54521,554188
trees_500.newick,22,41,501,19781,499,499,4243,55012,721207
trees_500.newick,22,42,501,19925,499,499,4695,55604,762994
trees_500.newick,22,43,501,19965,499,499,4212,55836,575657
trees_500.newick,22,44,501,19855,499,499,4267,54020,525670
trees_500.newick,22,45,501,19559,499,499,4192,55630,458736
trees_500.newick,22,46,501,19806,499,499,4253,55380,558133
trees_500.newick,22,47,501,19946,499,499,4247,54978,869092
trees_500.newick,22,48,501,19822,499,499,4239,54640,591991
trees_500.newick,22,49,501,20086,499,499,4228,55447,655861
trees_500.newick,23,24,501,19725,499,499,4263,55004,611278
trees_500.newick,23,25,501,19448,499,499,4238,54588,531517
trees_500.newick,23,26,501,19712,499,499,4230,54069,675223
trees_500.newick,23,27,501,19921,499,499,4292,56146,715427
trees_500.newick,23,28,501,19707,499,499,4359,55546,555428
trees_500.newick,23,29,501,19734,499,499,4344,54530,548737
trees_500.newick,23,30,501,19990,499,499,4318,57062,579398
trees_500.newick,23,31,501,19709,499,499,4274,55446,664926
trees_500.newick,23,32,501,19866,499,499,4216,55912,606135
trees_500.newick,23,33,501,19667,499,499,4211,53639,614188
trees_500.newick,23,34,501,19841,499,499,4188,54525,694746
trees_500.newick,23,35,501,19849,499,499,4228,53968,591206
trees_500.newick,23,36,501,19468,499,499,4226,54495,527818
trees_500.newick,23,37,501,20019,499,499,4216,55560,543663
trees_500.newick,23,38,501,19761,499,499,4248,54787,741874
trees_500.newick,23,39,501,19625,499,499,4364,55069,735750
trees_500.newick,23,40,501,19704,499,499,4313,54233,546084
trees_500.newick,23,41,501,19971,499,499,4273,54394,540885
trees_500.newick,23,42,501,20145,499,499,4296,54823,660715
trees_500.newick,23,43,501,19630,499,499,4707,55737,845771
trees_500.newick,23,44,501,19846,499,499,4272,55152,617268
trees_500.newick,23,45,501,19515,499,499,4691,55605,475420
trees_500.newick,23,46,501,19704,499,499,4257,54378,505705
trees_500.newick,23,47,501,19690,499,499,4262,54559,699578
trees_500.newick,23,48,501,19582,499,499,4209,56642,542099
trees_500.newick,23,49,501,19955,499,499,4246,55825,590016
trees_500.newick,24,25,501,19725,499,499,4260,54350,719606
trees_500.newick,24,26,501,19537,499,499,4194,55174,596151
trees_500.newick,24,27,501,19668,499,499,4163,54806,623199
trees_500.newick,24,28,501,19862,499,499,4210,54680,744751
trees_500.newick,24,29,501,19610,499,499,4194,55582,696076
trees_500.newick,24,30,501,19679,499,499,4203,54376,465451
trees_500.newick,24,31,501,19615,499,499,4219,54604,785296
trees_500.newick,24,32,501,19557,499,499,4175,54857,692757
trees_500.newick,24,33,501,19581,499,499,4198,55348,605658
trees_500.newick,24,34,501,19349,499,499,4122,53858,546280
trees_500.newick,24,35,501,19688,499,499,4245,54634,523090
trees_500.newick,24,36,501,19638,499,499,4250,55513,527735
trees_500.newick,24,37,501,19669,499,499,4192,55927,568193
trees_500.newick,24,38,501,19748,499,499,4183,54102,791000
trees_500.newick,24,39,501,19279,499,499,4232,55174,664871
trees_500.newick,24,40,501,19558,499,499,4181,55355,838238
trees_500.newick,24,41,501,19664,499,499,4201,54579,553871
trees_500.newick,24,42,501,19924,499,499,4221,55071,498462
trees_500.newick,24,43,501,19536,499,499,4183,54734,500947
trees_500.newick,24,44,501,19460,499,499,4220,54885,706086
trees_500.newick,24,45,501,19558,499,499,4193,54497,505759
trees_500.newick,24,46,501,19710,499,499,4249,54794,588749
trees_500.newick,24,47,501,19746,499,499,4528,54930,805173
trees_500.newick,24,48,501,19578,499,499,4489,53723,643689
trees_500.newick,24,49,501,19953,499,499,4207,54677,659105
trees_500.newick,25,26,501,19804,499,499,4301,53738,558238
trees_500.newick,25,27,501,19861,499,499,4183,55817,725633
trees_500.newick,25,28,501,19749,499,499,4232,54011,839644
trees_500.newick,25,29,501,19690,499,499,4202,54141,617534
trees_500.newick,25,30,501,19710,499,499,4226,55022,542398
trees_500.newick,25,31,501,19498,499,499,4210,55523,797950
trees_500.newick,25,32,501,19822,499,499,4263,55564,443678
trees_500.newick,25,33,501,19798,499,499,4924,55815,696018
trees_500.newick,25,34,501,19674,499,499,4189,55538,539343
trees_500.newick,25,35,501,19791,499,499,4192,54433,564175
trees_500.newick,25,36,501,19663,499,499,4242,54796,694121
trees_500.newick,25,37,501,19726,499,499,4151,54637,550365
trees_500.newick,25,38,501,19740,499,499,4182,54669,710307
trees_500.newick,25,39,501,19504,499,499,4239,54527,735283
trees_500.newick,25,40,501,19222,499,499,4181,54503,612238
trees_500.newick,25,41,501,19872,499,499,4221,53567,451530
trees_500.newick,25,42,501,19879,499,499,4240,55788,504518
trees_500.newick,25,43,501,19864,499,499,4240,57030,664808
trees_500.newick,25,44,501,19982,499,499,4289,54891,789918
trees_500.newick,25,45,501,19910,499,499,4591,55245,559573
trees_500.newick,25,46,501,19473,499,499,4184,55104,543348
trees_500.newick,25,47,501,19749,499,499,4234,54586,512296
trees_500.newick,25,48,501,19620,499,499,4212,55341,595421
trees_500.newick,25,49,501,19680,499,499,4199,54761,547488
trees_500.newick,26,27,501,19787,499,499,4211,54618,705320
trees_500.newick,26,28,501,19569,499,499,4187,56350,502547
trees_500.newick,26,29,501,19647,499,499,4243,54112,483606
trees_500.newick,26,30,501,19843,499,499,4226,55636,547015
trees_500.newick,26,31,501,19557,499,499,4287,54893,684218
trees_500.newick,26,32,501,19953,499,499,4233,55744,595092
trees_500.newick,26,33,501,19741,499,499,4229,55035,518261
trees_500.newick,26,34,501,19930,499,499,4198,55718,508633
trees_500.newick,26,35,501,19881,499,499,4224,55031,584050
trees_500.newick,26,36,501,19594,499,499,4224,54202,567790
trees_500.newick,26,37,501,20107,499,499,4467,56236,696975
trees_500.newick,26,38,501,20065,499,499,4215,54843,528259
trees_500.newick,26,39,501,19585,499,499,4251,54808,496032
trees_500.newick,26,40,501,19957,499,499,4230,56075,544998
trees_500.newick,26,41,501,20018,499,499,4267,56283,685754
trees_500.newick,26,42,501,19825,499,499,4223,54494,493491
trees_500.newick,26,43,501,19631,499,499,4196,55734,726870
trees_500.newick,26,44,501,19856,499,499,4278,54456,598764
trees_500.newick,26,45,501,19946,499,499,4263,56633,727842
trees_500.newick,26,46,501,19817,499,499,4244,56164,697231
trees_500.newick,26,47,501,19326,499,499,4191,54459,740855
trees_500.newick,26,48,501,19942,499,499,4250,54991,584722
trees_500.newick,26,49,501,19829,499,499,4205,55120,632141
trees_500.newick,27,28,501,19604,499,499,4208,54404,652407
trees_500.newick,27,29,501,19649,499,499,4203,54960,505781
trees_500.newick,27,30,501,19812,499,499,4264,56263,688603
trees_500.newick,27,31,501,19553,499,499,4211,54442,809768
trees_500.newick,27,32,501,19230,499,499,4159,54071,995258
trees_500.newick,27,33,501,19705,499,499,4192,54375,521661
trees_500.newick,27,34,501,19735,499,499,4244,55145,582916
trees_500.newick,27,35,501,20061,499,499,4210,54672,703940
trees_500.newick,27,36,501,19846,499,499,4245,55580,769670
trees_500.newick,27,37,501,19951,499,499,4180,56879,501972
trees_500.newick,27,38,501,19860,499,499,4196,53685,502322
trees_500.newick,27,39,501,19696,499,499,4275,54821,897623
trees_500.newick,27,40,501,19774,499,499,4211,55019,628756
trees_500.newick,27,41,501,19692,499,499,4193,54329,665267
trees_500.newick,27,42,501,19763,499,499,4220,54437,485461
trees_500.newick,27,43,501,19578,499,499,4181,54473,490110
trees_500.newick,27,44,501,19816,499,499,4250,53759,580207
trees_500.newick,27,45,501,19555,499,499,4229,56616,669435
trees_500.newick,27,46,501,19980,499,499,4217,54820,601704
trees_500.newick,27,47,501,19510,499,499,4203,55116,539459
trees_500.newick,27,48,501,19873,499,499,4213,53873,525111
trees_500.newick,27,49,501,19909,499,499,4214,55310,834171
trees_500.newick,28,29,501,19510,499,499,4216,54455,820636
trees_500.newick,28,30,501,19789,499,499,4193,55650,529809
trees_500.newick,28,31,501,19691,499,499,4261,55425,661904
trees_500.newick,28,32,501,19847,499,499,4205,54896,513405
trees_500.newick,28,33,501,19394,499,499,4161,54483,688068
trees_500.newick,28,34,501,19645,499,499,4168,53790,693259
trees_500.newick,28,35,501,20056,499,499,4243,57815,486248
trees_500.newick,28,36,501,19948,499,499,4284,54835,694339
trees_500.newick,28,37,501,19933,499,499,4272,55684,679358
trees_500.newick,28,38,501,20051,499,499,4208,54618,535573
trees_500.newick,28,39,501,19823,499,499,4282,55997,450566
trees_500.newick,28,40,501,19770,499,499,4181,53971,568623
trees_500.newick,28,41,501,19667,499,499,4217,55105,783029
trees_500.newick,28,42,501,19885,499,499,4234,54743,547087
trees_500.newick,28,43,501,19811,499,499,4478,55265,572015
trees_500.newick,28,44,501,20074,499,499,4266,53954,883759
trees_500.newick,28,45,501,19758,499,499,4205,55005,614086
trees_500.newick,28,46,501,19932,499,499,4208,55078,487085
trees_500.newick,28,47,501,19760,499,499,4203,53982,712534
trees_500.newick,28,48,501,19612,499,499,4189,55497,605860
trees_500.newick,28,49,501,19778,499,499,4175,55624,492239
trees_500.newick,29,30,501,19772,499,499,4242,55967,760821
trees_500.newick,29,31,501,19720,499,499,4239,54228,633856
trees_500.newick,29,32,501,19748,499,499,4247,55806,512514
trees_500.newick,29,33,501,19762,499,499,4190,55520,480003
trees_500.newick,29,34,501,19660,499,499,4177,54949,641820
trees_500.newick,29,35,501,19899,499,499,4194,55255,671733
trees_500.newick,29,36,501,19643,499,499,4234,55044,467093
trees_500.newick,29,37,501,19648,499,499,4155,54556,890695
trees_500.newick,29,38,501,19861,499,499,4233,54600,642079
trees_500.newick,29,39,501,19325,499,499,4192,56105,453249
trees_500.newick,29,40,501,19495,499,499,4191,53579,493987
trees_500.newick,29,41,501,19658,499,499,4218,55282,594282
trees_500.newick,29,42,501,19580,499,499,4205,54582,669038
trees_500.newick,29,43,501,19836,499,499,4240,56282,702120
trees_500.newick,29,44,501,19615,499,499,4254,55282,720445
trees_500.newick,29,45,501,19446,499,499,4191,54440,555881
trees_500.newick,29,46,501,19687,499,499,4209,54158,695922
trees_500.newick,29,47,501,19800,499,499,4240,54439,609024
trees_500.newick,29,48,501,19665,499,499,4234,55416,499409
trees_500.newick,29,49,501,19989,499,499,4256,54804,716483
trees_500.newick,30,31,501,19821,499,499,4317,55532,568296
trees_500.newick,30,32,501,19529,499,499,4207,55487,468622
trees_500.newick,30,33,501,19710,499,499,4264,54377,648211
trees_500.newick,30,34,501,19838,499,499,4299,54473,465072
trees_500.newick,30,35,501,19707,499,499,4171,54858,630485
trees_500.newick,30,36,501,19544,499,499,4224,54417,703908
trees_500.newick,30,37,501,19754,499,499,4189,54539,594406
trees_500.newick,30,38,501,19795,499,499,4196,56709,448529
trees_500.newick,30,39,501,19599,499,499,4233,55999,599406
trees_500.newick,30,40,501,19709,499,499,4211,55512,752777
trees_500.newick,30,41,501,19618,499,499,4229,54416,728656
trees_500.newick,30,42,501,19913,499,499,4264,62072,630358
trees_500.newick,30,43,501,19991,499,499,4218,55124,497731
trees_500.newick,30,44,501,20028,499,499,4317,55338,489309
trees_500.newick,30,45,501,19470,499,499,4602,55594,697556
trees_500.newick,30,46,501,19671,499,499,4192,55044,1008945
trees_500.newick,30,47,501,19697,499,499,4234,53917,786458
trees_500.newick,30,48,501,19347,499,499,4162,54270,745334
trees_500.newick,30,49,501,19990,499,499,4590,56608,476955
trees_500.newick,31,32,501,19910,499,499,4234,55341,638109
trees_500.newick,31,33,501,19490,499,499,4184,53919,681957
trees_500.newick,31,34,501,19806,499,499,4177,53950,854076
trees_500.newick,31,35,501,19707,499,499,4194,55639,579232
trees_500.newick,31,36,501,19634,499,499,4233,55101,511573
trees_500.newick,31,37,501,19888,499,499,4175,55043,699520
trees_500.newick,31,38,501,19657,499,499,4182,54366,493970
trees_500.newick,31,39,501,19566,499,499,4240,55273,740309
trees_500.newick,31,40,501,19617,499,499,4237,55265,556166
trees_500.newick,31,41,501,19664,499,499,4215,54396,538894
trees_500.newick,31,42,501,19495,499,499,4222,55588,686386
trees_500.newick,31,43,501,19840,499,499,4243,55260,474101
trees_500.newick,31,44,501,20156,499,499,4378,55019,504886
trees_500.newick,31,45,501,19742,499,499,4222,54867,737247
trees_500.newick,31,46,501,19547,499,499,4289,56201,589076
trees_500.newick,31,47,501,19448,499,499,4249,53848,567189
trees_500.newick,31,48,501,19542,499,499,4441,53818,1063116
trees_500.newick,31,49,501,19614,499,499,4356,54093,754509
trees_500.newick,32,33,501,19752,499,499,4367,54503,564487
trees_500.newick,32,34,501,19791,499,499,4199,55453,695169
trees_500.newick,32,35,501,19776,499,499,4201,54832,635491
trees_500.newick,32,36,501,19584,499,499,4228,55574,542107
trees_500.newick,32,37,501,19593,499,499,4155,54524,671204
trees_500.newick,32,38,501,19741,499,499,4195,55729,681530
trees_500.newick,32,39,501,19707,499,499,4223,55386,696147
trees_500.newick,32,40,501,19798,499,499,4322,54700,550432
trees_500.newick,32,41,501,19954,499,499,4239,54330,506999
trees_500.newick,32,42,501,19542,499,499,4230,54909,672295
trees_500.newick,32,43,501,19598,499,499,4190,55404,829658
trees_500.newick,32,44,501,19790,499,499,4493,54752,740326
trees_500.newick,32,45,501,19766,499,499,4274,56097,790097
trees_500.newick,32,46,501,19605,499,499,4624,54535,776560
trees_500.newick,32,47,501,19982,499,499,4256,54821,782694
trees_500.newick,32,48,501,19622,499,499,4306,53635,761029
trees_500.newick,32,49,501,19803,499,499,4254,55524,796928
trees_500.newick,33,34,501,19781,499,499,4259,54630,702970
trees_500.newick,33,35,501,19583,499,499,4200,55458,621744
trees_500.newick,33,36,501,19594,499,499,4260,56899,707617
trees_500.newick,33,37,501,19555,499,499,4169,55348,729232
trees_500.newick,33,38,501,19649,499,499,4206,54680,763332
trees_500.newick,33,39,501,19551,499,499,4229,56033,622927
trees_500.newick,33,40,501,19674,499,499,4221,55172,676492
trees_500.newick,33,41,501,19618,499,499,4242,54086,745190
trees_500.newick,33,42,501,19871,499,499,4322,56184,472718
trees_500.newick,33,43,501,19770,499,499,4225,55366,459481
trees_500.newick,33,44,501,19665,499,499,4241,55007,633253
trees_500.newick,33,45,501,19930,499,499,4621,56387,665607
trees_500.newick,33,46,501,19918,499,499,4251,55299,615854
trees_500.newick,33,47,501,19625,499,499,4321,53351,494456
trees_500.newick,33,48,501,19524,499,499,4188,54264,663538
trees_500.newick,33,49,501,19809,499,499,4670,54374,490574
trees_500.newick,34,35,501,19970,499,499,4258,55076,612632
trees_500.newick,34,36,501,19365,499,499,4223,54292,893935
trees_500.newick,34,37,501,19907,499,499,4178,54422,678631
trees_500.newick,34,38,501,19914,499,499,4294,54981,609012
trees_500.newick,34,39,501,19682,499,499,4243,54577,822732
trees_500.newick,34,40,501,19736,499,499,4304,55482,625688
trees_500.newick,34,41,501,19923,499,499,4292,55018,550242
trees_500.newick,34,42,501,19779,499,499,4238,55314,1171811
trees_500.newick,34,43,501,19510,499,499,4229,55241,1234467
trees_500.newick,34,44,501,19879,499,499,4261,54209,947292
trees_500.newick,34,45,501,19731,499,499,4278,54999,669764
trees_500.newick,34,46,501,19905,499,499,4243,55297,589739
trees_500.newick,34,47,501,19748,499,499,4248,56962,781116
trees_500.newick,34,48,501,19850,499,499,4241,54503,714980
trees_500.newick,34,49,501,19878,499,499,4226,55468,581315
trees_500.newick,35,36,501,19480,499,499,4232,54976,870422
trees_500.newick,35,37,501,19730,499,499,4204,56146,783954
trees_500.newick,35,38,501,19937,499,499,4243,53885,783147
trees_500.newick,35,39,501,20094,499,499,4629,55578,596369
trees_500.newick,35,40,501,19860,499,499,4249,54039,546975
trees_500.newick,35,41,501,19974,499,499,4324,55635,686026
trees_500.newick,35,42,501,19989,499,499,4291,55593,640363
trees_500.newick,35,43,501,19795,499,499,4810,56877,614020
trees_500.newick,35,44,501,19969,499,499,4292,55136,729945
trees_500.newick,35,45,501,19846,499,499,4301,55200,641950
trees_500.newick,35,46,501,19784,499,499,4234,54828,498657
trees_500.newick,35,47,501,19667,499,499,4351,54947,508059
trees_500.newick,35,48,501,19810,499,499,4249,55577,650570
trees_500.newick,35,49,501,19632,499,499,4206,54545,693686
trees_500.newick,36,37,501,19644,499,499,4216,56791,824766
trees_500.newick,36,38,501,19713,499,499,4238,54030,617218
trees_500.newick,36,39,501,19496,499,499,4404,55368,828557
trees_500.newick,36,40,501,19512,499,499,4332,54097,544205
trees_500.newick,36,41,501,19800,499,499,4263,54526,469751
trees_500.newick,36,42,501,19574,499,499,4249,54428,720779
trees_500.newick,36,43,501,19529,499,499,4223,55215,559137
trees_500.newick,36,44,501,19821,499,499,4301,54831,533909
trees_500.newick,36,45,501,19626,499,499,4317,54844,664398
trees_500.newick,36,46,501,19653,499,499,4236,55201,771803
trees_500.newick,36,47,501,19533,499,499,4237,53709,597291
trees_500.newick,36,48,501,19731,499,499,4252,55118,551048
trees_500.newick,36,49,501,19682,499,499,4227,54970,443666
trees_500.newick,37,38,501,19728,499,499,4230,55021,622095
trees_500.newick,37,39,501,19587,499,499,4300,55545,876885
trees_500.newick,37,40,501,19704,499,499,4271,54918,513836
trees_500.newick,37,41,501,19645,499,499,4329,54763,580416
trees_500.newick,37,42,501,20149,499,499,4344,55645,457681
trees_500.newick,37,43,501,19965,499,499,5208,55666,750580
trees_500.newick,37,44,501,20166,499,499,4307,54551,654848
trees_500.newick,37,45,501,19912,499,499,4343,55982,504457
trees_500.newick,37,46,501,20139,499,499,4289,54148,721384
trees_500.newick,37,47,501,19790,499,499,4401,56157,741348
trees_500.newick,37,48,501,20014,499,499,4270,55153,620750
trees_500.newick,37,49,501,19753,499,499,4239,55448,514291
trees_500.newick,38,39,501,19553,499,499,4288,54380,557869
trees_500.newick,38,40,501,19697,499,499,4289,54884,942793
trees_500.newick,38,41,501,19798,499,499,4426,54785,599334
trees_500.newick,38,42,501,19800,499,499,4387,55599,519246
trees_500.newick,38,43,501,19860,499,499,4244,55972,747183
trees_500.newick,38,44,501,19943,499,499,4432,54973,731036
trees_500.newick,38,45,501,19838,499,499,4251,55443,605270
trees_500.newick,38,46,501,19663,499,499,4258,55166,880383
trees_500.newick,38,47,501,19849,499,499,4249,54889,723840
trees_500.newick,38,48,501,19816,499,499,4249,54054,612444
trees_500.newick,38,49,501,19890,499,499,4245,55267,501796
trees_500.newick,39,40,501,19776,499,499,4261,53777,534167
trees_500.newick,39,41,501,19518,499,499,4240,53242,578791
trees_500.newick,39,42,501,19744,499,499,4267,54801,512425
trees_500.newick,39,43,501,19555,499,499,4306,55193,859618
trees_500.newick,39,44,501,19842,499,499,4287,54741,610951
trees_500.newick,39,45,501,19559,499,499,4233,55405,556673
trees_500.newick,39,46,501,19228,499,499,4197,54371,579228
trees_500.newick,39,47,501,19368,499,499,4324,54967,728706
trees_500.newick,39,48,501,19710,499,499,4238,55926,589829
trees_500.newick,39,49,501,19513,499,499,4211,55024,474082
trees_500.newick,40,41,501,19632,499,499,4279,55392,765570
trees_500.newick,40,42,501,19864,499,499,4321,54733,602657
trees_500.newick,40,43,501,19772,499,499,4220,55287,493757
trees_500.newick,40,44,501,19904,499,499,4325,53795,858025
trees_500.newick,40,45,501,19798,499,499,4278,54998,560380
trees_500.newick,40,46,501,19923,499,499,4379,55107,522704
trees_500.newick,40,47,501,19808,499,499,4250,57210,871190
trees_500.newick,40,48,501,19887,499,499,4265,56107,607847
trees_500.newick,40,49,501,19860,499,499,4252,55728,582369
trees_500.newick,41,42,501,19812,499,499,4268,55050,759675
trees_500.newick,41,43,501,19579,499,499,4250,56541,669479
trees_500.newick,41,44,501,20033,499,499,4289,54597,584737
trees_500.newick,41,45,501,19878,499,499,4272,54530,504702
trees_500.newick,41,46,501,19906,499,499,4283,55260,704250
trees_500.newick,41,47,501,19435,499,499,4221,54351,661016
trees_500.newick,41,48,501,19867,499,499,4259,54991,641936
trees_500.newick,41,49,501,19741,499,499,4434,54375,804809
trees_500.newick,42,43,501,19712,499,499,4256,56348,740116
trees_500.newick,42,44,501,20110,499,499,4312,54243,640223
trees_500.newick,42,45,501,19932,499,499,4287,54634,635223
trees_500.newick,42,46,501,19926,499,499,4331,54095,484502
trees_500.newick,42,47,501,19568,499,499,4254,54755,506258
trees_500.newick,42,48,501,19751,499,499,4466,54520,700357
trees_500.newick,42,49,501,19940,499,499,4267,54973,771819
trees_500.newick,43,44,501,20116,499,499,4413,53939,498996
trees_500.newick,43,45,501,19608,499,499,4424,55242,666268
trees_500.newick,43,46,501,19510,499,499,4390,54462,594234
trees_500.newick,43,47,501,19558,499,499,4366,54477,679557
trees_500.newick,43,48,501,19601,499,499,4500,53978,672478
trees_500.newick,43,49,501,19967,499,499,4261,54502,471008
trees_500.newick,44,45,501,19790,499,499,5476,55617,479581
trees_500.newick,44,46,501,20090,499,499,4350,55520,602717
trees_500.newick,44,47,501,19805,499,499,4397,54565,626760
trees_500.newick,44,48,501,19837,499,499,4313,54612,763632
trees_500.newick,44,49,501,20076,499,499,4334,56348,537755
trees_500.newick,45,46,501,19487,499,499,4324,54578,510780
trees_500.newick,45,47,501,19526,499,499,4314,55074,863451
trees_500.newick,45,48,501,19561,499,499,4274,54233,689857
trees_500.newick,45,49,501,19684,499,499,4320,54497,727642
trees_500.newick,46,47,501,19885,499,499,4311,54525,469722
trees_500.newick,46,48,501,19831,499,499,4979,54572,555134
trees_500.newick,46,49,501,19921,499,499,4238,53828,571394
trees_500.newick,47,48,501,19474,499,499,4265,54762,706298
trees_500.newick,47,49,501,20048,499,499,4235,55075,556950
trees_500.newick,48,49,501,19994,499,499,4307,55031,493609
trees_50.newick,0,1,51,743,49,49,304,478,14801
trees_50.newick,0,2,51,729,49,49,251,469,11319
trees_50.newick,0,3,51,715,49,49,252,465,9718
trees_50.newick,0,4,51,711,49,49,248,460,9309
trees_50.newick,0,5,51,675,49,49,250,451,11690
trees_50.newick,0,6,51,702,49,49,254,453,10733
trees_50.newick,0,7,51,741,49,49,341,468,11389
trees_50.newick,0,8,51,687,49,49,328,476,12219
trees_50.newick,0,9,51,660,49,49,410,490,9946
trees_50.newick,0,10,51,716,49,49,351,480,11267
trees_50.newick,0,11,51,733,49,49,394,469,9820
trees_50.newick,0,12,51,738,49,49,351,476,10677
trees_50.newick,0,13,51,720,49,49,323,460,11802
trees_50.newick,0,14,51,697,49,49,254,453,10415
trees_50.newick,0,15,51,690,49,49,252,474,11441
trees_50.newick,0,16,51,747,49,49,297,877,10975
trees_50.newick,0,17,51,767,49,49,267,799,10993
trees_50.newick,0,18,51,718,49,49,316,798,15886
trees_50.newick,0,19,51,764,49,49,282,789,10783
trees_50.newick,0,20,51,704,49,49,265,774,11691
trees_50.newick,0,21,51,713,49,49,262,557,10323
trees_50.newick,0,22,51,761,49,49,258,471,10406
trees_50.newick,0,23,51,738,49,49,254,479,18356
trees_50.newick,0,24,51,732,49,49,250,466,13349
trees_50.newick,0,25,51,735,49,49,250,471,10305
trees_50.newick,0,26,51,716,49,49,254,762,11329
trees_50.newick,0,27,51,689,49,49,249,641,10671
trees_50.newick,0,28,51,725,49,49,257,1130,16480
trees_50.newick,0,29,51,701,49,49,249,911,11169
trees_50.newick,0,30,51,746,49,49,254,883,9883
trees_50.newick,0,31,51,775,49,49,261,585,9866
trees_50.newick,0,32,51,779,49,49,262,466,10531
trees_50.newick,0,33,51,721,49,49,250,459,12328
trees_50.newick,0,34,51,735,49,49,252,465,15454
trees_50.newick,0,35,51,660,49,49,241,454,11812
trees_50.newick,0,36,51,749,49,49,265,463,9642
trees_50.newick,0,37,51,713,49,49,252,457,10274
trees_50.newick,0,38,51,707,49,49,248,456,11461
trees_50.newick,0,39,51,667,49,49,244,459,13627
trees_50.newick,0,40,51,710,49,49,251,463,10691
trees_50.newick,0,41,51,746,49,49,267,481,11272
trees_50.newick,0,42,51,679,49,49,252,472,10596
trees_50.newick,0,43,51,733,49,49,258,826,10254
trees_50.newick,0,44,51,741,49,49,251,800,17719
trees_50.newick,0,45,51,746,49,49,351,629,11532
trees_50.newick,0,46,51,754,49,49,267,456,10794
trees_50.newick,0,47,51,701,49,49,259,463,10141
trees_50.newick,0,48,51,738,49,49,252,473,12088
trees_50.newick,0,49,51,703,49,49,247,464,11820
trees_50.newick,1,2,51,703,49,49,248,468,14091
trees_50.newick,1,3,51,712,49,49,256,484,12480
trees_50.newick,1,4,51,700,49,49,264,446,11717
trees_50.newick,1,5,51,664,49,49,241,446,12461
trees_50.newick,1,6,51,741,49,49,248,473,11933
trees_50.newick,1,7,51,750,49,49,254,468,14451
trees_50.newick,1,8,51,770,49,49,264,485,10901
trees_50.newick,1,9,51,706,49,49,255,463,10133
trees_50.newick,1,10,51,688,49,49,247,466,9927
trees_50.newick,1,11,51,699,49,49,246,451,15550
trees_50.newick,1,12,51,757,49,49,253,463,14362
trees_50.newick,1,13,51,711,49,49,251,663,11187
trees_50.newick,1,14,51,789,49,49,256,506,10058
trees_50.newick,1,15,51,730,49,49,324,483,9714
trees_50.newick,1,16,51,747,49,49,253,454,10175
trees_50.newick,1,17,51,698,49,49,249,458,11753
trees_50.newick,1,18,51,698,49,49,248,477,12830
trees_50.newick,1,19,51,754,49,49,260,463,10451
trees_50.newick,1,20,51,766,49,49,256,481,9639
trees_50.newick,1,21,51,694,49,49,248,459,11364
trees_50.newick,1,22,51,730,49,49,249,462,14061
trees_50.newick,1,23,51,767,49,49,253,476,13385
trees_50.newick,1,24,51,724,49,49,251,451,12608
trees_50.newick,1,25,51,729,49,49,248,462,10050
trees_50.newick,1,26,51,710,49,49,246,469,11618
trees_50.newick,1,27,51,714,49,49,250,456,12707
trees_50.newick,1,28,51,671,49,49,254,451,16939
trees_50.newick,1,29,51,713,49,49,251,472,13467
trees_50.newick,1,30,51,744,49,49,251,469,10605
trees_50.newick,1,31,51,746,49,49,251,468,10168
trees_50.newick,1,32,51,764,49,49,259,458,11472
trees_50.newick,1,33,51,705,49,49,261,471,14218
trees_50.newick,1,34,51,673,49,49,246,453,10954
trees_50.newick,1,35,51,720,49,49,260,467,10835
trees_50.newick,1,36,51,702,49,49,253,467,10593
trees_50.newick,1,37,51,739,49,49,255,485,10529
trees_50.newick,1,38,51,675,49,49,297,456,14950
trees_50.newick,1,39,51,661,49,49,249,462,13586
trees_50.newick,1,40,51,741,49,49,274,464,11055
trees_50.newick,1,41,51,744,49,49,268,479,9592
trees_50.newick,1,42,51,742,49,49,265,475,12672
trees_50.newick,1,43,51,738,49,49,262,465,10862
trees_50.newick,1,44,51,719,49,49,255,474,12685
trees_50.newick,1,45,51,740,49,49,252,480,13135
trees_50.newick,1,46,51,716,49,49,244,460,14683
trees_50.newick,1,47,51,653,49,49,243,465,10372
trees_50.newick,1,48,51,810,49,49,261,472,10624
trees_50.newick,1,49,51,779,49,49,255,472,14130
trees_50.newick,2,3,51,698,49,49,250,463,11571
trees_50.newick,2,4,51,686,49,49,244,448,9837
trees_50.newick,2,5,51,682,49,49,241,449,10726
trees_50.newick,2,6,51,713,49,49,251,761,10812
trees_50.newick,2,7,51,739,49,49,254,557,16513
trees_50.newick,2,8,51,774,49,49,257,507,11443
trees_50.newick,2,9,51,767,49,49,253,472,10073
trees_50.newick,2,10,51,687,49,49,246,466,11699
trees_50.newick,2,11,51,758,49,49,257,468,9970
trees_50.newick,2,12,51,709,49,49,248,458,17038
trees_50.newick,2,13,51,713,49,49,246,468,11281
trees_50.newick,2,14,51,705,49,49,249,465,10150
trees_50.newick,2,15,51,717,49,49,252,474,9676
trees_50.newick,2,16,51,703,49,49,249,466,9383
trees_50.newick,2,17,51,677,49,49,246,458,13371
trees_50.newick,2,18,51,697,49,49,246,463,12797
trees_50.newick,2,19,51,691,49,49,245,461,10990
trees_50.newick,2,20,51,664,49,49,244,446,10525
trees_50.newick,2,21,51,680,49,49,248,460,10429
trees_50.newick,2,22,51,748,49,49,250,471,13782
trees_50.newick,2,23,51,693,49,49,249,452,17155
trees_50.newick,2,24,51,730,49,49,245,464,12853
trees_50.newick,2,25,51,744,49,49,250,684,10068
trees_50.newick,2,26,51,756,49,49,257,862,10000
trees_50.newick,2,27,51,669,49,49,243,479,12542
trees_50.newick,2,28,51,711,49,49,256,475,16719
trees_50.newick,2,29,51,702,49,49,244,468,11437
trees_50.newick,2,30,51,694,49,49,246,465,10664
trees_50.newick,2,31,51,735,49,49,371,475,9888
trees_50.newick,2,32,51,765,49,49,477,457,9947
trees_50.newick,2,33,51,710,49,49,348,477,10854
trees_50.newick,2,34,51,660,49,49,251,451,11766
trees_50.newick,2,35,51,712,49,49,248,464,10425
trees_50.newick,2,36,51,696,49,49,254,467,11988
trees_50.newick,2,37,51,662,49,49,247,454,11306
trees_50.newick,2,38,51,696,49,49,244,457,10808
trees_50.newick,2,39,51,658,49,49,247,471,18263
trees_50.newick,2,40,51,712,49,49,248,457,10557
trees_50.newick,2,41,51,776,49,49,259,489,10072
trees_50.newick,2,42,51,740,49,49,257,482,10128
trees_50.newick,2,43,51,727,49,49,246,464,10507
trees_50.newick,2,44,51,671,49,49,243,466,12983
trees_50.newick,2,45,51,645,49,49,240,471,12163
trees_50.newick,2,46,51,702,49,49,240,465,10052
trees_50.newick,2,47,51,693,49,49,254,470,10325
trees_50.newick,2,48,51,742,49,49,248,454,12448
trees_50.newick,2,49,51,713,49,49,250,458,15425
trees_50.newick,3,4,51,714,49,49,251,453,10759
trees_50.newick,3,5,51,690,49,49,243,456,10300
trees_50.newick,3,6,51,733,49,49,254,1132,10398
trees_50.newick,3,7,51,732,49,49,252,481,10246
trees_50.newick,3,8,51,754,49,49,263,470,10713
trees_50.newick,3,9,51,667,49,49,244,450,13192
trees_50.newick,3,10,51,745,49,49,256,462,10148
trees_50.newick,3,11,51,713,49,49,252,452,13742
trees_50.newick,3,12,51,765,49,49,254,462,11988
trees_50.newick,3,13,51,732,49,49,257,462,16276
trees_50.newick,3,14,51,667,49,49,246,453,11214
trees_50.newick,3,15,51,699,49,49,247,480,11761
trees_50.newick,3,16,51,782,49,49,259,471,10283
trees_50.newick,3,17,51,744,49,49,254,474,9869
trees_50.newick,3,18,51,734,49,49,259,502,12287
trees_50.newick,3,19,51,781,49,49,257,468,16352
trees_50.newick,3,20,51,705,49,49,251,484,10816
trees_50.newick,3,21,51,692,49,49,252,457,11510
trees_50.newick,3,22,51,652,49,49,243,460,11636
trees_50.newick,3,23,51,729,49,49,257,469,14878
trees_50.newick,3,24,51,739,49,49,251,458,16587
trees_50.newick,3,25,51,722,49,49,247,467,11518
trees_50.newick,3,26,51,734,49,49,266,467,11591
trees_50.newick,3,27,51,683,49,49,249,450,10877
trees_50.newick,3,28,51,717,49,49,262,476,10278
trees_50.newick,3,29,51,717,49,49,253,459,10369
trees_50.newick,3,30,51,719,49,49,258,458,13354
trees_50.newick,3,31,51,788,49,49,267,484,10071
trees_50.newick,3,32,51,699,49,49,257,455,10032
trees_50.newick,3,33,51,738,49,49,264,477,11999
trees_50.newick,3,34,51,679,49,49,248,451,11461
trees_50.newick,3,35,51,645,49,49,238,457,16145
trees_50.newick,3,36,51,726,49,49,261,464,10378
trees_50.newick,3,37,51,754,49,49,258,468,10370
trees_50.newick,3,38,51,737,49,49,257,456,11127
trees_50.newick,3,39,51,711,49,49,251,469,18907
trees_50.newick,3,40,51,716,49,49,249,458,18372
trees_50.newick,3,41,51,744,49,49,264,483,11409
trees_50.newick,3,42,51,681,49,49,251,479,11567
trees_50.newick,3,43,51,695,49,49,262,464,10618
trees_50.newick,3,44,51,732,49,49,252,484,10786
trees_50.newick,3,45,51,694,49,49,288,477,16436
trees_50.newick,3,46,51,760,49,49,256,482,10588
trees_50.newick,3,47,51,744,49,49,254,478,10886
trees_50.newick,3,48,51,613,49,49,242,486,11035
trees_50.newick,3,49,51,680,49,49,244,498,10466
trees_50.newick,4,5,51,724,49,49,247,450,15260
trees_50.newick,4,6,51,728,49,49,251,459,12066
trees_50.newick,4,7,51,767,49,49,250,477,10158
trees_50.newick,4,8,51,809,49,49,264,465,10454
trees_50.newick,4,9,51,760,49,49,252,476,10251
trees_50.newick,4,10,51,766,49,49,252,481,14564
trees_50.newick,4,11,51,755,49,49,255,461,13177
trees_50.newick,4,12,51,752,49,49,248,469,10315
trees_50.newick,4,13,51,649,49,49,246,452,16327
trees_50.newick,4,14,51,735,49,49,247,488,11539
trees_50.newick,4,15,51,733,49,49,249,475,12855
trees_50.newick,4,16,51,653,49,49,240,454,12462
trees_50.newick,4,17,51,694,49,49,245,463,11842
trees_50.newick,4,18,51,763,49,49,258,484,10288
trees_50.newick,4,19,51,740,49,49,250,462,10040
trees_50.newick,4,20,51,721,49,49,249,471,13406
trees_50.newick,4,21,51,686,49,49,243,473,12166
trees_50.newick,4,22,51,691,49,49,244,462,10083
trees_50.newick,4,23,51,684,49,49,247,460,9990
trees_50.newick,4,24,51,743,49,49,249,519,9991
trees_50.newick,4,25,51,738,49,49,253,473,10407
trees_50.newick,4,26,51,706,49,49,265,472,16938
trees_50.newick,4,27,51,700,49,49,247,467,11256
trees_50.newick,4,28,51,719,49,49,260,466,9908
trees_50.newick,4,29,51,754,49,49,249,470,16576
trees_50.newick,4,30,51,730,49,49,250,467,14962
trees_50.newick,4,31,51,742,49,49,253,474,15801
trees_50.newick,4,32,51,752,49,49,254,463,11546
trees_50.newick,4,33,51,727,49,49,253,467,11171
trees_50.newick,4,34,51,700,49,49,245,458,10722
trees_50.newick,4,35,51,684,49,49,242,464,15518
trees_50.newick,4,36,51,661,49,49,248,463,11889
trees_50.newick,4,37,51,759,49,49,256,471,10300
trees_50.newick,4,38,51,694,49,49,239,454,10025
trees_50.newick,4,39,51,681,49,49,244,453,13516
trees_50.newick,4,40,51,692,49,49,243,455,13185
trees_50.newick,4,41,51,743,49,49,255,483,15750
trees_50.newick,4,42,51,697,49,49,252,477,10457
trees_50.newick,4,43,51,733,49,49,246,475,9890
trees_50.newick,4,44,51,710,49,49,243,481,11501
trees_50.newick,4,45,51,670,49,49,244,508,10468
trees_50.newick,4,46,51,775,49,49,248,477,13702
trees_50.newick,4,47,51,701,49,49,250,477,12324
trees_50.newick,4,48,51,682,49,49,241,457,10223
trees_50.newick,4,49,51,711,49,49,249,462,9545
trees_50.newick,5,6,51,726,49,49,245,465,10297
trees_50.newick,5,7,51,678,49,49,241,463,21405
trees_50.newick,5,8,51,651,49,49,246,462,10828
trees_50.newick,5,9,51,677,49,49,242,461,11462
trees_50.newick,5,10,51,687,49,49,248,464,10112
trees_50.newick,5,11,51,692,49,49,241,452,10880
trees_50.newick,5,12,51,695,49,49,243,463,13954
trees_50.newick,5,13,51,701,49,49,245,467,10393
trees_50.newick,5,14,51,699,49,49,241,449,9787
trees_50.newick,5,15,51,707,49,49,252,474,9971
trees_50.newick,5,16,51,701,49,49,242,462,11632
trees_50.newick,5,17,51,704,49,49,245,458,22929
trees_50.newick,5,18,51,701,49,49,243,468,11609
trees_50.newick,5,19,51,702,49,49,244,457,9761
trees_50.newick,5,20,51,662,49,49,243,461,11259
trees_50.newick,5,21,51,717,49,49,261,525,9598
trees_50.newick,5,22,51,741,49,49,248,459,12544
trees_50.newick,5,23,51,723,49,49,246,456,12924
trees_50.newick,5,24,51,665,49,49,240,452,11885
trees_50.newick,5,25,51,688,49,49,243,461,12345
trees_50.newick,5,26,51,665,49,49,242,457,11612
trees_50.newick,5,27,51,669,49,49,246,454,12864
trees_50.newick,5,28,51,644,49,49,261,459,19330
trees_50.newick,5,29,51,750,49,49,253,471,11644
trees_50.newick,5,30,51,738,49,49,248,461,11355
trees_50.newick,5,31,51,726,49,49,247,470,9845
trees_50.newick,5,32,51,718,49,49,251,451,11819
trees_50.newick,5,33,51,661,49,49,240,478,12372
trees_50.newick,5,34,51,726,49,49,253,458,12165
trees_50.newick,5,35,51,673,49,49,238,455,11492
trees_50.newick,5,36,51,707,49,49,248,456,10407
trees_50.newick,5,37,51,662,49,49,243,455,12022
trees_50.newick,5,38,51,700,49,49,241,453,12037
trees_50.newick,5,39,51,680,49,49,244,458,10324
trees_50.newick,5,40,51,741,49,49,246,458,9947
trees_50.newick,5,41,51,695,49,49,251,482,10002
trees_50.newick,5,42,51,695,49,49,243,479,9974
trees_50.newick,5,43,51,713,49,49,242,457,11132
trees_50.newick,5,44,51,704,49,49,245,476,11408
trees_50.newick,5,45,51,734,49,49,246,477,12212
trees_50.newick,5,46,51,726,49,49,239,454,9517
trees_50.newick,5,47,51,706,49,49,243,539,9909
trees_50.newick,5,48,51,660,49,49,235,471,11866
trees_50.newick,5,49,51,685,49,49,238,455,16202
trees_50.newick,6,7,51,648,49,49,243,448,11171
trees_50.newick,6,8,51,752,49,49,254,482,10097
trees_50.newick,6,9,51,659,49,49,241,459,10138
trees_50.newick,6,10,51,750,49,49,252,472,12127
trees_50.newick,6,11,51,627,49,49,239,448,23522
trees_50.newick,6,12,51,733,49,49,254,463,10763
trees_50.newick,6,13,51,754,49,49,254,470,9929
trees_50.newick,6,14,51,736,49,49,249,466,10398
trees_50.newick,6,15,51,686,49,49,246,472,9933
trees_50.newick,6,16,51,721,49,49,244,459,10633
trees_50.newick,6,17,51,719,49,49,253,467,12277
trees_50.newick,6,18,51,776,49,49,257,474,10157
trees_50.newick,6,19,51,738,49,49,251,479,10787
trees_50.newick,6,20,51,729,49,49,250,464,9507
trees_50.newick,6,21,51,691,49,49,274,450,11642
trees_50.newick,6,22,51,778,49,49,259,471,13422
trees_50.newick,6,23,51,736,49,49,256,464,10689
trees_50.newick,6,24,51,761,49,49,252,462,9852
trees_50.newick,6,25,51,746,49,49,255,734,9722
trees_50.newick,6,26,51,700,49,49,257,730,10866
trees_50.newick,6,27,51,696,49,49,255,487,17748
trees_50.newick,6,28,51,684,49,49,259,484,11008
trees_50.newick,6,29,51,671,49,49,250,464,11369
trees_50.newick,6,30,51,759,49,49,259,473,9468
trees_50.newick,6,31,51,743,49,49,250,470,14167
trees_50.newick,6,32,51,807,49,49,265,457,12456
trees_50.newick,6,33,51,726,49,49,255,467,15633
trees_50.newick,6,34,51,707,49,49,247,454,10410
trees_50.newick,6,35,51,654,49,49,238,465,11140
trees_50.newick,6,36,51,722,49,49,252,479,9832
trees_50.newick,6,37,51,702,49,49,256,458,10377
trees_50.newick,6,38,51,676,49,49,247,461,14274
trees_50.newick,6,39,51,652,49,49,240,468,12922
trees_50.newick,6,40,51,689,49,49,245,458,9698
trees_50.newick,6,41,51,778,49,49,257,482,10213
trees_50.newick,6,42,51,734,49,49,255,485,11627
trees_50.newick,6,43,51,647,49,49,245,580,10806
trees_50.newick,6,44,51,686,49,49,243,475,13433
trees_50.newick,6,45,51,734,49,49,249,665,10301
trees_50.newick,6,46,51,778,49,49,248,493,9700
trees_50.newick,6,47,51,744,49,49,255,506,10821
trees_50.newick,6,48,51,745,49,49,253,456,11457
trees_50.newick,6,49,51,720,49,49,244,460,15235
trees_50.newick,7,8,51,741,49,49,255,469,11504
trees_50.newick,7,9,51,670,49,49,243,461,11383
trees_50.newick,7,10,51,706,49,49,251,477,9717
trees_50.newick,7,11,51,694,49,49,244,470,12784
trees_50.newick,7,12,51,666,49,49,240,460,18012
trees_50.newick,7,13,51,671,49,49,241,456,12039
trees_50.newick,7,14,51,674,49,49,241,455,11221
trees_50.newick,7,15,51,715,49,49,248,472,10264
trees_50.newick,7,16,51,700,49,49,241,459,12159
trees_50.newick,7,17,51,731,49,49,249,462,12138
trees_50.newick,7,18,51,676,49,49,243,471,17266
trees_50.newick,7,19,51,648,49,49,241,501,10068
trees_50.newick,7,20,51,730,49,49,249,471,9250
trees_50.newick,7,21,51,711,49,49,277,479,13508
trees_50.newick,7,22,51,737,49,49,257,479,13148
trees_50.newick,7,23,51,720,49,49,249,458,18833
trees_50.newick,7,24,51,745,49,49,250,470,11534
trees_50.newick,7,25,51,712,49,49,247,472,10284
trees_50.newick,7,26,51,677,49,49,248,462,9696
trees_50.newick,7,27,51,752,49,49,257,475,11989
trees_50.newick,7,28,51,701,49,49,248,454,22496
trees_50.newick,7,29,51,724,49,49,245,483,10775
trees_50.newick,7,30,51,719,49,49,247,466,10661
trees_50.newick,7,31,51,694,49,49,249,467,12028
trees_50.newick,7,32,51,758,49,49,262,467,11132
trees_50.newick,7,33,51,675,49,49,243,467,17288
trees_50.newick,7,34,51,677,49,49,241,461,12533
trees_50.newick,7,35,51,706,49,49,242,462,9940
trees_50.newick,7,36,51,698,49,49,252,460,10050
trees_50.newick,7,37,51,662,49,49,246,456,10266
trees_50.newick,7,38,51,697,49,49,242,448,10285
trees_50.newick,7,39,51,699,49,49,247,515,13050
trees_50.newick,7,40,51,730,49,49,248,460,10411
trees_50.newick,7,41,51,758,49,49,257,482,9758
trees_50.newick,7,42,51,609,49,49,242,468,12060
trees_50.newick,7,43,51,704,49,49,244,459,11921
trees_50.newick,7,44,51,740,49,49,246,483,16838
trees_50.newick,7,45,51,727,49,49,249,485,10999
trees_50.newick,7,46,51,718,49,49,239,650,10324
trees_50.newick,7,47,51,686,49,49,244,493,10113
trees_50.newick,7,48,51,745,49,49,247,468,11624
trees_50.newick,7,49,51,708,49,49,242,447,16161
trees_50.newick,8,9,51,725,49,49,254,492,11179
trees_50.newick,8,10,51,718,49,49,250,475,11840
trees_50.newick,8,11,51,745,49,49,253,472,9857
trees_50.newick,8,12,51,782,49,49,256,466,10093
trees_50.newick,8,13,51,736,49,49,251,468,10605
trees_50.newick,8,14,51,777,49,49,256,475,13855
trees_50.newick,8,15,51,728,49,49,252,470,10295
trees_50.newick,8,16,51,693,49,49,246,472,9786
trees_50.newick,8,17,51,759,49,49,256,465,10197
trees_50.newick,8,18,51,760,49,49,255,517,10453
trees_50.newick,8,19,51,766,49,49,255,504,14207
trees_50.newick,8,20,51,727,49,49,255,475,10743
trees_50.newick,8,21,51,761,49,49,257,472,10917
trees_50.newick,8,22,51,760,49,49,252,467,9996
trees_50.newick,8,23,51,721,49,49,249,453,11328
trees_50.newick,8,24,51,649,49,49,299,453,14120
trees_50.newick,8,25,51,679,49,49,337,468,10641
trees_50.newick,8,26,51,680,49,49,254,461,9986
trees_50.newick,8,27,51,710,49,49,276,456,11153
trees_50.newick,8,28,51,689,49,49,251,458,9904
trees_50.newick,8,29,51,697,49,49,245,462,12257
trees_50.newick,8,30,51,761,49,49,259,470,12345
trees_50.newick,8,31,51,763,49,49,262,469,12438
trees_50.newick,8,32,51,786,49,49,259,455,9836
trees_50.newick,8,33,51,726,49,49,250,476,11598
trees_50.newick,8,34,51,725,49,49,250,459,11003
trees_50.newick,8,35,51,699,49,49,248,460,14953
trees_50.newick,8,36,51,757,49,49,264,470,10916
trees_50.newick,8,37,51,699,49,49,249,477,10128
trees_50.newick,8,38,51,709,49,49,243,477,11582
trees_50.newick,8,39,51,752,49,49,252,472,10996
trees_50.newick,8,40,51,731,49,49,254,453,16565
trees_50.newick,8,41,51,726,49,49,260,478,13032
trees_50.newick,8,42,51,726,49,49,254,477,10474
trees_50.newick,8,43,51,747,49,49,250,473,10031
trees_50.newick,8,44,51,707,49,49,244,473,13038
trees_50.newick,8,45,51,700,49,49,252,480,16539
trees_50.newick,8,46,51,728,49,49,252,465,12835
trees_50.newick,8,47,51,719,49,49,252,466,11598
trees_50.newick,8,48,51,753,49,49,251,460,9842
trees_50.newick,8,49,51,729,49,49,246,466,9678
trees_50.newick,9,10,51,712,49,49,249,468,10698
trees_50.newick,9,11,51,708,49,49,246,457,11821
trees_50.newick,9,12,51,775,49,49,254,472,10654
trees_50.newick,9,13,51,712,49,49,245,462,10184
trees_50.newick,9,14,51,760,49,49,253,476,10353
trees_50.newick,9,15,51,672,49,49,244,468,12256
trees_50.newick,9,16,51,703,49,49,244,476,15669
trees_50.newick,9,17,51,714,49,49,249,465,12168
trees_50.newick,9,18,51,703,49,49,246,466,11852
trees_50.newick,9,19,51,756,49,49,251,477,10134
trees_50.newick,9,20,51,689,49,49,246,464,10185
trees_50.newick,9,21,51,685,49,49,247,458,20818
trees_50.newick,9,22,51,738,49,49,258,461,11451
trees_50.newick,9,23,51,759,49,49,253,467,10368
trees_50.newick,9,24,51,736,49,49,245,461,9820
trees_50.newick,9,25,51,756,49,49,249,487,12029
trees_50.newick,9,26,51,664,49,49,241,464,16210
trees_50.newick,9,27,51,737,49,49,248,462,13160
trees_50.newick,9,28,51,752,49,49,254,466,10392
trees_50.newick,9,29,51,708,49,49,244,475,10998
trees_50.newick,9,30,51,723,49,49,249,471,10971
trees_50.newick,9,31,51,767,49,49,259,473,10827
trees_50.newick,9,32,51,761,49,49,254,468,13385
trees_50.newick,9,33,51,640,49,49,240,451,12084
trees_50.newick,9,34,51,760,49,49,254,463,11376
trees_50.newick,9,35,51,716,49,49,244,477,10050
trees_50.newick,9,36,51,753,49,49,259,478,12496
trees_50.newick,9,37,51,729,49,49,257,470,11446
trees_50.newick,9,38,51,751,49,49,248,472,10167
trees_50.newick,9,39,51,756,49,49,253,470,9704
trees_50.newick,9,40,51,697,49,49,243,462,12016
trees_50.newick,9,41,51,758,49,49,263,485,11974
trees_50.newick,9,42,51,701,49,49,254,474,17646
trees_50.newick,9,43,51,692,49,49,243,473,10855
trees_50.newick,9,44,51,792,49,49,254,491,10269
trees_50.newick,9,45,51,661,49,49,241,487,11543
trees_50.newick,9,46,51,708,49,49,245,449,10744
trees_50.newick,9,47,51,707,49,49,254,464,14345
trees_50.newick,9,48,51,755,49,49,251,468,11345
trees_50.newick,9,49,51,688,49,49,242,449,11991
trees_50.newick,10,11,51,737,49,49,250,456,10096
trees_50.newick,10,12,51,711,49,49,251,474,10416
trees_50.newick,10,13,51,719,49,49,254,471,19469
trees_50.newick,10,14,51,681,49,49,244,458,13072
trees_50.newick,10,15,51,728,49,49,249,470,11866
trees_50.newick,10,16,51,699,49,49,244,453,9951
trees_50.newick,10,17,51,734,49,49,256,467,9931
trees_50.newick,10,18,51,710,49,49,253,468,12785
trees_50.newick,10,19,51,716,49,49,250,474,11620
trees_50.newick,10,20,51,681,49,49,246,458,10667
trees_50.newick,10,21,51,697,49,49,248,453,15490
trees_50.newick,10,22,51,764,49,49,251,466,11431
trees_50.newick,10,23,51,760,49,49,258,466,13600
trees_50.newick,10,24,51,737,49,49,247,449,11814
trees_50.newick,10,25,51,733,49,49,248,469,10952
trees_50.newick,10,26,51,714,49,49,266,461,10128
trees_50.newick,10,27,51,706,49,49,253,465,13994
trees_50.newick,10,28,51,733,49,49,259,463,12465
trees_50.newick,10,29,51,703,49,49,244,466,12468
trees_50.newick,10,30,51,706,49,49,245,491,12351
trees_50.newick,10,31,51,749,49,49,250,461,9905
trees_50.newick,10,32,51,794,49,49,259,469,10270
trees_50.newick,10,33,51,747,49,49,257,471,11066
trees_50.newick,10,34,51,698,49,49,245,456,12179
trees_50.newick,10,35,51,633,49,49,234,459,15714
trees_50.newick,10,36,51,758,49,49,257,495,9981
trees_50.newick,10,37,51,702,49,49,248,455,11640
trees_50.newick,10,38,51,698,49,49,243,460,10634
trees_50.newick,10,39,51,740,49,49,249,463,14709
trees_50.newick,10,40,51,755,49,49,252,464,11335
trees_50.newick,10,41,51,696,49,49,246,470,10242
trees_50.newick,10,42,51,768,49,49,256,485,12789
trees_50.newick,10,43,51,720,49,49,248,462,13594
trees_50.newick,10,44,51,725,49,49,245,467,17850
trees_50.newick,10,45,51,732,49,49,253,474,11877
trees_50.newick,10,46,51,734,49,49,244,456,10863
trees_50.newick,10,47,51,671,49,49,242,463,11045
trees_50.newick,10,48,51,755,49,49,252,467,10659
trees_50.newick,10,49,51,705,49,49,243,457,12288
trees_50.newick,11,12,51,732,49,49,248,483,10673
trees_50.newick,11,13,51,702,49,49,242,469,10442
trees_50.newick,11,14,51,673,49,49,243,453,13753
trees_50.newick,11,15,51,735,49,49,253,475,12656
trees_50.newick,11,16,51,773,49,49,253,470,10151
trees_50.newick,11,17,51,693,49,49,244,459,17578
trees_50.newick,11,18,51,755,49,49,251,552,10811
trees_50.newick,11,19,51,641,49,49,239,449,11853
trees_50.newick,11,20,51,734,49,49,253,477,10537
trees_50.newick,11,21,51,753,49,49,256,471,12208
trees_50.newick,11,22,51,703,49,49,243,460,15112
trees_50.newick,11,23,51,770,49,49,252,463,11818
trees_50.newick,11,24,51,745,49,49,251,471,10313
trees_50.newick,11,25,51,749,49,49,295,474,10617
trees_50.newick,11,26,51,734,49,49,257,464,14792
trees_50.newick,11,27,51,776,49,49,343,466,17664
trees_50.newick,11,28,51,700,49,49,249,459,11441
trees_50.newick,11,29,51,769,49,49,354,481,10455
trees_50.newick,11,30,51,705,49,49,248,460,12064
trees_50.newick,11,31,51,779,49,49,349,493,11245
trees_50.newick,11,32,51,781,49,49,461,464,11963
trees_50.newick,11,33,51,720,49,49,310,471,11042
trees_50.newick,11,34,51,757,49,49,254,473,10581
trees_50.newick,11,35,51,681,49,49,246,457,11313
trees_50.newick,11,36,51,738,49,49,389,489,11408
trees_50.newick,11,37,51,752,49,49,356,466,12068
trees_50.newick,11,38,51,685,49,49,443,454,10852
trees_50.newick,11,39,51,726,49,49,340,471,11876
trees_50.newick,11,40,51,771,49,49,347,465,12291
trees_50.newick,11,41,51,808,49,49,261,481,10611
trees_50.newick,11,42,51,703,49,49,248,479,15932
trees_50.newick,11,43,51,788,49,49,256,471,11838
trees_50.newick,11,44,51,768,49,49,253,489,10225
trees_50.newick,11,45,51,720,49,49,249,484,12162
trees_50.newick,11,46,51,715,49,49,246,458,10449
trees_50.newick,11,47,51,750,49,49,337,480,13102
trees_50.newick,11,48,51,746,49,49,409,453,16250
trees_50.newick,11,49,51,752,49,49,411,455,10539
trees_50.newick,12,13,51,741,49,49,369,472,10190
trees_50.newick,12,14,51,700,49,49,255,535,11103
trees_50.newick,12,15,51,739,49,49,256,478,10483
trees_50.newick,12,16,51,759,49,49,262,477,14492
trees_50.newick,12,17,51,744,49,49,272,461,10290
trees_50.newick,12,18,51,789,49,49,258,482,9788
trees_50.newick,12,19,51,722,49,49,251,461,9583
trees_50.newick,12,20,51,722,49,49,260,467,12285
trees_50.newick,12,21,51,713,49,49,261,465,13819
trees_50.newick,12,22,51,759,49,49,251,504,10670
trees_50.newick,12,23,51,734,49,49,253,560,10160
trees_50.newick,12,24,51,756,49,49,478,458,10330
trees_50.newick,12,25,51,748,49,49,484,463,12643
trees_50.newick,12,26,51,749,49,49,473,476,14511
trees_50.newick,12,27,51,712,49,49,482,455,10913
trees_50.newick,12,28,51,730,49,49,483,464,10182
trees_50.newick,12,29,51,806,49,49,488,478,11635
trees_50.newick,12,30,51,713,49,49,299,463,10753
trees_50.newick,12,31,51,735,49,49,250,471,12885
trees_50.newick,12,32,51,800,49,49,263,475,11451
trees_50.newick,12,33,51,687,49,49,261,462,12421
trees_50.newick,12,34,51,746,49,49,259,529,9902
trees_50.newick,12,35,51,683,49,49,253,475,9943
trees_50.newick,12,36,51,717,49,49,262,471,10234
trees_50.newick,12,37,51,754,49,49,259,464,18790
trees_50.newick,12,38,51,698,49,49,249,464,11049
trees_50.newick,12,39,51,714,49,49,258,474,9837
trees_50.newick,12,40,51,782,49,49,263,463,10514
trees_50.newick,12,41,51,838,49,49,265,491,10666
trees_50.newick,12,42,51,712,49,49,246,473,18684
trees_50.newick,12,43,51,741,49,49,248,463,11260
trees_50.newick,12,44,51,716,49,49,253,479,12319
trees_50.newick,12,45,51,718,49,49,256,483,11906
trees_50.newick,12,46,51,721,49,49,243,455,12411
trees_50.newick,12,47,51,713,49,49,247,476,20197
trees_50.newick,12,48,51,711,49,49,244,453,11024
trees_50.newick,12,49,51,766,49,49,254,466,9979
trees_50.newick,13,14,51,728,49,49,260,466,10989
trees_50.newick,13,15,51,695,49,49,248,473,10331
trees_50.newick,13,16,51,674,49,49,239,453,10957
trees_50.newick,13,17,51,723,49,49,248,465,12581
trees_50.newick,13,18,51,689,49,49,250,477,10443
trees_50.newick,13,19,51,678,49,49,301,454,9647
trees_50.newick,13,20,51,701,49,49,265,455,10246
trees_50.newick,13,21,51,704,49,49,257,466,13870
trees_50.newick,13,22,51,737,49,49,260,459,16378
trees_50.newick,13,23,51,679,49,49,248,454,12210
trees_50.newick,13,24,51,707,49,49,250,463,10424
trees_50.newick,13,25,51,723,49,49,247,463,9901
trees_50.newick,13,26,51,681,49,49,244,466,10523
trees_50.newick,13,27,51,648,49,49,239,462,19281
trees_50.newick,13,28,51,743,49,49,257,465,11182
trees_50.newick,13,29,51,716,49,49,253,478,11310
trees_50.newick,13,30,51,699,49,49,247,468,11555
trees_50.newick,13,31,51,718,49,49,254,466,11583
trees_50.newick,13,32,51,778,49,49,268,474,16475
trees_50.newick,13,33,51,689,49,49,254,470,11227
trees_50.newick,13,34,51,712,49,49,256,463,9809
trees_50.newick,13,35,51,705,49,49,242,463,10180
trees_50.newick,13,36,51,710,49,49,250,460,10307
trees_50.newick,13,37,51,699,49,49,248,464,20531
trees_50.newick,13,38,51,677,49,49,240,454,14629
trees_50.newick,13,39,51,683,49,49,251,464,10167
trees_50.newick,13,40,51,737,49,49,248,485,9852
trees_50.newick,13,41,51,765,49,49,256,482,11769
trees_50.newick,13,42,51,656,49,49,240,475,13273
trees_50.newick,13,43,51,750,49,49,249,467,13844
trees_50.newick,13,44,51,670,49,49,248,467,12256
trees_50.newick,13,45,51,737,49,49,251,479,10504
trees_50.newick,13,46,51,683,49,49,239,443,11449
trees_50.newick,13,47,51,748,49,49,251,483,12341
trees_50.newick,13,48,51,682,49,49,240,462,22417
trees_50.newick,13,49,51,751,49,49,247,461,10841
trees_50.newick,14,15,51,764,49,49,259,485,9924
trees_50.newick,14,16,51,688,49,49,243,462,10224
trees_50.newick,14,17,51,692,49,49,249,471,10359
trees_50.newick,14,18,51,692,49,49,246,473,14872
trees_50.newick,14,19,51,711,49,49,255,455,11155
trees_50.newick,14,20,51,729,49,49,252,467,10099
trees_50.newick,14,21,51,702,49,49,250,459,11311
trees_50.newick,14,22,51,720,49,49,248,460,10461
trees_50.newick,14,23,51,734,49,49,249,474,16001
trees_50.newick,14,24,51,705,49,49,251,445,12030
trees_50.newick,14,25,51,701,49,49,473,469,10950
trees_50.newick,14,26,51,706,49,49,471,467,12552
trees_50.newick,14,27,51,693,49,49,291,458,12237
trees_50.newick,14,28,51,699,49,49,248,455,11305
trees_50.newick,14,29,51,715,49,49,246,469,14346
trees_50.newick,14,30,51,710,49,49,248,458,10409
trees_50.newick,14,31,51,704,49,49,245,464,10766
trees_50.newick,14,32,51,784,49,49,266,460,9920
trees_50.newick,14,33,51,739,49,49,251,470,13185
trees_50.newick,14,34,51,684,49,49,247,465,12851
trees_50.newick,14,35,51,695,49,49,241,486,10445
trees_50.newick,14,36,51,719,49,49,255,471,10310
trees_50.newick,14,37,51,715,49,49,257,459,9528
trees_50.newick,14,38,51,654,49,49,240,451,10461
trees_50.newick,14,39,51,720,49,49,248,532,16626
trees_50.newick,14,40,51,737,49,49,249,489,11390
trees_50.newick,14,41,51,769,49,49,258,481,10395
trees_50.newick,14,42,51,643,49,49,248,470,11402
trees_50.newick,14,43,51,720,49,49,251,468,12183
trees_50.newick,14,44,51,716,49,49,244,467,16497
trees_50.newick,14,45,51,697,49,49,244,506,10850
trees_50.newick,14,46,51,703,49,49,242,450,10072
trees_50.newick,14,47,51,736,49,49,255,470,10442
trees_50.newick,14,48,51,623,49,49,242,451,15270
trees_50.newick,14,49,51,717,49,49,244,449,12763
trees_50.newick,15,16,51,641,49,49,239,446,11836
trees_50.newick,15,17,51,761,49,49,254,478,10721
trees_50.newick,15,18,51,740,49,49,249,470,10086
trees_50.newick,15,19,51,755,49,49,258,461,11861
trees_50.newick,15,20,51,679,49,49,244,508,14086
trees_50.newick,15,21,51,710,49,49,246,465,16231
trees_50.newick,15,22,51,730,49,49,249,471,11537
trees_50.newick,15,23,51,601,49,49,231,451,12584
trees_50.newick,15,24,51,699,49,49,244,457,9987
trees_50.newick,15,25,51,714,49,49,241,456,10699
trees_50.newick,15,26,51,716,49,49,246,461,19819
trees_50.newick,15,27,51,656,49,49,240,448,13432
trees_50.newick,15,28,51,714,49,49,250,475,16817
trees_50.newick,15,29,51,714,49,49,247,471,19155
trees_50.newick,15,30,51,667,49,49,241,459,14672
trees_50.newick,15,31,51,760,49,49,248,465,13925
trees_50.newick,15,32,51,727,49,49,484,457,10272
trees_50.newick,15,33,51,631,49,49,242,455,13053
trees_50.newick,15,34,51,718,49,49,248,455,16335
trees_50.newick,15,35,51,676,49,49,244,469,14897
trees_50.newick,15,36,51,688,49,49,247,463,12702
trees_50.newick,15,37,51,668,49,49,245,461,10445
trees_50.newick,15,38,51,703,49,49,247,458,10201
trees_50.newick,15,39,51,730,49,49,247,469,9804
trees_50.newick,15,40,51,714,49,49,247,497,11875
trees_50.newick,15,41,51,788,49,49,281,488,11770
trees_50.newick,15,42,51,738,49,49,250,485,10957
trees_50.newick,15,43,51,667,49,49,248,457,11447
trees_50.newick,15,44,51,683,49,49,249,476,9888
trees_50.newick,15,45,51,697,49,49,261,478,10699
trees_50.newick,15,46,51,699,49,49,249,453,17339
trees_50.newick,15,47,51,700,49,49,253,559,10923
trees_50.newick,15,48,51,702,49,49,253,584,12528
trees_50.newick,15,49,51,714,49,49,244,498,11152
trees_50.newick,16,17,51,712,49,49,253,462,11145
trees_50.newick,16,18,51,724,49,49,251,472,15531
trees_50.newick,16,19,51,688,49,49,249,455,11074
trees_50.newick,16,20,51,708,49,49,256,460,9864
trees_50.newick,16,21,51,669,49,49,243,455,13199
trees_50.newick,16,22,51,754,49,49,251,465,10200
trees_50.newick,16,23,51,720,49,49,250,457,13681
trees_50.newick,16,24,51,678,49,49,241,453,11765
trees_50.newick,16,25,51,722,49,49,252,463,10004
trees_50.newick,16,26,51,665,49,49,242,507,11370
trees_50.newick,16,27,51,739,49,49,253,459,10067
trees_50.newick,16,28,51,734,49,49,256,462,17257
trees_50.newick,16,29,51,765,49,49,253,481,11342
trees_50.newick,16,30,51,742,49,49,263,470,9867
trees_50.newick,16,31,51,754,49,49,275,463,11712
trees_50.newick,16,32,51,735,49,49,479,476,10046
trees_50.newick,16,33,51,711,49,49,469,473,11999
trees_50.newick,16,34,51,683,49,49,402,451,12919
trees_50.newick,16,35,51,695,49,49,332,465,10036
trees_50.newick,16,36,51,700,49,49,346,471,9703
trees_50.newick,16,37,51,733,49,49,311,472,11277
trees_50.newick,16,38,51,716,49,49,248,462,12213
trees_50.newick,16,39,51,711,49,49,254,463,18837
trees_50.newick,16,40,51,724,49,49,365,463,11090
trees_50.newick,16,41,51,752,49,49,514,489,10184
trees_50.newick,16,42,51,723,49,49,465,493,10653
trees_50.newick,16,43,51,747,49,49,255,469,9987
trees_50.newick,16,44,51,690,49,49,243,475,12430
trees_50.newick,16,45,51,761,49,49,256,498,12176
trees_50.newick,16,46,51,762,49,49,287,468,10627
trees_50.newick,16,47,51,697,49,49,249,461,10090
trees_50.newick,16,48,51,711,49,49,247,452,10059
trees_50.newick,16,49,51,723,49,49,255,462,14896
trees_50.newick,17,18,51,733,49,49,261,482,12336
trees_50.newick,17,19,51,723,49,49,254,458,12661
trees_50.newick,17,20,51,598,49,49,245,454,12539
trees_50.newick,17,21,51,675,49,49,296,463,9888
trees_50.newick,17,22,51,733,49,49,335,467,10363
trees_50.newick,17,23,51,730,49,49,320,470,19016
trees_50.newick,17,24,51,776,49,49,355,461,11015
trees_50.newick,17,25,51,757,49,49,398,467,11590
trees_50.newick,17,26,51,751,49,49,361,759,10610
trees_50.newick,17,27,51,744,49,49,357,480,12109
trees_50.newick,17,28,51,718,49,49,253,475,17068
trees_50.newick,17,29,51,710,49,49,248,482,10759
trees_50.newick,17,30,51,690,49,49,254,458,11849
trees_50.newick,17,31,51,775,49,49,252,471,9758
trees_50.newick,17,32,51,720,49,49,285,465,11477
trees_50.newick,17,33,51,747,49,49,345,469,10269
trees_50.newick,17,34,51,732,49,49,325,462,11474
trees_50.newick,17,35,51,751,49,49,329,464,10302
trees_50.newick,17,36,51,723,49,49,425,463,14288
trees_50.newick,17,37,51,708,49,49,489,469,11531
trees_50.newick,17,38,51,682,49,49,479,458,12598
trees_50.newick,17,39,51,720,49,49,425,468,14022
trees_50.newick,17,40,51,667,49,49,480,463,11288
trees_50.newick,17,41,51,766,49,49,262,481,11359
trees_50.newick,17,42,51,737,49,49,305,492,10333
trees_50.newick,17,43,51,740,49,49,254,463,10116
trees_50.newick,17,44,51,755,49,49,253,484,13669
trees_50.newick,17,45,51,711,49,49,285,499,12312
trees_50.newick,17,46,51,724,49,49,243,458,10418
trees_50.newick,17,47,51,723,49,49,256,477,11182
trees_50.newick,17,48,51,684,49,49,292,448,11712
trees_50.newick,17,49,51,700,49,49,245,459,14801
trees_50.newick,18,19,51,715,49,49,260,468,13048
trees_50.newick,18,20,51,724,49,49,251,470,10134
trees_50.newick,18,21,51,657,49,49,265,460,10766
trees_50.newick,18,22,51,733,49,49,320,472,9756
trees_50.newick,18,23,51,679,49,49,261,460,13079
trees_50.newick,18,24,51,754,49,49,256,466,18098
trees_50.newick,18,25,51,737,49,49,273,466,10752
trees_50.newick,18,26,51,669,49,49,251,458,12781
trees_50.newick,18,27,51,745,49,49,484,463,9990
trees_50.newick,18,28,51,752,49,49,315,467,14872
trees_50.newick,18,29,51,725,49,49,360,468,15829
trees_50.newick,18,30,51,719,49,49,250,482,12333
trees_50.newick,18,31,51,731,49,49,248,468,10272
trees_50.newick,18,32,51,724,49,49,260,467,9704
trees_50.newick,18,33,51,746,49,49,252,458,10109
trees_50.newick,18,34,51,726,49,49,258,472,11174
trees_50.newick,18,35,51,704,49,49,243,478,13204
trees_50.newick,18,36,51,716,49,49,255,464,10470
trees_50.newick,18,37,51,783,49,49,263,492,10241
trees_50.newick,18,38,51,707,49,49,245,455,10114
trees_50.newick,18,39,51,772,49,49,259,474,10385
trees_50.newick,18,40,51,733,49,49,255,466,12165
trees_50.newick,18,41,51,712,49,49,256,486,10906
trees_50.newick,18,42,51,688,49,49,294,476,9792
trees_50.newick,18,43,51,676,49,49,447,454,11061
trees_50.newick,18,44,51,755,49,49,437,485,9972
trees_50.newick,18,45,51,723,49,49,350,492,16204
trees_50.newick,18,46,51,761,49,49,246,456,11372
trees_50.newick,18,47,51,725,49,49,484,466,9736
trees_50.newick,18,48,51,731,49,49,317,454,11407
trees_50.newick,18,49,51,740,49,49,271,463,11421
trees_50.newick,19,20,51,744,49,49,293,470,14855
trees_50.newick,19,21,51,749,49,49,258,468,13371
trees_50.newick,19,22,51,777,49,49,252,478,11806
trees_50.newick,19,23,51,761,49,49,251,467,12469
trees_50.newick,19,24,51,686,49,49,368,446,14220
trees_50.newick,19,25,51,720,49,49,346,465,11488
trees_50.newick,19,26,51,758,49,49,345,459,13678
trees_50.newick,19,27,51,739,49,49,366,459,10165
trees_50.newick,19,28,51,735,49,49,357,466,10158
trees_50.newick,19,29,51,752,49,49,428,507,9803
trees_50.newick,19,30,51,766,49,49,353,513,9946
trees_50.newick,19,31,51,734,49,49,248,471,17821
trees_50.newick,19,32,51,785,49,49,256,476,10620
trees_50.newick,19,33,51,741,49,49,248,480,9964
trees_50.newick,19,34,51,745,49,49,252,470,9832
trees_50.newick,19,35,51,727,49,49,243,474,14785
trees_50.newick,19,36,51,686,49,49,248,466,12882
trees_50.newick,19,37,51,724,49,49,249,472,16604
trees_50.newick,19,38,51,727,49,49,245,465,10215
trees_50.newick,19,39,51,739,49,49,251,482,10568
trees_50.newick,19,40,51,757,49,49,248,463,10118
trees_50.newick,19,41,51,702,49,49,249,475,10791
trees_50.newick,19,42,51,633,49,49,239,479,27089
trees_50.newick,19,43,51,756,49,49,252,467,11918
trees_50.newick,19,44,51,793,49,49,252,479,9853
trees_50.newick,19,45,51,757,49,49,251,527,10449
trees_50.newick,19,46,51,721,49,49,244,446,10874
trees_50.newick,19,47,51,727,49,49,248,475,13920
trees_50.newick,19,48,51,772,49,49,258,476,12503
trees_50.newick,19,49,51,713,49,49,242,456,9802
trees_50.newick,20,21,51,717,49,49,250,455,9688
trees_50.newick,20,22,51,794,49,49,259,475,10437
trees_50.newick,20,23,51,688,49,49,316,462,17713
trees_50.newick,20,24,51,738,49,49,258,452,10787
trees_50.newick,20,25,51,698,49,49,246,460,10313
trees_50.newick,20,26,51,681,49,49,244,456,11702
trees_50.newick,20,27,51,716,49,49,248,458,10898
trees_50.newick,20,28,51,717,49,49,261,468,13783
trees_50.newick,20,29,51,729,49,49,252,465,11299
trees_50.newick,20,30,51,754,49,49,253,461,10111
trees_50.newick,20,31,51,772,49,49,254,471,10509
trees_50.newick,20,32,51,770,49,49,253,457,10260
trees_50.newick,20,33,51,723,49,49,251,466,10507
trees_50.newick,20,34,51,723,49,49,261,460,11848
trees_50.newick,20,35,51,714,49,49,248,465,12566
trees_50.newick,20,36,51,732,49,49,260,679,9864
trees_50.newick,20,37,51,700,49,49,248,493,10114
trees_50.newick,20,38,51,700,49,49,241,452,16440
trees_50.newick,20,39,51,723,49,49,256,468,13022
trees_50.newick,20,40,51,680,49,49,242,450,10410
trees_50.newick,20,41,51,811,49,49,260,481,12377
trees_50.newick,20,42,51,740,49,49,252,488,9775
trees_50.newick,20,43,51,733,49,49,246,467,12176
trees_50.newick,20,44,51,694,49,49,247,471,20822
trees_50.newick,20,45,51,701,49,49,246,479,10868
trees_50.newick,20,46,51,711,49,49,242,445,10283
trees_50.newick,20,47,51,668,49,49,243,461,10828
trees_50.newick,20,48,51,727,49,49,246,490,10648
trees_50.newick,20,49,51,682,49,49,246,450,18994
trees_50.newick,21,22,51,753,49,49,252,465,11756
trees_50.newick,21,23,51,725,49,49,247,458,10350
trees_50.newick,21,24,51,742,49,49,250,454,10437
trees_50.newick,21,25,51,749,49,49,248,461,12938
trees_50.newick,21,26,51,645,49,49,242,457,15632
trees_50.newick,21,27,51,707,49,49,244,454,11303
trees_50.newick,21,28,51,670,49,49,243,468,12005
trees_50.newick,21,29,51,703,49,49,247,468,10112
trees_50.newick,21,30,51,717,49,49,244,465,13128
trees_50.newick,21,31,51,736,49,49,244,458,13808
trees_50.newick,21,32,51,663,49,49,242,447,11351
trees_50.newick,21,33,51,630,49,49,237,446,13290
trees_50.newick,21,34,51,690,49,49,248,461,10583
trees_50.newick,21,35,51,623,49,49,324,456,14062
trees_50.newick,21,36,51,701,49,49,523,852,11979
trees_50.newick,21,37,51,726,49,49,512,514,12739
trees_50.newick,21,38,51,669,49,49,496,443,10760
trees_50.newick,21,39,51,689,49,49,508,464,10404
trees_50.newick,21,40,51,740,49,49,504,463,9941
trees_50.newick,21,41,51,742,49,49,525,476,12644
trees_50.newick,21,42,51,711,49,49,506,483,15250
trees_50.newick,21,43,51,670,49,49,496,450,15485
trees_50.newick,21,44,51,747,49,49,509,476,12027
trees_50.newick,21,45,51,725,49,49,504,479,9962
trees_50.newick,21,46,51,741,49,49,507,453,10819
trees_50.newick,21,47,51,715,49,49,505,468,17133
trees_50.newick,21,48,51,721,49,49,509,509,13444
trees_50.newick,21,49,51,705,49,49,499,453,9878
trees_50.newick,22,23,51,794,49,49,521,476,10156
trees_50.newick,22,24,51,786,49,49,527,457,11104
trees_50.newick,22,25,51,710,49,49,505,469,15316
trees_50.newick,22,26,51,678,49,49,507,454,11165
trees_50.newick,22,27,51,773,49,49,517,464,10138
trees_50.newick,22,28,51,701,49,49,508,457,10248
trees_50.newick,22,29,51,747,49,49,508,466,16820
trees_50.newick,22,30,51,740,49,49,502,468,11461
trees_50.newick,22,31,51,727,49,49,513,466,11955
trees_50.newick,22,32,51,716,49,49,507,468,13810
trees_50.newick,22,33,51,753,49,49,526,479,10787
trees_50.newick,22,34,51,678,49,49,499,456,9591
trees_50.newick,22,35,51,681,49,49,494,462,14889
trees_50.newick,22,36,51,728,49,49,265,470,15070
trees_50.newick,22,37,51,741,49,49,261,468,11803
trees_50.newick,22,38,51,621,49,49,237,447,16390
trees_50.newick,22,39,51,709,49,49,253,469,11816
trees_50.newick,22,40,51,716,49,49,245,458,10553
trees_50.newick,22,41,51,771,49,49,256,507,16694
trees_50.newick,22,42,51,751,49,49,256,481,11373
trees_50.newick,22,43,51,681,49,49,239,460,12092
trees_50.newick,22,44,51,709,49,49,244,473,11349
trees_50.newick,22,45,51,714,49,49,246,475,12882
trees_50.newick,22,46,51,727,49,49,240,453,17602
trees_50.newick,22,47,51,745,49,49,253,485,11301
trees_50.newick,22,48,51,737,49,49,244,460,10495
trees_50.newick,22,49,51,702,49,49,239,457,14360
trees_50.newick,23,24,51,750,49,49,250,457,12966
trees_50.newick,23,25,51,697,49,49,242,455,10867
trees_50.newick,23,26,51,697,49,49,249,688,13946
trees_50.newick,23,27,51,662,49,49,240,443,10298
trees_50.newick,23,28,51,779,49,49,256,462,9938
trees_50.newick,23,29,51,710,49,49,245,466,12909
trees_50.newick,23,30,51,767,49,49,252,460,12064
trees_50.newick,23,31,51,685,49,49,253,462,15284
trees_50.newick,23,32,51,749,49,49,367,452,12221
trees_50.newick,23,33,51,639,49,49,414,446,12404
trees_50.newick,23,34,51,719,49,49,445,461,11073
trees_50.newick,23,35,51,734,49,49,432,464,11222
trees_50.newick,23,36,51,684,49,49,436,462,11547
trees_50.newick,23,37,51,708,49,49,435,470,10436
trees_50.newick,23,38,51,769,49,49,465,462,9699
trees_50.newick,23,39,51,674,49,49,460,466,9994
trees_50.newick,23,40,51,695,49,49,457,462,10918
trees_50.newick,23,41,51,770,49,49,485,480,16951
trees_50.newick,23,42,51,734,49,49,466,482,10613
trees_50.newick,23,43,51,689,49,49,429,455,11121
trees_50.newick,23,44,51,667,49,49,413,471,10192
trees_50.newick,23,45,51,700,49,49,441,498,12405
trees_50.newick,23,46,51,681,49,49,434,451,15562
trees_50.newick,23,47,51,706,49,49,458,471,12766
trees_50.newick,23,48,51,753,49,49,469,459,10100
trees_50.newick,23,49,51,755,49,49,472,450,9752
trees_50.newick,24,25,51,728,49,49,336,467,10613
trees_50.newick,24,26,51,717,49,49,251,470,10786
trees_50.newick,24,27,51,714,49,49,248,458,14759
trees_50.newick,24,28,51,714,49,49,251,468,13453
trees_50.newick,24,29,51,796,49,49,252,479,14576
trees_50.newick,24,30,51,758,49,49,253,471,10828
trees_50.newick,24,31,51,736,49,49,247,472,14044
trees_50.newick,24,32,51,774,49,49,484,879,17905
trees_50.newick,24,33,51,685,49,49,469,840,11914
trees_50.newick,24,34,51,759,49,49,482,472,15822
trees_50.newick,24,35,51,683,49,49,244,462,10897
trees_50.newick,24,36,51,759,49,49,255,467,14538
trees_50.newick,24,37,51,708,49,49,247,460,10828
trees_50.newick,24,38,51,729,49,49,243,463,9935
trees_50.newick,24,39,51,742,49,49,246,473,10004
trees_50.newick,24,40,51,727,49,49,246,467,12558
trees_50.newick,24,41,51,732,49,49,258,474,16262
trees_50.newick,24,42,51,714,49,49,249,495,13415
trees_50.newick,24,43,51,768,49,49,251,464,10662
trees_50.newick,24,44,51,752,49,49,246,495,12696
trees_50.newick,24,45,51,732,49,49,248,476,10690
trees_50.newick,24,46,51,768,49,49,252,465,13146
trees_50.newick,24,47,51,706,49,49,245,467,16799
trees_50.newick,24,48,51,785,49,49,252,455,9968
trees_50.newick,24,49,51,736,49,49,246,457,12927
trees_50.newick,25,26,51,739,49,49,253,773,13010
trees_50.newick,25,27,51,756,49,49,260,466,15032
trees_50.newick,25,28,51,746,49,49,253,485,10361
trees_50.newick,25,29,51,781,49,49,255,477,9943
trees_50.newick,25,30,51,773,49,49,254,477,10602
trees_50.newick,25,31,51,750,49,49,248,478,11707
trees_50.newick,25,32,51,792,49,49,261,465,16387
trees_50.newick,25,33,51,741,49,49,248,489,10883
trees_50.newick,25,34,51,669,49,49,242,452,9831
trees_50.newick,25,35,51,681,49,49,241,467,10760
trees_50.newick,25,36,51,799,49,49,264,479,11072
trees_50.newick,25,37,51,718,49,49,256,459,21267
trees_50.newick,25,38,51,750,49,49,246,469,11544
trees_50.newick,25,39,51,743,49,49,250,521,10405
trees_50.newick,25,40,51,779,49,49,252,469,10329
trees_50.newick,25,41,51,768,49,49,254,472,13699
trees_50.newick,25,42,51,710,49,49,255,479,21449
trees_50.newick,25,43,51,695,49,49,241,465,10856
trees_50.newick,25,44,51,684,49,49,239,464,11532
trees_50.newick,25,45,51,718,49,49,502,490,10871
trees_50.newick,25,46,51,805,49,49,524,464,12797
trees_50.newick,25,47,51,753,49,49,511,474,16088
trees_50.newick,25,48,51,703,49,49,244,458,13323
trees_50.newick,25,49,51,737,49,49,244,459,15030
trees_50.newick,26,27,51,732,49,49,249,449,9944
trees_50.newick,26,28,51,683,49,49,247,468,11712
trees_50.newick,26,29,51,758,49,49,246,470,11256
trees_50.newick,26,30,51,759,49,49,251,466,11538
trees_50.newick,26,31,51,687,49,49,245,455,9871
trees_50.newick,26,32,51,772,49,49,253,459,10115
trees_50.newick,26,33,51,690,49,49,243,465,10510
trees_50.newick,26,34,51,682,49,49,240,453,11623
trees_50.newick,26,35,51,691,49,49,243,458,12068
trees_50.newick,26,36,51,698,49,49,251,503,11065
trees_50.newick,26,37,51,734,49,49,250,499,10157
trees_50.newick,26,38,51,756,49,49,244,573,10404
trees_50.newick,26,39,51,707,49,49,245,466,13644
trees_50.newick,26,40,51,738,49,49,251,459,18399
trees_50.newick,26,41,51,754,49,49,257,490,10909
trees_50.newick,26,42,51,684,49,49,244,471,12810
trees_50.newick,26,43,51,602,49,49,231,451,13888
trees_50.newick,26,44,51,727,49,49,243,470,10545
trees_50.newick,26,45,51,666,49,49,242,465,15198
trees_50.newick,26,46,51,740,49,49,245,471,11023
trees_50.newick,26,47,51,734,49,49,245,475,11811
trees_50.newick,26,48,51,739,49,49,246,458,9983
trees_50.newick,26,49,51,739,49,49,243,464,10738
trees_50.newick,27,28,51,698,49,49,253,461,15745
trees_50.newick,27,29,51,718,49,49,243,481,11202
trees_50.newick,27,30,51,742,49,49,248,477,9916
trees_50.newick,27,31,51,717,49,49,245,473,10171
trees_50.newick,27,32,51,751,49,49,262,471,10410
trees_50.newick,27,33,51,753,49,49,248,492,13756
trees_50.newick,27,34,51,698,49,49,242,473,12267
trees_50.newick,27,35,51,678,49,49,237,467,12350
trees_50.newick,27,36,51,744,49,49,253,557,10068
trees_50.newick,27,37,51,715,49,49,279,483,10503
trees_50.newick,27,38,51,637,49,49,236,458,26166
trees_50.newick,27,39,51,738,49,49,248,472,11892
trees_50.newick,27,40,51,668,49,49,239,460,10528
trees_50.newick,27,41,51,741,49,49,250,479,10009
trees_50.newick,27,42,51,702,49,49,247,491,10326
trees_50.newick,27,43,51,768,49,49,248,481,10814
trees_50.newick,27,44,51,739,49,49,247,530,15512
trees_50.newick,27,45,51,750,49,49,248,512,10757
trees_50.newick,27,46,51,740,49,49,243,471,10006
trees_50.newick,27,47,51,696,49,49,242,486,9870
trees_50.newick,27,48,51,798,49,49,253,463,10712
trees_50.newick,27,49,51,719,49,49,245,469,15924
trees_50.newick,28,29,51,651,49,49,243,503,10576
trees_50.newick,28,30,51,727,49,49,246,468,10283
trees_50.newick,28,31,51,758,49,49,248,483,10371
trees_50.newick,28,32,51,799,49,49,256,460,11195
trees_50.newick,28,33,51,748,49,49,252,469,15679
trees_50.newick,28,34,51,672,49,49,246,568,16541
trees_50.newick,28,35,51,695,49,49,240,587,10001
trees_50.newick,28,36,51,675,49,49,244,508,10026
trees_50.newick,28,37,51,663,49,49,242,502,11178
trees_50.newick,28,38,51,680,49,49,241,474,15927
trees_50.newick,28,39,51,727,49,49,253,478,11883
trees_50.newick,28,40,51,716,49,49,243,461,11163
trees_50.newick,28,41,51,714,49,49,247,492,14890
trees_50.newick,28,42,51,754,49,49,251,508,13280
trees_50.newick,28,43,51,663,49,49,243,465,12345
trees_50.newick,28,44,51,696,49,49,245,483,12520
trees_50.newick,28,45,51,739,49,49,249,487,17946
trees_50.newick,28,46,51,775,49,49,246,462,11585
trees_50.newick,28,47,51,725,49,49,245,478,10795
trees_50.newick,28,48,51,726,49,49,241,456,16902
trees_50.newick,28,49,51,707,49,49,241,447,10908
trees_50.newick,29,30,51,780,49,49,252,477,9765
trees_50.newick,29,31,51,750,49,49,243,483,10056
trees_50.newick,29,32,51,799,49,49,255,478,11553
trees_50.newick,29,33,51,758,49,49,245,553,17725
trees_50.newick,29,34,51,743,49,49,245,498,11166
trees_50.newick,29,35,51,693,49,49,237,513,12022
trees_50.newick,29,36,51,754,49,49,275,512,10427
trees_50.newick,29,37,51,737,49,49,247,495,10955
trees_50.newick,29,38,51,690,49,49,235,458,16487
trees_50.newick,29,39,51,750,49,49,245,472,13380
trees_50.newick,29,40,51,724,49,49,244,472,11567
trees_50.newick,29,41,51,820,49,49,258,490,10510
trees_50.newick,29,42,51,754,49,49,248,503,12539
trees_50.newick,29,43,51,741,49,49,242,483,16185
trees_50.newick,29,44,51,668,49,49,236,472,13101
trees_50.newick,29,45,51,752,49,49,248,489,10420
trees_50.newick,29,46,51,639,49,49,230,444,9950
trees_50.newick,29,47,51,748,49,49,246,471,10073
trees_50.newick,29,48,51,754,49,49,245,459,11492
trees_50.newick,29,49,51,751,49,49,248,457,12285
trees_50.newick,30,31,51,731,49,49,253,468,10657
trees_50.newick,30,32,51,771,49,49,254,467,10165
trees_50.newick,30,33,51,725,49,49,245,502,12292
trees_50.newick,30,34,51,697,49,49,244,458,10657
trees_50.newick,30,35,51,741,49,49,251,476,12555
trees_50.newick,30,36,51,718,49,49,256,487,10551
trees_50.newick,30,37,51,697,49,49,247,469,11620
trees_50.newick,30,38,51,718,49,49,241,1037,10080
trees_50.newick,30,39,51,744,49,49,247,533,10664
trees_50.newick,30,40,51,763,49,49,255,453,15402
trees_50.newick,30,41,51,787,49,49,263,483,12836
trees_50.newick,30,42,51,707,49,49,249,484,10492
trees_50.newick,30,43,51,730,49,49,246,474,10037
trees_50.newick,30,44,51,782,49,49,249,488,13306
trees_50.newick,30,45,51,703,49,49,246,478,15748
trees_50.newick,30,46,51,689,49,49,243,454,12406
trees_50.newick,30,47,51,752,49,49,248,467,9840
trees_50.newick,30,48,51,732,49,49,247,457,10009
trees_50.newick,30,49,51,665,49,49,236,447,10210
trees_50.newick,31,32,51,722,49,49,255,449,12001
trees_50.newick,31,33,51,655,49,49,244,465,13476
trees_50.newick,31,34,51,743,49,49,249,498,10259
trees_50.newick,31,35,51,718,49,49,243,457,9708
trees_50.newick,31,36,51,759,49,49,256,475,11985
trees_50.newick,31,37,51,736,49,49,253,459,13900
trees_50.newick,31,38,51,722,49,49,246,451,14778
trees_50.newick,31,39,51,770,49,49,272,464,11371
trees_50.newick,31,40,51,721,49,49,248,456,11353
trees_50.newick,31,41,51,779,49,49,256,489,14046
trees_50.newick,31,42,51,775,49,49,257,484,10899
trees_50.newick,31,43,51,701,49,49,252,459,16431
trees_50.newick,31,44,51,728,49,49,245,468,12736
trees_50.newick,31,45,51,772,49,49,249,487,10614
trees_50.newick,31,46,51,663,49,49,235,452,11321
trees_50.newick,31,47,51,738,49,49,248,470,11369
trees_50.newick,31,48,51,778,49,49,252,460,16660
trees_50.newick,31,49,51,698,49,49,241,451,12291
trees_50.newick,32,33,51,750,49,49,254,472,10392
trees_50.newick,32,34,51,760,49,49,253,459,12336
trees_50.newick,32,35,51,731,49,49,247,469,13278
trees_50.newick,32,36,51,721,49,49,256,464,15173
trees_50.newick,32,37,51,730,49,49,254,466,11017
trees_50.newick,32,38,51,688,49,49,242,462,11318
trees_50.newick,32,39,51,761,49,49,252,469,12493
trees_50.newick,32,40,51,730,49,49,249,454,11085
trees_50.newick,32,41,51,750,49,49,256,478,17405
trees_50.newick,32,42,51,769,49,49,256,485,11157
trees_50.newick,32,43,51,803,49,49,256,506,10374
trees_50.newick,32,44,51,774,49,49,253,475,11167
trees_50.newick,32,45,51,781,49,49,257,501,10619
trees_50.newick,32,46,51,761,49,49,248,469,16100
trees_50.newick,32,47,51,765,49,49,253,469,10554
trees_50.newick,32,48,51,759,49,49,251,466,10144
trees_50.newick,32,49,51,755,49,49,249,460,9952
trees_50.newick,33,34,51,716,49,49,250,459,10324
trees_50.newick,33,35,51,743,49,49,245,464,11289
trees_50.newick,33,36,51,731,49,49,252,452,11794
trees_50.newick,33,37,51,673,49,49,245,457,11713
trees_50.newick,33,38,51,697,49,49,239,459,11948
trees_50.newick,33,39,51,688,49,49,242,457,9894
trees_50.newick,33,40,51,722,49,49,246,467,10731
trees_50.newick,33,41,51,770,49,49,255,487,11992
trees_50.newick,33,42,51,655,49,49,241,469,11717
trees_50.newick,33,43,51,680,49,49,241,460,11214
trees_50.newick,33,44,51,685,49,49,237,463,11124
trees_50.newick,33,45,51,732,49,49,253,477,10698
trees_50.newick,33,46,51,696,49,49,323,454,19255
trees_50.newick,33,47,51,685,49,49,333,480,10879
trees_50.newick,33,48,51,752,49,49,340,469,9920
trees_50.newick,33,49,51,764,49,49,336,462,11203
trees_50.newick,34,35,51,633,49,49,237,451,11475
trees_50.newick,34,36,51,712,49,49,252,468,10714
trees_50.newick,34,37,51,713,49,49,248,465,11460
trees_50.newick,34,38,51,657,49,49,235,442,10289
trees_50.newick,34,39,51,703,49,49,243,466,9870
trees_50.newick,34,40,51,684,49,49,241,468,10223
trees_50.newick,34,41,51,729,49,49,250,479,11541
trees_50.newick,34,42,51,752,49,49,250,492,15195
trees_50.newick,34,43,51,732,49,49,248,462,10726
trees_50.newick,34,44,51,714,49,49,246,474,9927
trees_50.newick,34,45,51,727,49,49,247,482,10038
trees_50.newick,34,46,51,759,49,49,245,457,11784
trees_50.newick,34,47,51,662,49,49,239,456,15582
trees_50.newick,34,48,51,727,49,49,247,461,11329
trees_50.newick,34,49,51,636,49,49,236,449,11375
trees_50.newick,35,36,51,696,49,49,253,459,10018
trees_50.newick,35,37,51,737,49,49,248,485,12892
trees_50.newick,35,38,51,713,49,49,236,527,17562
trees_50.newick,35,39,51,695,49,49,240,488,11040
trees_50.newick,35,40,51,696,49,49,242,461,10139
trees_50.newick,35,41,51,633,49,49,245,468,10728
trees_50.newick,35,42,51,716,49,49,253,474,11820
trees_50.newick,35,43,51,697,49,49,237,464,19380
trees_50.newick,35,44,51,729,49,49,239,485,14227
trees_50.newick,35,45,51,731,49,49,249,488,10878
trees_50.newick,35,46,51,708,49,49,242,453,12076
trees_50.newick,35,47,51,705,49,49,240,465,13438
trees_50.newick,35,48,51,657,49,49,233,446,18671
trees_50.newick,35,49,51,714,49,49,238,459,12723
trees_50.newick,36,37,51,741,49,49,256,465,9883
trees_50.newick,36,38,51,729,49,49,247,456,10615
trees_50.newick,36,39,51,740,49,49,248,471,11578
trees_50.newick,36,40,51,717,49,49,247,459,14881
trees_50.newick,36,41,51,752,49,49,255,472,11410
trees_50.newick,36,42,51,733,49,49,252,483,9985
trees_50.newick,36,43,51,730,49,49,286,461,10016
trees_50.newick,36,44,51,718,49,49,246,472,11138
trees_50.newick,36,45,51,693,49,49,246,481,11377
trees_50.newick,36,46,51,741,49,49,245,453,15304
trees_50.newick,36,47,51,733,49,49,251,464,10718
trees_50.newick,36,48,51,734,49,49,248,459,10215
trees_50.newick,36,49,51,718,49,49,244,461,10635
trees_50.newick,37,38,51,735,49,49,244,453,12845
trees_50.newick,37,39,51,646,49,49,237,452,12259
trees_50.newick,37,40,51,731,49,49,244,460,10367
trees_50.newick,37,41,51,770,49,49,261,487,11176
trees_50.newick,37,42,51,730,49,49,251,468,11166
trees_50.newick,37,43,51,699,49,49,243,454,10659
trees_50.newick,37,44,51,712,49,49,240,465,15838
trees_50.newick,37,45,51,726,49,49,247,483,13136
trees_50.newick,37,46,51,733,49,49,247,453,9732
trees_50.newick,37,47,51,717,49,49,250,467,9924
trees_50.newick,37,48,51,757,49,49,246,464,10605
trees_50.newick,37,49,51,700,49,49,243,459,18806
trees_50.newick,38,39,51,676,49,49,241,461,12431
trees_50.newick,38,40,51,710,49,49,244,464,10224
trees_50.newick,38,41,51,730,49,49,252,494,10205
trees_50.newick,38,42,51,730,49,49,247,489,10245
trees_50.newick,38,43,51,682,49,49,237,464,14539
trees_50.newick,38,44,51,778,49,49,247,481,13432
trees_50.newick,38,45,51,713,49,49,246,486,10178
trees_50.newick,38,46,51,706,49,49,244,454,10074
trees_50.newick,38,47,51,674,49,49,237,466,15376
trees_50.newick,38,48,51,712,49,49,239,460,10672
trees_50.newick,38,49,51,723,49,49,241,464,19526
trees_50.newick,39,40,51,668,49,49,240,450,12606
trees_50.newick,39,41,51,772,49,49,253,488,11646
trees_50.newick,39,42,51,774,49,49,252,528,10088
trees_50.newick,39,43,51,754,49,49,246,461,12069
trees_50.newick,39,44,51,653,49,49,234,472,20088
trees_50.newick,39,45,51,714,49,49,245,490,14110
trees_50.newick,39,46,51,765,49,49,242,447,11790
trees_50.newick,39,47,51,692,49,49,242,471,11373
trees_50.newick,39,48,51,742,49,49,244,450,10401
trees_50.newick,39,49,51,703,49,49,240,457,14103
trees_50.newick,40,41,51,731,49,49,247,483,15385
trees_50.newick,40,42,51,785,49,49,417,488,10260
trees_50.newick,40,43,51,694,49,49,244,463,10289
trees_50.newick,40,44,51,710,49,49,243,497,11790
trees_50.newick,40,45,51,756,49,49,251,523,10471
trees_50.newick,40,46,51,681,49,49,235,445,18770
trees_50.newick,40,47,51,698,49,49,244,462,10593
trees_50.newick,40,48,51,722,49,49,243,458,10325
trees_50.newick,40,49,51,719,49,49,242,448,10873
trees_50.newick,41,42,51,740,49,49,251,475,10568
trees_50.newick,41,43,51,768,49,49,250,471,13131
trees_50.newick,41,44,51,788,49,49,249,482,10784
trees_50.newick,41,45,51,752,49,49,250,502,10680
trees_50.newick,41,46,51,766,49,49,246,460,10157
trees_50.newick,41,47,51,683,49,49,243,462,10583
trees_50.newick,41,48,51,768,49,49,250,472,16494
trees_50.newick,41,49,51,704,49,49,243,445,11858
trees_50.newick,42,43,51,717,49,49,245,475,12377
trees_50.newick,42,44,51,745,49,49,245,473,10401
trees_50.newick,42,45,51,755,49,49,251,475,11513
trees_50.newick,42,46,51,725,49,49,242,466,13023
trees_50.newick,42,47,51,711,49,49,249,460,13082
trees_50.newick,42,48,51,704,49,49,245,460,10115
trees_50.newick,42,49,51,717,49,49,243,455,11662
trees_50.newick,43,44,51,678,49,49,235,468,15706
trees_50.newick,43,45,51,733,49,49,245,481,16293
trees_50.newick,43,46,51,714,49,49,238,447,12617
trees_50.newick,43,47,51,747,49,49,249,475,9885
trees_50.newick,43,48,51,742,49,49,241,470,13561
trees_50.newick,43,49,51,702,49,49,237,457,10668
trees_50.newick,44,45,51,715,49,49,242,484,10704
trees_50.newick,44,46,51,707,49,49,242,516,13828
trees_50.newick,44,47,51,749,49,49,252,468,11418
trees_50.newick,44,48,51,799,49,49,250,673,10892
trees_50.newick,44,49,51,744,49,49,243,502,13566
trees_50.newick,45,46,51,719,49,49,246,470,14296
trees_50.newick,45,47,51,703,49,49,250,469,17169
trees_50.newick,45,48,51,758,49,49,256,457,10805
trees_50.newick,45,49,51,697,49,49,242,442,10467
trees_50.newick,46,47,51,738,49,49,243,469,11067
trees_50.newick,46,48,51,748,49,49,277,457,15282
trees_50.newick,46,49,51,770,49,49,248,458,11812
trees_50.newick,47,48,51,772,49,49,253,459,10280
trees_50.newick,47,49,51,694,49,49,239,460,13935
trees_50.newick,48,49,51,793,49,49,247,458,10960
